timestamp_s,x_m,y_m,z_m,qx,qy,qz,qw,vx_mps,vy_mps,vz_mps,wx_radps,wy_radps,wz_radps,cmd_v_mps,cmd_w_radps
0.02000000,-10.22047520,10.79600906,0.16208647,0.04027895,-0.00096590,-0.34874013,0.93635303,0.01210814,-0.01045065,-0.00042056,-0.00248749,-0.00621876,0.08291639,0.01600000,0.08318647
0.04000000,-10.22005081,10.79564381,0.16207181,0.04027816,-0.00099829,-0.34798691,0.93663323,0.02424986,-0.02086248,-0.00083720,-0.00238634,-0.00596588,0.07954459,0.03200000,0.07980368
0.06000000,-10.21938324,10.79507065,0.16204888,0.04027737,-0.00102939,-0.34726372,0.93690157,0.03642306,-0.03123776,-0.00125015,-0.00229100,-0.00572754,0.07636674,0.04800000,0.07661549
0.08000000,-10.21847248,10.79429150,0.16201772,0.04027660,-0.00105926,-0.34656882,0.93715888,0.04862578,-0.04157859,-0.00165964,-0.00220112,-0.00550282,0.07337053,0.06400000,0.07360952
0.10000000,-10.21731663,10.79330444,0.16197842,0.04027583,-0.00108797,-0.34590062,0.93740571,0.06085625,-0.05188689,-0.00206585,-0.00211634,-0.00529088,0.07054462,0.08000000,0.07077440
0.12000000,-10.21591568,10.79211330,0.16193107,0.04027508,-0.00111559,-0.34525767,0.93764269,0.07311281,-0.06216447,-0.00246898,-0.00203636,-0.00509092,0.06787858,0.09600000,0.06809968
0.14000000,-10.21426868,10.79071617,0.16187568,0.04027433,-0.00114219,-0.34463850,0.93787044,0.08539395,-0.07241299,-0.00286919,-0.00196089,-0.00490224,0.06536283,0.11200000,0.06557573
0.16000000,-10.21237659,10.78911400,0.16181234,0.04027360,-0.00116781,-0.34404179,0.93808949,0.09769827,-0.08263399,-0.00326664,-0.00188966,-0.00472417,0.06298853,0.12800001,0.06319370
0.18000000,-10.21023750,10.78730869,0.16174106,0.04027287,-0.00119251,-0.34346631,0.93830037,0.11002448,-0.09282891,-0.00366147,-0.00182243,-0.00455609,0.06074758,0.14399999,0.06094545
0.20000000,-10.20785236,10.78529930,0.16166195,0.04027216,-0.00121635,-0.34291086,0.93850350,0.12237141,-0.10299905,-0.00405383,-0.00175898,-0.00439746,0.05863250,0.16000000,0.05882348
0.22000000,-10.20521927,10.78308773,0.16157502,0.04027146,-0.00123937,-0.34237432,0.93869936,0.13473795,-0.11314563,-0.00444383,-0.00169909,-0.00424776,0.05663641,0.17600000,0.05682089
0.24000000,-10.20233822,10.78067207,0.16148032,0.04027077,-0.00126162,-0.34185562,0.93888837,0.14712313,-0.12326979,-0.00483159,-0.00164259,-0.00410650,0.05475301,0.19200000,0.05493135
0.26000000,-10.19921017,10.77805519,0.16137001,0.03857360,0.00340160,-0.34128666,0.93916130,0.15954094,-0.13328308,-0.00680547,-0.00105979,-0.00397425,0.05298967,0.20800000,0.05314907
0.28000000,-10.19583321,10.77523899,0.16122629,0.03857535,0.00338163,-0.34080032,0.93933791,0.17196198,-0.14335829,-0.00731270,-0.00102619,-0.00384826,0.05130978,0.22400001,0.05146412
0.30000000,-10.19220734,10.77222061,0.16107245,0.03857705,0.00336227,-0.34032902,0.93950874,0.18439913,-0.15341395,-0.00781813,-0.00099443,-0.00372915,0.04972168,0.23999999,0.04987124
0.32000000,-10.18833256,10.76900196,0.16090854,0.03857868,0.00334351,-0.33987197,0.93967420,0.19685164,-0.16345084,-0.00832185,-0.00096451,-0.00361693,0.04822540,0.25600001,0.04837046
0.34000000,-10.18420792,10.76558208,0.16073456,0.03858025,0.00332529,-0.33942828,0.93983454,0.20931891,-0.17346969,-0.00882393,-0.00093634,-0.00351129,0.04681693,0.27200001,0.04695776
0.36000000,-10.17983437,10.76196289,0.16055058,0.03858177,0.00330760,-0.33899716,0.93999010,0.22180031,-0.18347119,-0.00932442,-0.00090985,-0.00341197,0.04549267,0.28799999,0.04562951
0.38000000,-10.17521095,10.75814342,0.16035660,0.03858325,0.00329039,-0.33857787,0.94014126,0.23429535,-0.19345590,-0.00982337,-0.00088499,-0.00331872,0.04424940,0.30399999,0.04438251
0.40000000,-10.17033768,10.75412560,0.16015267,0.03858467,0.00327364,-0.33816966,0.94028813,0.24680357,-0.20342439,-0.01032085,-0.00086169,-0.00323134,0.04308431,0.31999999,0.04321391
0.42000000,-10.16521358,10.74990749,0.15993881,0.03858605,0.00325731,-0.33777183,0.94043112,0.25932452,-0.21337710,-0.01081689,-0.00083990,-0.00314964,0.04199497,0.33600000,0.04212129
0.44000000,-10.15983963,10.74549103,0.15971506,0.03858740,0.00324139,-0.33738366,0.94057047,0.27185789,-0.22331445,-0.01131153,-0.00081959,-0.00307347,0.04097934,0.35200000,0.04110261
0.46000000,-10.15421391,10.74087524,0.15948142,0.03858870,0.00322583,-0.33700451,0.94070637,0.28440332,-0.23323677,-0.01180480,-0.00080072,-0.00300270,0.04003580,0.36800000,0.04015623
0.48000000,-10.14833832,10.73606205,0.15923788,0.03858960,0.00321500,-0.33674046,0.94080091,0.29690537,-0.24321152,-0.01230287,-0.00032969,-0.00123635,0.01648463,0.38400000,0.01653422
0.50000000,-10.14221382,10.73104668,0.15898427,0.03859012,0.00320877,-0.33658856,0.94085526,0.30935827,-0.25324583,-0.01280639,-0.00032022,-0.00120085,0.01601126,0.40000001,0.01605942
0.52000000,-10.13583946,10.72583103,0.15872060,0.03859062,0.00320272,-0.33644095,0.94090807,0.32181528,-0.26327509,-0.01330945,-0.00031123,-0.00116713,0.01556163,0.41600001,0.01560844
0.54000000,-10.12921619,10.72041512,0.15844686,0.03859111,0.00319683,-0.33629742,0.94095939,0.33427626,-0.27329949,-0.01381206,-0.00030270,-0.00113512,0.01513484,0.43200001,0.01518036
0.56000000,-10.12234402,10.71479893,0.15816309,0.03859159,0.00319110,-0.33615771,0.94100928,0.34674108,-0.28331915,-0.01431424,-0.00029460,-0.00110476,0.01473010,0.44800001,0.01477440
0.58000000,-10.11522198,10.70898247,0.15786928,0.03859204,0.00318552,-0.33602169,0.94105786,0.35920957,-0.29333422,-0.01481601,-0.00028693,-0.00107601,0.01434670,0.46399999,0.01438985
0.60000000,-10.10785103,10.70296574,0.15756544,0.03859250,0.00318009,-0.33588910,0.94110519,0.37168166,-0.30334488,-0.01531737,-0.00027968,-0.00104881,0.01398403,0.47999999,0.01402609
0.62000000,-10.10023022,10.69674873,0.15725158,0.03859293,0.00317478,-0.33575979,0.94115138,0.38415724,-0.31335124,-0.01581834,-0.00027283,-0.00102312,0.01364158,0.49599999,0.01368261
0.64000000,-10.09235954,10.69033146,0.15692770,0.03859336,0.00316961,-0.33563358,0.94119638,0.39663622,-0.32335335,-0.01631892,-0.00026638,-0.00099893,0.01331894,0.51200002,0.01335901
0.66000000,-10.08423996,10.68371487,0.15659381,0.03859377,0.00316455,-0.33551022,0.94124037,0.40911856,-0.33335134,-0.01681913,-0.00026032,-0.00097619,0.01301584,0.52800000,0.01305499
0.68000000,-10.07586956,10.67689800,0.15624994,0.03859418,0.00315960,-0.33538961,0.94128335,0.42160416,-0.34334528,-0.01731897,-0.00025464,-0.00095491,0.01273210,0.54400003,0.01277040
0.70000000,-10.06725216,10.66987896,0.15589586,0.03859401,0.00316164,-0.33543926,0.94126564,0.43396696,-0.35348928,-0.01783252,0.00010563,0.00039610,-0.00528133,0.56000000,-0.00529722
0.72000000,-10.05838776,10.66265678,0.15553150,0.03859384,0.00316370,-0.33548942,0.94124776,0.44632724,-0.36363634,-0.01834635,0.00010674,0.00040027,-0.00533687,0.57599998,-0.00535292
0.74000000,-10.04927540,10.65523148,0.15515687,0.03859367,0.00316578,-0.33554018,0.94122964,0.45868486,-0.37378666,-0.01886047,0.00010816,0.00040560,-0.00540799,0.59200001,-0.00542426
0.76000000,-10.03991699,10.64760399,0.15477194,0.03859350,0.00316789,-0.33559176,0.94121128,0.47103965,-0.38394043,-0.01937491,0.00010992,0.00041220,-0.00549599,0.60799998,-0.00551252
0.78000000,-10.03031063,10.63977242,0.15437672,0.03859332,0.00317005,-0.33564427,0.94119257,0.48339143,-0.39409786,-0.01988969,0.00011205,0.00042018,-0.00560241,0.62400001,-0.00561926
0.80000000,-10.02045727,10.63173866,0.15397120,0.03859314,0.00317225,-0.33569795,0.94117343,0.49573994,-0.40425926,-0.02040483,0.00011458,0.00042969,-0.00572915,0.63999999,-0.00574639
0.82000000,-10.01040363,10.62353802,0.15355729,0.03859295,0.00317450,-0.33575296,0.94115376,0.50343585,-0.41063282,-0.02072893,0.00011757,0.00044089,-0.00587851,0.64999741,-0.00589620
0.84000000,-10.00033569,10.61532497,0.15314262,0.03859276,0.00317682,-0.33580953,0.94113362,0.50338632,-0.41069302,-0.02073443,0.00012093,0.00045350,-0.00604668,0.64999729,-0.00606487
0.86000000,-9.99027157,10.60711193,0.15258203,0.03608210,0.01022939,-0.33590978,0.94114721,0.50315708,-0.41048589,-0.02827083,0.00009534,0.00143015,-0.01906852,0.64997303,-0.01912232
0.88000000,-9.98021126,10.59889984,0.15201639,0.03607982,0.01023616,-0.33608949,0.94108307,0.50299996,-0.41067746,-0.02828569,0.00009527,0.00142908,-0.01905441,0.64997309,-0.01910816
0.90000000,-9.97015285,10.59068298,0.15145046,0.03607786,0.01024305,-0.33626923,0.94101888,0.50284266,-0.41086894,-0.02830083,0.00009533,0.00143000,-0.01906679,0.64997303,-0.01912057
0.92000000,-9.96009827,10.58246326,0.15088421,0.03607590,0.01024995,-0.33644924,0.94095451,0.50268495,-0.41106063,-0.02831600,0.00009554,0.00143304,-0.01910726,0.64997292,-0.01916117
0.94000000,-9.95004749,10.57423878,0.15031765,0.03607393,0.01025687,-0.33662987,0.94088989,0.50252658,-0.41125286,-0.02833121,0.00009589,0.00143832,-0.01917773,0.64997274,-0.01923183
0.96000000,-9.93999958,10.56601143,0.14975080,0.03607195,0.01026383,-0.33681133,0.94082493,0.50236732,-0.41144592,-0.02834648,0.00009640,0.00144602,-0.01928039,0.64997244,-0.01933478
0.98000000,-9.92995453,10.55777931,0.14918365,0.03606996,0.01027084,-0.33699402,0.94075954,0.50220680,-0.41164014,-0.02836185,0.00009709,0.00145634,-0.01941788,0.64997208,-0.01947266
1.00000000,-9.91991329,10.54954338,0.14861615,0.03606752,0.01027941,-0.33721757,0.94067943,0.50198758,-0.41185910,-0.02837937,0.00013967,0.00209503,-0.02793377,0.64994216,-0.02801258
1.02000000,-9.90987682,10.54130173,0.14804824,0.03606465,0.01028947,-0.33747992,0.94058532,0.50175762,-0.41213852,-0.02840148,0.00013905,0.00208575,-0.02781009,0.64994270,-0.02788854
1.04000000,-9.89984512,10.53305531,0.14747988,0.03606179,0.01029949,-0.33774135,0.94049150,0.50152814,-0.41241676,-0.02842349,0.00013861,0.00207915,-0.02772209,0.64994305,-0.02780030
1.06000000,-9.88981819,10.52480221,0.14691107,0.03605893,0.01030949,-0.33800218,0.94039780,0.50129896,-0.41269416,-0.02844544,0.00013836,0.00207536,-0.02767156,0.64994323,-0.02774962
1.08000000,-9.87979507,10.51654434,0.14634185,0.03605607,0.01031948,-0.33826280,0.94030410,0.50106961,-0.41297111,-0.02846736,0.00013830,0.00207454,-0.02766062,0.64994329,-0.02773865
1.10000000,-9.86977768,10.50828075,0.14577216,0.03605321,0.01032948,-0.33852357,0.94021022,0.50083983,-0.41324806,-0.02848928,0.00013846,0.00207688,-0.02769179,0.64994317,-0.02776991
1.12000000,-9.85976410,10.50001144,0.14520206,0.03605033,0.01033951,-0.33878493,0.94011605,0.50060922,-0.41352540,-0.02851123,0.00013884,0.00208259,-0.02776804,0.64994287,-0.02784637
1.14000000,-9.84975529,10.49173737,0.14463149,0.03604745,0.01034957,-0.33904734,0.94002146,0.50037736,-0.41380361,-0.02853326,0.00013946,0.00209196,-0.02789290,0.64994234,-0.02797159
1.16000000,-9.83975220,10.48345661,0.14406049,0.03604432,0.01036045,-0.33933103,0.93991911,0.50011182,-0.41409218,-0.02855623,0.00016136,0.00242043,-0.03227250,0.64992279,-0.03236354
1.18000000,-9.82975388,10.47517014,0.14348899,0.03604098,0.01037206,-0.33963382,0.93980974,0.49984485,-0.41441381,-0.02858169,0.00016059,0.00240890,-0.03211883,0.64992356,-0.03220944
1.20000000,-9.81976032,10.46687698,0.14291696,0.03603765,0.01038363,-0.33993545,0.93970066,0.49957854,-0.41473392,-0.02860703,0.00016003,0.00240049,-0.03200663,0.64992410,-0.03209692
1.22000000,-9.80977345,10.45857716,0.14234444,0.03603433,0.01039516,-0.34023628,0.93959183,0.49931252,-0.41505295,-0.02863228,0.00015969,0.00239534,-0.03193800,0.64992440,-0.03202809
1.24000000,-9.79979038,10.45027161,0.14176933,0.03433121,0.01509636,-0.34050554,0.93949425,0.49891853,-0.41515192,-0.03363088,-0.00015958,0.00239365,-0.03191544,0.64992452,-0.03200547
1.26000000,-9.78981686,10.44196415,0.14109637,0.03432637,0.01510735,-0.34080637,0.93938518,0.49865159,-0.41547048,-0.03365343,-0.00015973,0.00239601,-0.03194689,0.64992434,-0.03203701
1.28000000,-9.77984715,10.43365002,0.14042297,0.03432152,0.01511837,-0.34110788,0.93927574,0.49838358,-0.41578943,-0.03367601,-0.00016018,0.00240270,-0.03203605,0.64992392,-0.03212643
1.30000000,-9.76988411,10.42532921,0.13972518,0.03579946,0.01831679,-0.34127688,0.93910223,0.49809414,-0.41574049,-0.03824001,-0.00032169,0.00257348,-0.03216869,0.64992326,-0.03227307
1.32000000,-9.75992584,10.41700935,0.13896002,0.03579339,0.01832865,-0.34158802,0.93898910,0.49781442,-0.41606712,-0.03826334,-0.00032981,0.00263848,-0.03298120,0.64991933,-0.03308821
1.34000000,-9.74997425,10.40868282,0.13819440,0.03578734,0.01834046,-0.34189796,0.93887627,0.49753886,-0.41639525,-0.03828683,-0.00032874,0.00262991,-0.03287403,0.64991987,-0.03298070
1.36000000,-9.74002743,10.40035057,0.13742831,0.03578129,0.01835225,-0.34220722,0.93876362,0.49726355,-0.41672230,-0.03831024,-0.00032811,0.00262486,-0.03281088,0.64992017,-0.03291734
1.38000000,-9.73008537,10.39201355,0.13662204,0.03810873,0.01920923,-0.34238437,0.93859023,0.49706411,-0.41676342,-0.04039571,-0.00032781,0.00278638,-0.03278077,0.64992023,-0.03290062
1.40000000,-9.72014809,10.38367367,0.13581376,0.03810240,0.01922179,-0.34269366,0.93847740,0.49678785,-0.41708979,-0.04042068,-0.00032844,0.00279179,-0.03284444,0.64991993,-0.03296451
1.42000000,-9.71021652,10.37532711,0.13500497,0.03809604,0.01923439,-0.34300387,0.93836403,0.49651030,-0.41741687,-0.04044571,-0.00032962,0.00280178,-0.03296191,0.64991933,-0.03308242
1.44000000,-9.70029068,10.36697388,0.13419567,0.03808965,0.01924704,-0.34331557,0.93825006,0.49623093,-0.41774514,-0.04047082,-0.00033137,0.00281670,-0.03313746,0.64991850,-0.03325861
1.46000000,-9.69037056,10.35861397,0.13338588,0.03808340,0.01925940,-0.34362015,0.93813854,0.49596459,-0.41807163,-0.04049591,-0.00031428,0.00267142,-0.03142832,0.64992666,-0.03154322
1.48000000,-9.68045521,10.35024738,0.13257560,0.03807734,0.01927139,-0.34391549,0.93803030,0.49570036,-0.41838321,-0.04051975,-0.00031341,0.00266400,-0.03134096,0.64992708,-0.03145554
1.50000000,-9.67054462,10.34187508,0.13176486,0.03807128,0.01928336,-0.34421027,0.93792218,0.49543625,-0.41869396,-0.04054352,-0.00031295,0.00266010,-0.03129517,0.64992732,-0.03140958
1.52000000,-9.66063976,10.33349705,0.13098295,0.03659517,0.01610482,-0.34464628,0.93788081,0.49519208,-0.41939518,-0.03602780,-0.00015654,0.00250459,-0.03130721,0.64992732,-0.03140762
1.54000000,-9.65073967,10.32510376,0.13026203,0.03659010,0.01611632,-0.34494099,0.93777245,0.49492732,-0.41970536,-0.03605129,-0.00015668,0.00250686,-0.03133559,0.64992720,-0.03143610
1.56000000,-9.64084530,10.31670570,0.12954065,0.03658503,0.01612784,-0.34523615,0.93766379,0.49466181,-0.42001578,-0.03607479,-0.00015698,0.00251176,-0.03139679,0.64992690,-0.03149749
1.58000000,-9.63095665,10.30830002,0.12881881,0.03657993,0.01613939,-0.34553221,0.93755478,0.49439511,-0.42032686,-0.03609835,-0.00015755,0.00252085,-0.03151037,0.64992636,-0.03161144
1.60000000,-9.62107277,10.29988956,0.12809649,0.03657481,0.01615099,-0.34582970,0.93744504,0.49412665,-0.42063913,-0.03612199,-0.00015840,0.00253446,-0.03168060,0.64992559,-0.03178221
1.62000000,-9.61119270,10.29147243,0.12737371,0.03657030,0.01616121,-0.34609166,0.93734837,0.49390355,-0.42092544,-0.03614378,-0.00013917,0.00222677,-0.02783449,0.64994252,-0.02792377
1.64000000,-9.60131836,10.28304958,0.12665053,0.03656579,0.01617141,-0.34635288,0.93725187,0.49366817,-0.42120007,-0.03616457,-0.00013886,0.00222170,-0.02777105,0.64994282,-0.02786012
1.66000000,-9.59145260,10.27462387,0.12579896,0.03396108,0.02319576,-0.34659860,0.93711156,0.49308747,-0.42118090,-0.04355642,-0.00055480,0.00221922,-0.02774012,0.64994293,-0.02783428
1.68000000,-9.58159447,10.26619625,0.12492757,0.03395462,0.02320523,-0.34685978,0.93701488,0.49285144,-0.42145523,-0.04357364,-0.00055506,0.00222027,-0.02775318,0.64994287,-0.02784739
1.70000000,-9.57174015,10.25776291,0.12405584,0.03394814,0.02321471,-0.34712136,0.93691802,0.49261472,-0.42172977,-0.04359087,-0.00055617,0.00222469,-0.02780848,0.64994264,-0.02790287
1.72000000,-9.56189156,10.24932480,0.12318376,0.03394163,0.02322421,-0.34738374,0.93682075,0.49237692,-0.42200494,-0.04360813,-0.00055818,0.00223273,-0.02790901,0.64994222,-0.02800374
1.74000000,-9.55204773,10.24088001,0.12231134,0.03393508,0.02323374,-0.34764740,0.93672293,0.49213770,-0.42228118,-0.04362541,-0.00056116,0.00224468,-0.02805832,0.64994156,-0.02815356
1.76000000,-9.54220867,10.23243046,0.12143858,0.03392910,0.02324248,-0.34788862,0.93663341,0.49193326,-0.42254636,-0.04364254,-0.00046242,0.00184968,-0.02312084,0.64996034,-0.02319932
1.78000000,-9.53237247,10.22397614,0.12056551,0.03392371,0.02325035,-0.34810588,0.93655264,0.49173629,-0.42277426,-0.04365683,-0.00046172,0.00184690,-0.02308611,0.64996046,-0.02316447
1.80000000,-9.52254105,10.21551704,0.11969216,0.03391832,0.02325822,-0.34832305,0.93647194,0.49153927,-0.42300189,-0.04367110,-0.00046165,0.00184661,-0.02308244,0.64996046,-0.02316079
1.82000000,-9.51271343,10.20705414,0.11881852,0.03391292,0.02326609,-0.34854037,0.93639106,0.49134186,-0.42322958,-0.04368537,-0.00046223,0.00184894,-0.02311160,0.64996034,-0.02319005
1.84000000,-9.50288963,10.19858646,0.11793753,0.03623533,0.02413303,-0.34862429,0.93625087,0.49121219,-0.42315698,-0.04579241,-0.00046332,0.00196912,-0.02316620,0.64996016,-0.02325435
1.86000000,-9.49306774,10.19011974,0.11702145,0.03622969,0.02414150,-0.34884301,0.93616939,0.49101305,-0.42338574,-0.04580787,-0.00046567,0.00197911,-0.02328373,0.64995974,-0.02337233
1.88000000,-9.48325062,10.18164825,0.11610506,0.03622401,0.02415002,-0.34906328,0.93608731,0.49081221,-0.42361593,-0.04582342,-0.00046917,0.00199396,-0.02345841,0.64995915,-0.02354767
1.90000000,-9.47343731,10.17317295,0.11518835,0.03621828,0.02415862,-0.34928548,0.93600440,0.49060938,-0.42384794,-0.04583909,-0.00047356,0.00201262,-0.02367797,0.64995837,-0.02376807
1.92000000,-9.46362782,10.16469288,0.11427137,0.03621390,0.02416518,-0.34945494,0.93594116,0.49046829,-0.42403665,-0.04585230,-0.00036046,0.00153194,-0.01802289,0.64997590,-0.01809147
1.94000000,-9.45382023,10.15620899,0.11335415,0.03620952,0.02417175,-0.34962484,0.93587768,0.49031335,-0.42421424,-0.04586430,-0.00036161,0.00153686,-0.01808078,0.64997572,-0.01814958
1.96000000,-9.44401646,10.14772224,0.11243667,0.03620511,0.02417835,-0.34979549,0.93581396,0.49015760,-0.42439255,-0.04587634,-0.00036330,0.00154404,-0.01816528,0.64997548,-0.01823440
1.98000000,-9.43421555,10.13923168,0.11151897,0.03620067,0.02418499,-0.34996709,0.93574977,0.49000084,-0.42457175,-0.04588844,-0.00036556,0.00155364,-0.01827820,0.64997518,-0.01834775
2.00000000,-9.42441750,10.13073730,0.11060102,0.03619620,0.02419168,-0.35013998,0.93568510,0.48984277,-0.42475218,-0.04590061,-0.00036843,0.00156583,-0.01842165,0.64997482,-0.01849175
2.02000000,-9.41462326,10.12224007,0.10968282,0.03619169,0.02419843,-0.35031444,0.93561977,0.48968315,-0.42493415,-0.04591289,-0.00037196,0.00158083,-0.01859811,0.64997429,-0.01866888
2.04000000,-9.40483189,10.11373806,0.10876438,0.03618713,0.02420525,-0.35049078,0.93555373,0.48952162,-0.42511797,-0.04592528,-0.00037621,0.00159888,-0.01881047,0.64997375,-0.01888205
2.06000000,-9.39504910,10.10523605,0.10777175,0.03354625,0.03120643,-0.35066104,0.93538100,0.48887241,-0.42503300,-0.05323821,-0.00045589,0.00110716,-0.01302543,0.64998740,-0.01308035
2.08000000,-9.38527298,10.09673309,0.10670689,0.03354213,0.03121085,-0.35078424,0.93533480,0.48875958,-0.42516163,-0.05324519,-0.00045871,0.00111400,-0.01310591,0.64998722,-0.01316116
2.10000000,-9.37549973,10.08822823,0.10564187,0.03353799,0.03121530,-0.35090834,0.93528825,0.48864588,-0.42529115,-0.05325222,-0.00046221,0.00112251,-0.01320604,0.64998704,-0.01326171
2.12000000,-9.36572838,10.07972050,0.10457672,0.03353382,0.03121979,-0.35103354,0.93524128,0.48853108,-0.42542174,-0.05325931,-0.00046645,0.00113281,-0.01332723,0.64998680,-0.01338341
2.14000000,-9.35595989,10.07120991,0.10351143,0.03352959,0.03122433,-0.35116002,0.93519378,0.48841506,-0.42555362,-0.05326645,-0.00047149,0.00114504,-0.01347109,0.64998651,-0.01352789
2.16000000,-9.34619331,10.06269741,0.10244599,0.03352532,0.03122891,-0.35128802,0.93514574,0.48829752,-0.42568704,-0.05327368,-0.00047738,0.00115935,-0.01363952,0.64998615,-0.01369702
2.18000000,-9.33642864,10.05418110,0.10138041,0.03352098,0.03123357,-0.35141781,0.93509698,0.48817831,-0.42582226,-0.05328100,-0.00048422,0.00117595,-0.01383471,0.64998579,-0.01389304
2.20000000,-9.32666683,10.04566288,0.10031468,0.03351658,0.03123829,-0.35154960,0.93504745,0.48805714,-0.42595950,-0.05328843,-0.00049207,0.00119503,-0.01405924,0.64998531,-0.01411852
2.22000000,-9.31690788,10.03714180,0.09924880,0.03351305,0.03124208,-0.35165524,0.93500769,0.48796749,-0.42607602,-0.05329520,-0.00028902,0.00070191,-0.00825777,0.64999491,-0.00829259
2.24000000,-9.30714989,10.02861881,0.09818283,0.03351042,0.03124490,-0.35173392,0.93497813,0.48789516,-0.42615801,-0.05329963,-0.00029386,0.00071364,-0.00839585,0.64999479,-0.00843125
2.26000000,-9.29739285,10.02009487,0.09711678,0.03350774,0.03124777,-0.35181403,0.93494797,0.48782152,-0.42624146,-0.05330415,-0.00029920,0.00072664,-0.00854869,0.64999455,-0.00858473
2.28000000,-9.28763771,10.01156807,0.09605062,0.03350502,0.03125070,-0.35189569,0.93491721,0.48774642,-0.42632645,-0.05330874,-0.00030512,0.00074099,-0.00871758,0.64999437,-0.00875433
2.30000000,-9.27788353,10.00304031,0.09498437,0.03350223,0.03125368,-0.35197905,0.93488586,0.48766974,-0.42641324,-0.05331344,-0.00031164,0.00075684,-0.00890402,0.64999413,-0.00894156
2.32000000,-9.26813126,9.99451065,0.09391804,0.03349938,0.03125674,-0.35206428,0.93485373,0.48759124,-0.42650196,-0.05331823,-0.00031884,0.00077432,-0.00910972,0.64999384,-0.00914813
2.34000000,-9.25838089,9.98597908,0.09285160,0.03349646,0.03125986,-0.35215163,0.93482089,0.48751083,-0.42659280,-0.05332314,-0.00032678,0.00079362,-0.00933670,0.64999354,-0.00937606
2.36000000,-9.24863148,9.97744656,0.09178506,0.03349346,0.03126308,-0.35224125,0.93478709,0.48742822,-0.42668602,-0.05332817,-0.00033556,0.00081492,-0.00958728,0.64999318,-0.00962770
2.38000000,-9.23888397,9.96891212,0.09071846,0.03349215,0.03126448,-0.35228035,0.93477237,0.48739645,-0.42673039,-0.05333083,-0.00014695,0.00035688,-0.00419857,0.64999866,-0.00421628
2.40000000,-9.22913456,9.96037292,0.08970389,0.03204926,0.02806960,-0.35244569,0.93486202,0.48749131,-0.42716408,-0.04879777,-0.00013158,0.00035089,-0.00438610,0.64999855,-0.00440208
2.42000000,-9.21938610,9.95182896,0.08872789,0.03204799,0.02807105,-0.35248813,0.93484598,0.48745221,-0.42720824,-0.04880013,-0.00013678,0.00036476,-0.00455948,0.64999849,-0.00457609
2.44000000,-9.20963764,9.94328403,0.08775186,0.03204666,0.02807257,-0.35253230,0.93482935,0.48741153,-0.42725420,-0.04880258,-0.00014232,0.00037952,-0.00474399,0.64999831,-0.00476128
2.46000000,-9.19988918,9.93473816,0.08677411,0.02938987,0.03506079,-0.35262433,0.93464595,0.48675352,-0.42711180,-0.05607276,-0.00022222,0.00039505,-0.00493814,0.64999819,-0.00495890
2.48000000,-9.19015503,9.92619514,0.08565263,0.02938808,0.03506230,-0.35267222,0.93462789,0.48670936,-0.42716166,-0.05607476,-0.00023096,0.00041060,-0.00513251,0.64999807,-0.00515409
2.50000000,-9.18042183,9.91765118,0.08453110,0.02938621,0.03506386,-0.35272190,0.93460912,0.48666355,-0.42721334,-0.05607683,-0.00023964,0.00042602,-0.00532525,0.64999789,-0.00534764
2.52000000,-9.17068863,9.90910625,0.08340954,0.02938515,0.03506475,-0.35275015,0.93459845,0.48663911,-0.42724416,-0.05607820,-0.00002584,0.00004594,-0.00057421,0.64999998,-0.00057663
2.54000000,-9.16095638,9.90056133,0.08228797,0.02938490,0.03506495,-0.35275674,0.93459600,0.48663303,-0.42725104,-0.05607847,-0.00003341,0.00005939,-0.00074244,0.64999998,-0.00074556
2.56000000,-9.15122414,9.89201641,0.08116640,0.02938460,0.03506522,-0.35276496,0.93459290,0.48662546,-0.42725956,-0.05607882,-0.00004119,0.00007323,-0.00091543,0.64999992,-0.00091928
2.58000000,-9.14149094,9.88347054,0.08004481,0.02938423,0.03506552,-0.35277483,0.93458915,0.48661634,-0.42726985,-0.05607923,-0.00004923,0.00008752,-0.00109395,0.64999992,-0.00109855
2.60000000,-9.13175869,9.87492561,0.07892323,0.02938379,0.03506589,-0.35278645,0.93458480,0.48660564,-0.42728192,-0.05607971,-0.00005755,0.00010231,-0.00127886,0.64999986,-0.00128424
2.62000000,-9.12202930,9.86638355,0.07774409,0.03082218,0.03825754,-0.35268414,0.93445188,0.48639524,-0.42690319,-0.06060641,-0.00007351,0.00012497,-0.00147021,0.64999986,-0.00147734
2.64000000,-9.11230183,9.85784531,0.07653195,0.03082155,0.03825805,-0.35269955,0.93444604,0.48638099,-0.42691922,-0.06060706,-0.00008454,0.00014372,-0.00169085,0.64999980,-0.00169905
2.66000000,-9.10257435,9.84930611,0.07531980,0.03082083,0.03825863,-0.35271710,0.93443942,0.48636478,-0.42693749,-0.06060780,-0.00009610,0.00016337,-0.00192199,0.64999974,-0.00193131
2.68000000,-9.09284687,9.84076786,0.07410765,0.03082165,0.03825797,-0.35269719,0.93444693,0.48638308,-0.42691672,-0.06060695,0.00010297,-0.00017505,0.00205940,0.64999968,0.00206939
2.70000000,-9.08311844,9.83222961,0.07289553,0.03082238,0.03825738,-0.35267928,0.93445367,0.48639959,-0.42689809,-0.06060619,0.00009223,-0.00015680,0.00184469,0.64999974,0.00185364
2.72000000,-9.07339001,9.82369232,0.07168341,0.03082303,0.03825686,-0.35266343,0.93445969,0.48641422,-0.42688161,-0.06060552,0.00008138,-0.00013834,0.00162758,0.64999980,0.00163548
2.74000000,-9.06366158,9.81515503,0.07047132,0.03082359,0.03825640,-0.35264966,0.93446487,0.48642695,-0.42686728,-0.06060494,0.00007037,-0.00011962,0.00140731,0.64999986,0.00141414
2.76000000,-9.05393314,9.80661774,0.06925923,0.03082407,0.03825602,-0.35263798,0.93446928,0.48643774,-0.42685512,-0.06060445,0.00005915,-0.00010056,0.00118303,0.64999992,0.00118877
2.78000000,-9.04420471,9.79808044,0.06804714,0.03082484,0.03825584,-0.35262841,0.93447286,0.48644656,-0.42684513,-0.06060439,0.00004769,-0.00008107,0.00095377,0.64999992,0.00095839
2.80000000,-9.03447533,9.78954411,0.06683505,0.03082514,0.03825560,-0.35262108,0.93447560,0.48645332,-0.42683750,-0.06060407,0.00003592,-0.00006107,0.00071843,0.64999998,0.00072191
2.82000000,-9.02474594,9.78100777,0.06562299,0.03082602,0.03825489,-0.35259953,0.93448377,0.48647231,-0.42681429,-0.06060305,0.00019873,-0.00033784,0.00397454,0.64999884,0.00399381
2.84000000,-9.01501369,9.77246761,0.06447310,0.02938815,0.03506265,-0.35267946,0.93462515,0.48670337,-0.42716980,-0.05607545,0.00016847,-0.00029950,0.00374372,0.64999896,0.00375946
2.86000000,-9.00527954,9.76392460,0.06335162,0.02938942,0.03506159,-0.35264575,0.93463784,0.48673448,-0.42713469,-0.05607404,0.00015875,-0.00028222,0.00352772,0.64999908,0.00354255
2.88000000,-8.99554443,9.75538254,0.06218560,0.02761703,0.03971200,-0.35266283,0.93449944,0.48626682,-0.42700592,-0.06090537,0.00018204,-0.00026479,0.00330988,0.64999920,0.00332544
2.90000000,-8.98581886,9.74684334,0.06096750,0.02761829,0.03971112,-0.35263309,0.93451065,0.48629427,-0.42697495,-0.06090440,0.00017092,-0.00024861,0.00310757,0.64999926,0.00312218
2.92000000,-8.97609234,9.73830414,0.05974943,0.02761948,0.03971029,-0.35260513,0.93452120,0.48632005,-0.42694584,-0.06090349,0.00016054,-0.00023352,0.00291900,0.64999938,0.00293272
2.94000000,-8.96636581,9.72976589,0.05853137,0.02762059,0.03970952,-0.35257897,0.93453109,0.48634419,-0.42691860,-0.06090264,0.00015010,-0.00021833,0.00272907,0.64999944,0.00274190
2.96000000,-8.95663834,9.72122765,0.05731333,0.02762163,0.03970880,-0.35255459,0.93454027,0.48636666,-0.42689320,-0.06090184,0.00013954,-0.00020297,0.00253708,0.64999950,0.00254901
2.98000000,-8.94691086,9.71269035,0.05609531,0.02762316,0.03970774,-0.35251862,0.93455386,0.48639858,-0.42685470,-0.06090052,0.00028523,-0.00041488,0.00518597,0.64999801,0.00521036
3.00000000,-8.93718243,9.70415401,0.05487733,0.02762518,0.03970633,-0.35247117,0.93457174,0.48644233,-0.42680529,-0.06089897,0.00027403,-0.00039859,0.00498240,0.64999813,0.00500582
3.02000000,-8.92745209,9.69561863,0.05365937,0.02762711,0.03970499,-0.35242563,0.93458891,0.48648432,-0.42675787,-0.06089749,0.00026296,-0.00038249,0.00478108,0.64999831,0.00480356
3.04000000,-8.91772270,9.68708420,0.05244144,0.02762897,0.03970370,-0.35238194,0.93460536,0.48652458,-0.42671239,-0.06089606,0.00025199,-0.00036653,0.00458159,0.64999843,0.00460313
3.06000000,-8.90799141,9.67855072,0.05122354,0.02763074,0.03970246,-0.35234016,0.93462116,0.48656309,-0.42666888,-0.06089470,0.00024109,-0.00035068,0.00438344,0.64999855,0.00440404
3.08000000,-8.89825916,9.67001724,0.05000567,0.02763244,0.03970128,-0.35230023,0.93463618,0.48659989,-0.42662728,-0.06089339,0.00023024,-0.00033489,0.00418610,0.64999872,0.00420578
3.10000000,-8.88852692,9.66148567,0.04878782,0.02763405,0.03970015,-0.35226214,0.93465054,0.48663497,-0.42658764,-0.06089215,0.00021940,-0.00031912,0.00398900,0.64999884,0.00400775
3.12000000,-8.87879372,9.65295410,0.04756999,0.02763559,0.03969909,-0.35222593,0.93466419,0.48666835,-0.42654991,-0.06089097,0.00020853,-0.00030332,0.00379150,0.64999890,0.00380933
3.14000000,-8.86905956,9.64442444,0.04635220,0.02763792,0.03969746,-0.35217106,0.93468487,0.48671770,-0.42649174,-0.06088903,0.00031704,-0.00046116,0.00576444,0.64999753,0.00579154
3.16000000,-8.85932446,9.63589573,0.04513445,0.02764017,0.03969590,-0.35211819,0.93470478,0.48676640,-0.42643666,-0.06088730,0.00030551,-0.00044438,0.00555477,0.64999771,0.00558089
3.18000000,-8.84958839,9.62736702,0.04391673,0.02764233,0.03969439,-0.35206729,0.93472397,0.48681328,-0.42638361,-0.06088564,0.00029414,-0.00042784,0.00534795,0.64999789,0.00537309
3.20000000,-8.83985138,9.61884022,0.04269904,0.02764441,0.03969295,-0.35201830,0.93474239,0.48685840,-0.42633259,-0.06088404,0.00028289,-0.00041148,0.00514353,0.64999801,0.00516771
3.22000000,-8.83011341,9.61031437,0.04148138,0.02764641,0.03969155,-0.35197124,0.93476015,0.48690173,-0.42628354,-0.06088250,0.00027176,-0.00039529,0.00494105,0.64999819,0.00496428
3.24000000,-8.82037544,9.60178947,0.04026375,0.02764833,0.03969022,-0.35192606,0.93477714,0.48694330,-0.42623648,-0.06088102,0.00026070,-0.00037920,0.00474000,0.64999831,0.00476229
3.26000000,-8.81063557,9.59326267,0.03907960,0.02532156,0.03882500,-0.35201418,0.93484622,0.48695108,-0.42652380,-0.05877150,0.00024979,-0.00034062,0.00454159,0.64999849,0.00456119
3.28000000,-8.80089664,9.58473206,0.03790419,0.02532361,0.03882366,-0.35196486,0.93486476,0.48699549,-0.42647156,-0.05877002,0.00033015,-0.00045020,0.00600272,0.64999729,0.00602863
3.30000000,-8.79116154,9.57620430,0.03664077,0.02355422,0.04347007,-0.35197371,0.93470317,0.48649043,-0.42635551,-0.06359845,0.00037791,-0.00043605,0.00581398,0.64999747,0.00584255
3.32000000,-8.78143024,9.56767845,0.03536882,0.02355672,0.04346871,-0.35191989,0.93472344,0.48653993,-0.42629936,-0.06359746,0.00036835,-0.00042502,0.00566690,0.64999759,0.00569474
3.34000000,-8.77169895,9.55915260,0.03409689,0.02355916,0.04346739,-0.35186741,0.93474323,0.48658818,-0.42624462,-0.06359649,0.00035908,-0.00041432,0.00552426,0.64999771,0.00555140
3.36000000,-8.76196671,9.55062866,0.03282497,0.02356154,0.04346610,-0.35181627,0.93476248,0.48663521,-0.42619124,-0.06359554,0.00035008,-0.00040394,0.00538590,0.64999783,0.00541236
3.38000000,-8.75223351,9.54210567,0.03155307,0.02356386,0.04346484,-0.35176638,0.93478125,0.48668104,-0.42613921,-0.06359462,0.00034136,-0.00039387,0.00525168,0.64999795,0.00527748
3.40000000,-8.74249840,9.53358364,0.03028119,0.02356612,0.04346361,-0.35171774,0.93479955,0.48672575,-0.42608842,-0.06359372,0.00033290,-0.00038411,0.00512147,0.64999807,0.00514663
3.42000000,-8.73276329,9.52506256,0.02900933,0.02356833,0.04346242,-0.35167030,0.93481737,0.48676932,-0.42603892,-0.06359284,0.00032468,-0.00037463,0.00499511,0.64999813,0.00501965
3.44000000,-8.72302723,9.51654339,0.02773749,0.02357095,0.04346099,-0.35161391,0.93483859,0.48682049,-0.42597947,-0.06359170,0.00038588,-0.00044525,0.00593665,0.64999735,0.00596582
3.46000000,-8.71329021,9.50802422,0.02646567,0.02357351,0.04345961,-0.35155892,0.93485928,0.48687097,-0.42592210,-0.06359068,0.00037609,-0.00043395,0.00578596,0.64999753,0.00581439
3.48000000,-8.70355225,9.49950695,0.02519388,0.02357600,0.04345826,-0.35150537,0.93487942,0.48692021,-0.42586619,-0.06358968,0.00036659,-0.00042299,0.00563983,0.64999765,0.00566754
3.50000000,-8.69381332,9.49099064,0.02392210,0.02357843,0.04345694,-0.35145313,0.93489903,0.48696816,-0.42581165,-0.06358872,0.00035738,-0.00041236,0.00549810,0.64999777,0.00552511
3.52000000,-8.68407345,9.48247433,0.02265034,0.02358079,0.04345566,-0.35140222,0.93491822,0.48701492,-0.42575848,-0.06358776,0.00034844,-0.00040204,0.00536062,0.64999789,0.00538696
3.54000000,-8.67433167,9.47395992,0.02137860,0.02358310,0.04345440,-0.35135254,0.93493688,0.48706052,-0.42570662,-0.06358684,0.00033977,-0.00039204,0.00522724,0.64999795,0.00525292
3.56000000,-8.66458988,9.46544743,0.02010687,0.02358535,0.04345318,-0.35130411,0.93495506,0.48710495,-0.42565605,-0.06358594,0.00033136,-0.00038234,0.00509783,0.64999807,0.00512288
3.58000000,-8.65484715,9.45693493,0.01883517,0.02358769,0.04345191,-0.35125378,0.93497396,0.48715076,-0.42560312,-0.06358495,0.00036603,-0.00042234,0.00563128,0.64999765,0.00565894
3.60000000,-8.64510345,9.44842339,0.01756348,0.02359011,0.04345060,-0.35120168,0.93499357,0.48719856,-0.42554873,-0.06358397,0.00035630,-0.00041112,0.00548159,0.64999777,0.00550852
3.62000000,-8.63535881,9.43991280,0.01629182,0.02359247,0.04344932,-0.35115096,0.93501258,0.48724511,-0.42549577,-0.06358302,0.00034685,-0.00040021,0.00533610,0.64999789,0.00536232
3.64000000,-8.62561321,9.43140411,0.01502017,0.02359476,0.04344807,-0.35110161,0.93503112,0.48729041,-0.42544419,-0.06358210,0.00033765,-0.00038960,0.00519464,0.64999801,0.00522016
3.66000000,-8.61586666,9.42289639,0.01374854,0.02359700,0.04344686,-0.35105354,0.93504918,0.48733449,-0.42539400,-0.06358120,0.00032871,-0.00037928,0.00505702,0.64999807,0.00508187
3.68000000,-8.60611916,9.41438866,0.01247693,0.02359917,0.04344568,-0.35100675,0.93506676,0.48737741,-0.42534509,-0.06358033,0.00032000,-0.00036923,0.00492308,0.64999819,0.00494727
3.70000000,-8.59637165,9.40588284,0.01118719,0.02271714,0.04576650,-0.35099834,0.93498105,0.48711598,-0.42527714,-0.06599365,0.00033537,-0.00035933,0.00479105,0.64999831,0.00481620
3.72000000,-8.58663177,9.39738178,0.00981407,0.01950471,0.04722530,-0.35112143,0.93493479,0.48682734,-0.42555982,-0.06630127,0.00035068,-0.00032730,0.00467575,0.64999837,0.00470029
3.74000000,-8.57689476,9.38887119,0.00848805,0.01950700,0.04722436,-0.35107622,0.93495178,0.48686859,-0.42551237,-0.06630104,0.00037108,-0.00034635,0.00494779,0.64999819,0.00497376
3.76000000,-8.56715679,9.38036156,0.00716203,0.01950933,0.04722340,-0.35103002,0.93496913,0.48691091,-0.42546406,-0.06630083,0.00036548,-0.00034111,0.00487302,0.64999825,0.00489860
3.78000000,-8.55741787,9.37185287,0.00583602,0.01951163,0.04722245,-0.35098448,0.93498623,0.48695263,-0.42541641,-0.06630063,0.00036024,-0.00033623,0.00480327,0.64999831,0.00482848
3.80000000,-8.54767799,9.36334515,0.00451001,0.01951390,0.04722151,-0.35093954,0.93500310,0.48699379,-0.42536941,-0.06630042,0.00035540,-0.00033171,0.00473862,0.64999831,0.00476349
3.82000000,-8.53793716,9.35483837,0.00318400,0.01951614,0.04722058,-0.35089520,0.93501973,0.48703438,-0.42532301,-0.06630022,0.00035094,-0.00032755,0.00467921,0.64999837,0.00470377
3.84000000,-8.52819633,9.34633255,0.00185800,0.01951835,0.04721967,-0.35085139,0.93503618,0.48707449,-0.42527717,-0.06630002,0.00034689,-0.00032377,0.00462519,0.64999843,0.00464947
3.86000000,-8.51845360,9.33782768,0.00053200,0.01952054,0.04721877,-0.35080802,0.93505245,0.48711419,-0.42523178,-0.06629982,0.00034326,-0.00032038,0.00457677,0.64999843,0.00460079
3.88000000,-8.50871086,9.32932377,-0.00079399,0.01952271,0.04721787,-0.35076508,0.93506855,0.48715347,-0.42518684,-0.06629962,0.00034006,-0.00031740,0.00453419,0.64999849,0.00455799
3.90000000,-8.49896717,9.32082081,-0.00211998,0.01952486,0.04721698,-0.35072246,0.93508452,0.48719248,-0.42514226,-0.06629942,0.00033682,-0.00031437,0.00449091,0.64999849,0.00451448
3.92000000,-8.48922348,9.31231880,-0.00344597,0.01952698,0.04721610,-0.35068053,0.93510026,0.48723087,-0.42509836,-0.06629923,0.00033164,-0.00030954,0.00442192,0.64999855,0.00444513
3.94000000,-8.47947788,9.30381775,-0.00477195,0.01952907,0.04721524,-0.35063919,0.93511575,0.48726866,-0.42505512,-0.06629904,0.00032681,-0.00030503,0.00435748,0.64999861,0.00438036
3.96000000,-8.46973228,9.29531670,-0.00609792,0.01953112,0.04721439,-0.35059845,0.93513101,0.48730594,-0.42501244,-0.06629884,0.00032232,-0.00030084,0.00429768,0.64999861,0.00432024
3.98000000,-8.45998478,9.28681755,-0.00742390,0.01953315,0.04721355,-0.35055825,0.93514609,0.48734275,-0.42497036,-0.06629866,0.00031820,-0.00029699,0.00424262,0.64999866,0.00426489
4.00000000,-8.45023823,9.27831841,-0.00874987,0.01953516,0.04721272,-0.35051849,0.93516099,0.48737907,-0.42492875,-0.06629847,0.00031443,-0.00029347,0.00419246,0.64999866,0.00421446
4.02000000,-8.44048977,9.26982021,-0.01007584,0.01953714,0.04721190,-0.35047922,0.93517572,0.48741502,-0.42488760,-0.06629828,0.00031105,-0.00029032,0.00414737,0.64999872,0.00416914
4.04000000,-8.43074131,9.26132393,-0.01140180,0.01953906,0.04721110,-0.35044131,0.93518996,0.48744977,-0.42484802,-0.06629812,0.00029207,-0.00027260,0.00389431,0.64999884,0.00391475
4.06000000,-8.42099094,9.25282669,-0.01272776,0.01954089,0.04721034,-0.35040498,0.93520355,0.48748299,-0.42480996,-0.06629795,0.00028717,-0.00026803,0.00382901,0.64999890,0.00384911
4.08000000,-8.41124153,9.24433136,-0.01405372,0.01954270,0.04720960,-0.35036922,0.93521696,0.48751566,-0.42477253,-0.06629778,0.00028256,-0.00026373,0.00376750,0.64999896,0.00378728
4.10000000,-8.40149021,9.23583698,-0.01537967,0.01954447,0.04720886,-0.35033402,0.93523014,0.48754784,-0.42473567,-0.06629761,0.00027824,-0.00025969,0.00370982,0.64999896,0.00372929
4.12000000,-8.39173889,9.22734261,-0.01670562,0.01954616,0.04720830,-0.35029936,0.93524313,0.48757952,-0.42469937,-0.06629762,0.00027420,-0.00025592,0.00365604,0.64999902,0.00367523
4.14000000,-8.38198662,9.21884918,-0.01803157,0.01954789,0.04720759,-0.35026515,0.93525594,0.48761076,-0.42466354,-0.06629746,0.00027047,-0.00025244,0.00360623,0.64999902,0.00362516
4.16000000,-8.37223721,9.21035957,-0.01944404,0.02099765,0.05038377,-0.35014856,0.93510246,0.48731402,-0.42427623,-0.07080607,0.00028463,-0.00026684,0.00355789,0.64999908,0.00357921
4.18000000,-8.36249065,9.20187473,-0.02086016,0.02099945,0.05038302,-0.35011521,0.93511492,0.48734447,-0.42424133,-0.07080588,0.00028080,-0.00026325,0.00350996,0.64999908,0.00353100
4.20000000,-8.35274315,9.19338036,-0.02217772,0.01400487,0.04780445,-0.35044527,0.93525755,0.48737317,-0.42521274,-0.06450257,0.00024941,-0.00018705,0.00311757,0.64999926,0.00313312
4.22000000,-8.34299564,9.18487644,-0.02346777,0.01400638,0.04780401,-0.35041571,0.93526864,0.48740014,-0.42518175,-0.06450287,0.00025077,-0.00018808,0.00313460,0.64999926,0.00315023
4.24000000,-8.33324718,9.17637348,-0.02475784,0.01400790,0.04780356,-0.35038593,0.93527979,0.48742732,-0.42515054,-0.06450316,0.00025251,-0.00018938,0.00315636,0.64999926,0.00317210
4.26000000,-8.32349873,9.16787052,-0.02604790,0.01400943,0.04780311,-0.35035595,0.93529105,0.48745468,-0.42511910,-0.06450347,0.00025466,-0.00019099,0.00318321,0.64999926,0.00319909
4.28000000,-8.31374836,9.15936852,-0.02733798,0.01401098,0.04780266,-0.35032564,0.93530238,0.48748234,-0.42508733,-0.06450377,0.00025724,-0.00019293,0.00321553,0.64999920,0.00323157
4.30000000,-8.30399895,9.15086746,-0.02862806,0.01401255,0.04780220,-0.35029501,0.93531388,0.48751026,-0.42505521,-0.06450408,0.00026030,-0.00019523,0.00325380,0.64999920,0.00327003
4.32000000,-8.29424763,9.14236736,-0.02991814,0.01401414,0.04780173,-0.35026395,0.93532550,0.48753861,-0.42502263,-0.06450439,0.00026388,-0.00019791,0.00329856,0.64999920,0.00331501
4.34000000,-8.28449726,9.13386726,-0.03120824,0.01401561,0.04780130,-0.35023502,0.93533635,0.48756519,-0.42499244,-0.06450471,0.00022446,-0.00016834,0.00280574,0.64999944,0.00281973
4.36000000,-8.27474499,9.12536716,-0.03249833,0.01401698,0.04780090,-0.35020837,0.93534631,0.48758948,-0.42496452,-0.06450497,0.00022584,-0.00016938,0.00282305,0.64999938,0.00283713
4.38000000,-8.26499271,9.11686897,-0.03378844,0.01401834,0.04780049,-0.35018155,0.93535632,0.48761392,-0.42493641,-0.06450523,0.00022757,-0.00017067,0.00284458,0.64999938,0.00285877
4.40000000,-8.25524044,9.10837078,-0.03507855,0.01401973,0.04780009,-0.35015452,0.93536645,0.48763859,-0.42490804,-0.06450551,0.00022965,-0.00017224,0.00287063,0.64999938,0.00288495
4.42000000,-8.24548721,9.09987259,-0.03636866,0.01402112,0.04779968,-0.35012716,0.93537670,0.48766354,-0.42487937,-0.06450579,0.00023212,-0.00017409,0.00290154,0.64999938,0.00291601
4.44000000,-8.23573399,9.09137535,-0.03765878,0.01402254,0.04779926,-0.35009950,0.93538707,0.48768875,-0.42485034,-0.06450606,0.00023502,-0.00017626,0.00293771,0.64999938,0.00295237
4.46000000,-8.22597980,9.08287907,-0.03894890,0.01402397,0.04779884,-0.35007146,0.93539757,0.48771432,-0.42482093,-0.06450634,0.00023837,-0.00017878,0.00297963,0.64999932,0.00299449
4.48000000,-8.21622467,9.07438278,-0.04023904,0.01402543,0.04779841,-0.35004297,0.93540823,0.48774028,-0.42479104,-0.06450662,0.00024223,-0.00018167,0.00302784,0.64999932,0.00304294
4.50000000,-8.20646954,9.06588745,-0.04152917,0.01402673,0.04779803,-0.35001740,0.93541777,0.48776382,-0.42476439,-0.06450690,0.00018898,-0.00014174,0.00236226,0.64999956,0.00237404
4.52000000,-8.19671440,9.05739307,-0.04281931,0.01402788,0.04779769,-0.34999490,0.93542618,0.48778430,-0.42474079,-0.06450713,0.00019085,-0.00014314,0.00238566,0.64999956,0.00239756
4.54000000,-8.18695831,9.04889870,-0.04410946,0.01402904,0.04779735,-0.34997219,0.93543470,0.48780504,-0.42471695,-0.06450735,0.00019303,-0.00014477,0.00241288,0.64999956,0.00242492
4.56000000,-8.17720127,9.04040432,-0.04539961,0.01403022,0.04779700,-0.34994918,0.93544328,0.48782599,-0.42469281,-0.06450758,0.00019554,-0.00014665,0.00244422,0.64999956,0.00245641
4.58000000,-8.16744518,9.03191090,-0.04668977,0.01403141,0.04779666,-0.34992582,0.93545204,0.48784727,-0.42466831,-0.06450781,0.00019840,-0.00014880,0.00248001,0.64999956,0.00249238
4.60000000,-8.15768719,9.02341747,-0.04797992,0.01403263,0.04779630,-0.34990212,0.93546093,0.48786888,-0.42464343,-0.06450805,0.00020165,-0.00015124,0.00252068,0.64999950,0.00253325
4.62000000,-8.14793015,9.01492500,-0.04927009,0.01403386,0.04779594,-0.34987798,0.93546993,0.48789087,-0.42461812,-0.06450829,0.00020533,-0.00015400,0.00256667,0.64999950,0.00257947
4.64000000,-8.13817120,9.00643349,-0.05056026,0.01403512,0.04779557,-0.34985337,0.93547916,0.48791328,-0.42459229,-0.06450853,0.00020948,-0.00015711,0.00261855,0.64999950,0.00263161
4.66000000,-8.12851810,8.99796677,-0.05183038,0.01158036,0.04696399,-0.35235572,0.93461525,0.48216337,-0.42426524,-0.06190760,-0.02028115,0.01394323,-0.25351420,0.64522481,-0.25470605
4.68000000,-8.11890602,8.98944378,-0.05306807,0.01146091,0.04699328,-0.35473090,0.93371636,0.48005134,-0.42677742,-0.06187681,-0.02011247,0.01382726,-0.25140563,0.64530385,-0.25258759
4.70000000,-8.10933685,8.98087120,-0.05430511,0.01134229,0.04702206,-0.35708600,0.93281823,0.47793391,-0.42925295,-0.06184357,-0.01996820,0.01372808,-0.24960233,0.64537084,-0.25077584
4.72000000,-8.09981060,8.97224903,-0.05554145,0.01122433,0.04705035,-0.35942420,0.93191981,0.47580814,-0.43169451,-0.06180779,-0.01985044,0.01364711,-0.24813026,0.64542526,-0.24929683
4.74000000,-8.09032631,8.96357918,-0.05677703,0.01110688,0.04707821,-0.36174873,0.93101996,0.47367108,-0.43410510,-0.06176941,-0.01976064,0.01358538,-0.24700777,0.64546651,-0.24816906
4.76000000,-8.08095264,8.95490646,-0.05800397,0.01094269,0.04711665,-0.36499220,0.92975318,0.46480179,-0.43200505,-0.06094436,-0.03554133,0.02443455,-0.44426629,0.63748199,-0.44635499
4.78000000,-8.07174206,8.94622993,-0.05921802,0.01073291,0.04716488,-0.36912599,0.92811978,0.45960936,-0.43490180,-0.06068829,-0.03518925,0.02419250,-0.43986523,0.63565981,-0.44193324
4.80000000,-8.06260490,8.93746758,-0.06043086,0.01052485,0.04721174,-0.37321460,0.92648321,0.45592633,-0.43913600,-0.06062653,-0.03487659,0.02397755,-0.43595704,0.63591260,-0.43800667
4.82000000,-8.05354214,8.92862320,-0.06164236,0.01031827,0.04725732,-0.37726313,0.92484206,0.45221046,-0.44328162,-0.06055726,-0.03460674,0.02379202,-0.43258393,0.63612896,-0.43461770
4.84000000,-8.04455376,8.91969585,-0.06285237,0.01011290,0.04730169,-0.38127679,0.92319459,0.44845808,-0.44734293,-0.06048045,-0.03438153,0.02363719,-0.42976880,0.63630825,-0.43178931
4.86000000,-8.03564167,8.91068935,-0.06406072,0.00990848,0.04734494,-0.38526100,0.92153907,0.44466487,-0.45132408,-0.06039595,-0.03420319,0.02351458,-0.42753953,0.63644946,-0.42954957
4.88000000,-8.02686787,8.90165615,-0.06525947,0.00967127,0.04739396,-0.38987100,0.91959822,0.43461695,-0.45009315,-0.05952442,-0.04527128,0.03112386,-0.56589049,0.62850529,-0.56855100
4.90000000,-8.01827717,8.89260578,-0.06644446,0.00940272,0.04744797,-0.39507243,0.91737562,0.42833552,-0.45380655,-0.05922614,-0.04477810,0.03078480,-0.55972582,0.62683284,-0.56235737
4.92000000,-8.00978279,8.88345242,-0.06762745,0.00913662,0.04749993,-0.40020818,0.91514683,0.42351630,-0.45894313,-0.05912311,-0.04433330,0.03047900,-0.55416578,0.62728816,-0.55677116
4.94000000,-8.00138569,8.87419891,-0.06880821,0.00887268,0.04754994,-0.40528440,0.91291010,0.41864607,-0.46394339,-0.05900851,-0.04394078,0.03020914,-0.54925925,0.62768620,-0.55184156
4.96000000,-7.99308968,8.86484623,-0.07002080,0.00757941,0.04985498,-0.41036597,0.91052556,0.41338506,-0.46884808,-0.06092432,-0.04630860,0.02996424,-0.54480642,0.62802666,-0.54759145
4.98000000,-7.98489666,8.85539818,-0.07123687,0.00730648,0.04989571,-0.41534245,0.90826631,0.40840387,-0.47359234,-0.06076185,-0.04600571,0.02976825,-0.54124302,0.62831157,-0.54400980
5.00000000,-7.97680426,8.84585667,-0.07244951,0.00703486,0.04993473,-0.42027864,0.90599275,0.40335986,-0.47821313,-0.06058725,-0.04576548,0.02961281,-0.53841674,0.62853622,-0.54116905
5.02000000,-7.96891832,8.83632565,-0.07364401,0.00672120,0.04997791,-0.42595872,0.90333617,0.39290988,-0.47792432,-0.05968312,-0.05271700,0.03411083,-0.62019920,0.62157214,-0.62336963
5.04000000,-7.96114397,8.82668591,-0.07483499,0.00641086,0.05001867,-0.43155748,0.90067482,0.38732424,-0.48328668,-0.05950327,-0.05213193,0.03373226,-0.61331612,0.62219507,-0.61645132
5.06000000,-7.95348167,8.81694221,-0.07602218,0.00610351,0.05005710,-0.43708155,0.89800709,0.38168809,-0.48848060,-0.05930986,-0.05160599,0.03339195,-0.60712856,0.62274933,-0.61023217
5.08000000,-7.94593334,8.80709743,-0.07720529,0.00579881,0.05009331,-0.44253761,0.89533097,0.37599909,-0.49351132,-0.05910298,-0.05114080,0.03309094,-0.60165578,0.62323505,-0.60473144
5.10000000,-7.93849945,8.79715347,-0.07835560,0.00104231,0.04791142,-0.44804120,0.89272755,0.37040368,-0.49883255,-0.05393195,-0.05076356,0.02687496,-0.59721762,0.62365168,-0.59997338
5.12000000,-7.93117809,8.78710651,-0.07943004,0.00075547,0.04791680,-0.45337749,0.89002937,0.36460575,-0.50354546,-0.05365121,-0.05042630,0.02669641,-0.59324992,0.62399828,-0.59598738
5.14000000,-7.92397404,8.77696705,-0.08049869,0.00047026,0.04792044,-0.45866695,0.88731509,0.35874242,-0.50810754,-0.05335812,-0.05015763,0.02655417,-0.59008896,0.62427282,-0.59281188
5.16000000,-7.91693306,8.76679039,-0.08155512,0.00016769,0.04792246,-0.46426010,0.88440150,0.35054529,-0.51008409,-0.05275031,-0.05311893,0.02812192,-0.62492782,0.62116855,-0.62781149
5.18000000,-7.91001272,8.75651455,-0.08260574,-0.00013143,0.04792257,-0.46977121,0.88148648,0.34449968,-0.51497817,-0.05245667,-0.05253045,0.02781037,-0.61800450,0.62179923,-0.62085623
5.20000000,-7.90321398,8.74614429,-0.08365031,-0.00042743,0.04792085,-0.47520691,0.87856805,0.33841681,-0.51969790,-0.05215202,-0.05200193,0.02753057,-0.61178666,0.62235981,-0.61460972
5.22000000,-7.89653730,8.73568153,-0.08468863,-0.00072065,0.04791733,-0.48057392,0.87564385,0.33229396,-0.52424836,-0.05183634,-0.05153506,0.02728340,-0.60629410,0.62285042,-0.60909176
5.24000000,-7.88998413,8.72513103,-0.08572047,-0.00101143,0.04791208,-0.48587909,0.87271124,0.32612747,-0.52863389,-0.05150954,-0.05113195,0.02706999,-0.60155165,0.62327051,-0.60432744
5.26000000,-7.88355446,8.71449471,-0.08673585,-0.00224046,0.04453162,-0.49110454,0.86995876,0.32033223,-0.53299534,-0.04694651,-0.04783687,0.02391854,-0.59796047,0.62361908,-0.60034752
5.28000000,-7.87729073,8.70383835,-0.08766320,-0.00254018,0.04451554,-0.49694958,0.86663318,0.30918771,-0.53052670,-0.04595621,-0.05939643,0.02969834,-0.74245489,0.61576587,-0.74541879
5.30000000,-7.87127924,8.69325542,-0.08856748,-0.00286913,0.04449555,-0.50334138,0.86293650,0.29875782,-0.53053242,-0.04512204,-0.05860681,0.02930353,-0.73258466,0.61053818,-0.73550916
5.32000000,-7.86541367,8.68256664,-0.08946428,-0.00319368,0.04447343,-0.50962389,0.85924119,0.29145396,-0.53572434,-0.04474541,-0.05787103,0.02893564,-0.72338742,0.61151302,-0.72627521
5.34000000,-7.85969448,8.67177677,-0.09035338,-0.00351419,0.04444925,-0.51580453,0.85554522,0.28411373,-0.54068255,-0.04435652,-0.05719863,0.02859944,-0.71498245,0.61239350,-0.71783668
5.36000000,-7.85412264,8.66089249,-0.09123451,-0.00383100,0.04442307,-0.52189094,0.85184610,0.27673647,-0.54541337,-0.04395558,-0.05659075,0.02829549,-0.70738387,0.61318099,-0.71020776
5.38000000,-7.84869909,8.64991570,-0.09210744,-0.00414446,0.04439492,-0.52789068,0.84814113,0.26932040,-0.54992223,-0.04354264,-0.05604888,0.02802456,-0.70061052,0.61387610,-0.70340741
5.40000000,-7.84342480,8.63885307,-0.09297194,-0.00445495,0.04436484,-0.53381133,0.84442723,0.26186287,-0.55421382,-0.04311771,-0.05557496,0.02778760,-0.69468659,0.61447883,-0.69745982
5.42000000,-7.83829975,8.62770748,-0.09382775,-0.00476284,0.04433284,-0.53966075,0.84070098,0.25436014,-0.55829179,-0.04268061,-0.05517142,0.02758583,-0.68964225,0.61498815,-0.69239533
5.44000000,-7.83332586,8.61648273,-0.09467463,-0.00506852,0.04429893,-0.54544693,0.83695853,0.24680740,-0.56215882,-0.04223107,-0.05484122,0.02742073,-0.68551475,0.61540222,-0.68825138
5.46000000,-7.82856989,8.60530853,-0.09550209,-0.00540223,0.04425948,-0.55173910,0.83282405,0.23580649,-0.55989575,-0.04126047,-0.05980494,0.02990260,-0.74756122,0.60892564,-0.75054550
5.48000000,-7.82396984,8.59404087,-0.09626120,-0.00986577,0.04144557,-0.55789775,0.82881546,0.22816989,-0.56459612,-0.03519141,-0.05904890,0.02214323,-0.73811078,0.60997432,-0.74080002
5.50000000,-7.81952572,8.58268547,-0.09695738,-0.01016964,0.04137206,-0.56396466,0.82469922,0.22021545,-0.56879473,-0.03468101,-0.05833884,0.02187696,-0.72923499,0.61092150,-0.73189187
5.52000000,-7.81524086,8.57124996,-0.09764323,-0.01046950,0.04129722,-0.56993252,0.82058626,0.21224996,-0.57275468,-0.03416260,-0.05769403,0.02163517,-0.72117460,0.61177206,-0.72380209
5.54000000,-7.81111574,8.55973911,-0.09831860,-0.01076570,0.04122099,-0.57580888,0.81647354,0.20427161,-0.57648170,-0.03363615,-0.05711577,0.02141833,-0.71394640,0.61252713,-0.71654755
5.56000000,-7.80715036,8.54815674,-0.09898331,-0.01105860,0.04114338,-0.58160126,0.81235760,0.19627765,-0.57998061,-0.03310160,-0.05660587,0.02122711,-0.70757258,0.61318684,-0.71015054
5.58000000,-7.80334473,8.53650761,-0.09963721,-0.01134856,0.04106435,-0.58731735,0.80823463,0.18826441,-0.58325499,-0.03255877,-0.05616654,0.02106237,-0.70208102,0.61375070,-0.70463896
5.60000000,-7.79970026,8.52479649,-0.10028163,-0.01311539,0.04297600,-0.59297550,0.80396587,0.18000636,-0.58632642,-0.03289026,-0.05926370,0.02091656,-0.69722086,0.61421722,-0.70004755
5.62000000,-7.79622269,8.51303291,-0.10093010,-0.01341563,0.04288322,-0.59858358,0.79979914,0.17174263,-0.58859420,-0.03225588,-0.05945643,0.02098458,-0.69948822,0.61398625,-0.70232415
5.64000000,-7.79290676,8.50121212,-0.10156658,-0.01371312,0.04278902,-0.60412365,0.79562283,0.16381679,-0.59184098,-0.03167959,-0.05868117,0.02071096,-0.69036752,0.61491084,-0.69316649
5.66000000,-7.78974915,8.48932934,-0.10219146,-0.01400626,0.04269397,-0.60956609,0.79146081,0.15591562,-0.59486997,-0.03109886,-0.05796954,0.02045980,-0.68199533,0.61574924,-0.68476033
5.68000000,-7.78674889,8.47738934,-0.10280467,-0.01429538,0.04259803,-0.61491770,0.78731018,0.14803672,-0.59768713,-0.03051366,-0.05732253,0.02023144,-0.67438346,0.61650294,-0.67711759
5.70000000,-7.78390598,8.46539593,-0.10340610,-0.01458081,0.04250117,-0.62018532,0.78316742,0.14017704,-0.60029757,-0.02992391,-0.05674150,0.02002637,-0.66754782,0.61717278,-0.67025423
5.72000000,-7.78122044,8.45335388,-0.10399567,-0.01486291,0.04240334,-0.62537575,0.77902901,0.13233277,-0.60270566,-0.02932939,-0.05622822,0.01984522,-0.66150928,0.61775905,-0.66419119
5.74000000,-7.77869129,8.44126606,-0.10457327,-0.01514203,0.04230448,-0.63049603,0.77489084,0.12449940,-0.60491443,-0.02872982,-0.05578493,0.01968876,-0.65629399,0.61826128,-0.65895480
5.76000000,-7.77631855,8.42913723,-0.10513880,-0.01541852,0.04220449,-0.63555306,0.77074856,0.11667167,-0.60692614,-0.02812481,-0.05541437,0.01955798,-0.65193450,0.61867809,-0.65457761
5.78000000,-7.77409458,8.41693878,-0.10569381,-0.01568508,0.04210613,-0.64041376,0.76671457,0.10965939,-0.61201417,-0.02768138,-0.05201476,0.01835810,-0.61193931,0.62237668,-0.61442029
5.80000000,-7.77201080,8.40466881,-0.10623903,-0.01594046,0.04201011,-0.64505756,0.76281178,0.10235345,-0.61401051,-0.02712027,-0.05134984,0.01812342,-0.60411674,0.62307352,-0.60656595
5.82000000,-7.77006769,8.39235878,-0.10669705,-0.01997571,0.03868312,-0.64952350,0.75909406,0.09557998,-0.61599785,-0.02044431,-0.05075339,0.01194206,-0.59709966,0.62370414,-0.59937173
5.84000000,-7.76826429,8.38001347,-0.10709725,-0.02020469,0.03856402,-0.65401232,0.75523007,0.08837180,-0.61765879,-0.01986484,-0.05020576,0.01181321,-0.59065694,0.62426478,-0.59290451
5.86000000,-7.76660442,8.36763763,-0.10748586,-0.02043067,0.03844478,-0.65843332,0.75137883,0.08120336,-0.61916065,-0.01928556,-0.04971655,0.01169810,-0.58490151,0.62476063,-0.58712721
5.88000000,-7.76508760,8.35523415,-0.10786287,-0.02065392,0.03832530,-0.66279227,0.74753666,0.07406969,-0.62050647,-0.01870612,-0.04928751,0.01159715,-0.57985401,0.62519157,-0.58206052
5.90000000,-7.76371288,8.34280586,-0.10822830,-0.02087474,0.03820547,-0.66709507,0.74369937,0.06696530,-0.62169826,-0.01812608,-0.04892081,0.01151087,-0.57553995,0.62555707,-0.57773000
5.92000000,-7.76247978,8.33035660,-0.10858211,-0.02109343,0.03808517,-0.67134768,0.73986274,0.05988415,-0.62273705,-0.01754496,-0.04861914,0.01143988,-0.57199079,0.62585568,-0.57416737
5.94000000,-7.76137972,8.31783867,-0.10892597,-0.02129812,0.03797108,-0.67532045,0.73623836,0.05364743,-0.62862092,-0.01713252,-0.04294277,0.01010426,-0.50520986,0.63113850,-0.50713229
5.96000000,-7.76040077,8.30525112,-0.10926095,-0.02148806,0.03786392,-0.67899984,0.73284638,0.04740185,-0.62959349,-0.01662109,-0.04241843,0.00998088,-0.49904114,0.63159412,-0.50094008
5.98000000,-7.75954533,8.29264641,-0.10958573,-0.02167527,0.03775706,-0.68261999,0.72947550,0.04121215,-0.63045335,-0.01611217,-0.04194089,0.00986852,-0.49342307,0.63200432,-0.49530068
6.00000000,-7.75881338,8.28002548,-0.10990037,-0.02185998,0.03765042,-0.68618554,0.72612256,0.03507352,-0.63120317,-0.01560538,-0.04151122,0.00976742,-0.48836809,0.63236946,-0.49022645
6.02000000,-7.75820351,8.26739216,-0.11020490,-0.02204243,0.03754390,-0.68970108,0.72278422,0.02898086,-0.63184524,-0.01510035,-0.04113076,0.00967790,-0.48389202,0.63268971,-0.48573336
6.04000000,-7.75771475,8.25474644,-0.11049935,-0.02222284,0.03743739,-0.69317120,0.71945691,0.02292869,-0.63238096,-0.01459663,-0.04080119,0.00960035,-0.48001480,0.63296479,-0.48184136
6.06000000,-7.75734615,8.24209309,-0.11078374,-0.02240145,0.03733079,-0.69660068,0.71613687,0.01691119,-0.63281119,-0.01409375,-0.04052461,0.00953527,-0.47676092,0.63319397,-0.47857511
6.08000000,-7.75709772,8.22943115,-0.11105807,-0.02257852,0.03722396,-0.69999444,0.71281999,0.01092210,-0.63313603,-0.01359117,-0.04030357,0.00948326,-0.47416037,0.63337606,-0.47596467
6.10000000,-7.75696373,8.21671486,-0.11132384,-0.02273947,0.03712586,-0.70307422,0.70978254,0.00550259,-0.63843626,-0.01323652,-0.03335722,0.00784882,-0.39243850,0.63859719,-0.39393181
6.12000000,-7.75692797,8.20394135,-0.11158234,-0.02288378,0.03703708,-0.70583105,0.70704108,0.00055041,-0.63873053,-0.01282147,-0.03297023,0.00775776,-0.38788569,0.63885945,-0.38936168
6.14000000,-7.75698233,8.19116211,-0.11170071,-0.02829250,0.03165806,-0.70835662,0.70457661,-0.00354233,-0.63907766,-0.00289426,-0.03262637,0.00191918,-0.38384029,0.63909400,-0.38522920
6.16000000,-7.75712585,8.17837811,-0.11175241,-0.02841295,0.03154999,-0.71103686,0.70187169,-0.00839886,-0.63923597,-0.00248225,-0.03232207,0.00190128,-0.38026029,0.63929594,-0.38163623
6.18000000,-7.75736618,8.16559219,-0.11179592,-0.02853197,0.03144240,-0.71368414,0.69917971,-0.01321618,-0.63933015,-0.00207325,-0.03205730,0.00188571,-0.37714529,0.63947010,-0.37850997
6.20000000,-7.75770235,8.15280437,-0.11183129,-0.02864973,0.03133514,-0.71630204,0.69649744,-0.01799948,-0.63936067,-0.00166682,-0.03183364,0.00187255,-0.37451407,0.63961613,-0.37586924
6.22000000,-7.75813389,8.14001751,-0.11185855,-0.02876637,0.03122809,-0.71889424,0.69382155,-0.02275420,-0.63932729,-0.00126250,-0.03165306,0.00186193,-0.37238950,0.63973331,-0.37373698
6.24000000,-7.75865984,8.12723255,-0.11187776,-0.02888208,0.03112110,-0.72146451,0.69114852,-0.02748611,-0.63922936,-0.00085980,-0.03151789,0.00185398,-0.37079930,0.63982058,-0.37214100
6.26000000,-7.75927687,8.11440849,-0.11188944,-0.02898362,0.03102656,-0.72371912,0.68878728,-0.03185733,-0.64326155,-0.00050841,-0.02408310,0.00141664,-0.28333101,0.64405012,-0.28435624
6.28000000,-7.75996828,8.10154438,-0.11189499,-0.02907071,0.03094498,-0.72565210,0.68675059,-0.03546646,-0.64319897,-0.00020132,-0.02382649,0.00140155,-0.28031203,0.64417607,-0.28132632
6.30000000,-7.76073122,8.08868122,-0.11189445,-0.02915671,0.03086396,-0.72756028,0.68472862,-0.03903940,-0.64310348,0.00010286,-0.02359743,0.00138807,-0.27761728,0.64428735,-0.27862182
6.32000000,-7.76156521,8.07582092,-0.11188787,-0.02924173,0.03078343,-0.72944617,0.68271923,-0.04258007,-0.64297545,0.00040445,-0.02339684,0.00137627,-0.27525738,0.64438391,-0.27625337
6.34000000,-7.76246929,8.06296444,-0.11187529,-0.02932588,0.03070327,-0.73131222,0.68071997,-0.04609254,-0.64281482,0.00070382,-0.02322582,0.00136621,-0.27324539,0.64446563,-0.27423412
6.36000000,-7.76344347,8.05011082,-0.11185674,-0.02940928,0.03062339,-0.73316097,0.67872840,-0.04958107,-0.64262140,0.00100131,-0.02308574,0.00135797,-0.27159742,0.64453208,-0.27258018
6.38000000,-7.76448727,8.03726196,-0.11183228,-0.02949205,0.03054369,-0.73499513,0.67674184,-0.05305012,-0.64239472,0.00129731,-0.02297825,0.00135165,-0.27033281,0.64458281,-0.27131101
6.40000000,-7.76559782,8.02441788,-0.11175217,-0.02942641,0.02695260,-0.73683649,0.67489231,-0.05628080,-0.64213967,0.00450246,-0.02156709,-0.00000000,-0.26958892,0.64461708,-0.27045023
6.42000000,-7.76676416,8.01152134,-0.11165886,-0.02947644,0.02689788,-0.73808920,0.67352206,-0.05891731,-0.64475143,0.00471338,-0.01482437,-0.00000000,-0.18530485,0.64745492,-0.18589689
6.44000000,-7.76797819,7.99862957,-0.11154804,-0.03287561,0.02315838,-0.73918790,0.67229766,-0.06078129,-0.64454603,0.01130792,-0.01467897,-0.00183486,-0.18348740,0.64750427,-0.18408276
6.46000000,-7.76922894,7.98574114,-0.11131909,-0.03291779,0.02309839,-0.74041259,0.67094862,-0.06312849,-0.64435959,0.01149383,-0.01455396,-0.00181924,-0.18192475,0.64754659,-0.18251504
6.48000000,-7.77052641,7.97285700,-0.11108645,-0.03295954,0.02303878,-0.74162573,0.66960746,-0.06545692,-0.64415920,0.01167810,-0.01444934,-0.00180616,-0.18061697,0.64758170,-0.18120304
6.50000000,-7.77187061,7.95997715,-0.11085014,-0.03300092,0.02297946,-0.74282891,0.66827250,-0.06776956,-0.64394540,0.01186098,-0.01436380,-0.00179547,-0.17954777,0.64761025,-0.18013036
6.52000000,-7.77326059,7.94710159,-0.11061019,-0.03304200,0.02292036,-0.74402374,0.66694194,-0.07006951,-0.64371765,0.01204269,-0.01429836,-0.00178729,-0.17872976,0.64763194,-0.17930968
6.54000000,-7.77469635,7.93423080,-0.11036663,-0.03308283,0.02286139,-0.74521214,0.66561383,-0.07235998,-0.64347547,0.01222351,-0.01425423,-0.00178177,-0.17817813,0.64764655,-0.17875628
6.56000000,-7.77617455,7.92134905,-0.11011954,-0.03311492,0.02281488,-0.74614680,0.66456592,-0.07434218,-0.64482445,0.01239558,-0.00823532,-0.00102941,-0.10294161,0.64921415,-0.10327563
6.58000000,-7.77768135,7.90845442,-0.10987007,-0.03313823,0.02278101,-0.74682587,0.66380268,-0.07565834,-0.64468414,0.01249947,-0.00815788,-0.00101973,-0.10197359,0.64922881,-0.10230446
6.60000000,-7.77921391,7.89556313,-0.10961853,-0.03316130,0.02274740,-0.74749839,0.66304529,-0.07696274,-0.64454055,0.01260238,-0.00809013,-0.00101126,-0.10112669,0.64924157,-0.10145482
6.62000000,-7.78077269,7.88267469,-0.10936495,-0.03318418,0.02271402,-0.74816513,0.66229284,-0.07825696,-0.64439356,0.01270445,-0.00803243,-0.00100405,-0.10040554,0.64925236,-0.10073133
6.64000000,-7.78235722,7.86978865,-0.10910934,-0.03320687,0.02268083,-0.74882698,0.66154438,-0.07954267,-0.64424294,0.01280580,-0.00798525,-0.00099815,-0.09981576,0.64926112,-0.10013963
6.66000000,-7.78396702,7.85690641,-0.10885172,-0.03322943,0.02264778,-0.74948490,0.66079897,-0.08082159,-0.64408845,0.01290657,-0.00794912,-0.00099364,-0.09936415,0.64926779,-0.09968656
6.68000000,-7.78560257,7.84402704,-0.10859208,-0.03325187,0.02261481,-0.75013983,0.66005540,-0.08209555,-0.64392984,0.01300690,-0.00792470,-0.00099058,-0.09905890,0.64927226,-0.09938032
6.70000000,-7.78726339,7.83115101,-0.10833044,-0.03327423,0.02258189,-0.75079280,0.65931261,-0.08336649,-0.64376670,0.01310694,-0.00791278,-0.00098909,-0.09890990,0.64927447,-0.09923083
6.72000000,-7.78893948,7.81826353,-0.10806751,-0.03328213,0.02257025,-0.75102347,0.65904981,-0.08389764,-0.64433736,0.01315514,-0.00279297,-0.00034912,-0.03491217,0.64990962,-0.03502544
6.74000000,-7.79062414,7.80537796,-0.10782387,-0.03351299,0.02606871,-0.75122285,0.65868163,-0.08450836,-0.64430904,0.01040474,-0.00294653,-0.00017333,-0.03466516,0.64991081,-0.03479059
6.76000000,-7.79231310,7.79249382,-0.10750330,-0.03843990,0.02043983,-0.75122184,0.65861243,-0.08416618,-0.64412731,0.02003674,-0.00292910,-0.00068920,-0.03446003,0.64991182,-0.03459116
6.78000000,-7.79400301,7.77961206,-0.10710202,-0.03844694,0.02042660,-0.75144857,0.65835375,-0.08460839,-0.64406860,0.02007315,-0.00292265,-0.00068769,-0.03438412,0.64991224,-0.03451496
6.80000000,-7.79570150,7.76673174,-0.10670002,-0.03845396,0.02041337,-0.75167495,0.65809524,-0.08505004,-0.64400941,0.02010951,-0.00292050,-0.00068718,-0.03435885,0.64991236,-0.03448959
6.82000000,-7.79740953,7.75385237,-0.10629728,-0.03846098,0.02040014,-0.75190133,0.65783656,-0.08549181,-0.64394963,0.02014586,-0.00292294,-0.00068776,-0.03438759,0.64991218,-0.03451844
6.84000000,-7.79912567,7.74097443,-0.10589382,-0.03846801,0.02038687,-0.75212812,0.65757728,-0.08593442,-0.64388913,0.02018227,-0.00293031,-0.00068949,-0.03447434,0.64991176,-0.03460553
6.86000000,-7.80084801,7.72809649,-0.10548987,-0.03846992,0.02038349,-0.75218707,0.65750980,-0.08605848,-0.64394057,0.02019386,0.00141321,0.00033252,0.01662604,0.64997947,0.01668930
6.88000000,-7.80256605,7.71521711,-0.10508626,-0.03846658,0.02038979,-0.75207937,0.65763307,-0.08584824,-0.64397001,0.02017658,0.00138410,0.00032567,0.01628347,0.64998031,0.01634543
6.90000000,-7.80427980,7.70233727,-0.10468298,-0.03846331,0.02039597,-0.75197381,0.65775377,-0.08564225,-0.64399874,0.02015965,0.00135626,0.00031912,0.01595594,0.64998108,0.01601666
6.92000000,-7.80598974,7.68945694,-0.10428003,-0.03846009,0.02040202,-0.75187027,0.65787208,-0.08544031,-0.64402688,0.02014305,0.00132969,0.00031287,0.01564339,0.64998186,0.01570291
6.94000000,-7.80769539,7.67657566,-0.10387742,-0.03845695,0.02040796,-0.75176871,0.65798813,-0.08524222,-0.64405429,0.02012676,0.00130439,0.00030692,0.01534580,0.64998251,0.01540419
6.96000000,-7.80939722,7.66369438,-0.10347512,-0.03845385,0.02041378,-0.75166905,0.65810198,-0.08504780,-0.64408118,0.02011077,0.00128038,0.00030127,0.01506324,0.64998317,0.01512055
6.98000000,-7.81109571,7.65081215,-0.10307314,-0.03845082,0.02041950,-0.75157112,0.65821379,-0.08485685,-0.64410740,0.02009506,0.00125765,0.00029592,0.01479584,0.64998376,0.01485214
7.00000000,-7.81278992,7.63792992,-0.10267147,-0.03844783,0.02042512,-0.75147492,0.65832365,-0.08466919,-0.64413315,0.02007963,0.00123623,0.00029088,0.01454384,0.64998430,0.01459919
7.02000000,-7.81447268,7.62504959,-0.10227084,-0.03843705,0.02044541,-0.75112730,0.65872020,-0.08396687,-0.64403600,0.02001799,0.00446652,0.00105095,0.05254720,0.64979500,0.05274716
7.04000000,-7.81614161,7.61216736,-0.10187130,-0.03842639,0.02046543,-0.75078422,0.65911126,-0.08329885,-0.64412981,0.01996308,0.00440799,0.00103718,0.05185866,0.64980030,0.05205600
7.06000000,-7.81779766,7.59928322,-0.10146210,-0.04333514,0.01487520,-0.75018382,0.65964007,-0.08187163,-0.64395159,0.02949731,0.00435258,0.00179223,0.05120681,0.64980513,0.05142270
7.08000000,-7.81942558,7.58640289,-0.10087294,-0.04332757,0.01489724,-0.74984825,0.66002148,-0.08121885,-0.64404136,0.02944497,0.00430045,0.00177076,0.05059347,0.64980978,0.05080677
7.10000000,-7.82104015,7.57352114,-0.10028482,-0.04332008,0.01491901,-0.74951655,0.66039819,-0.08057384,-0.64412922,0.02939321,0.00424979,0.00174990,0.04999745,0.64981425,0.05020825
7.12000000,-7.82264233,7.56063700,-0.09969772,-0.04331266,0.01494053,-0.74918824,0.66077060,-0.07993577,-0.64421505,0.02934198,0.00420429,0.00173117,0.04946224,0.64981818,0.04967077
7.14000000,-7.82423115,7.54775143,-0.09911165,-0.04330530,0.01496184,-0.74886304,0.66113913,-0.07930383,-0.64429891,0.02929121,0.00416419,0.00171466,0.04899046,0.64982164,0.04919701
7.16000000,-7.82580614,7.53486633,-0.09852683,-0.04329600,0.01498873,-0.74845231,0.66160405,-0.07847646,-0.64416009,0.02921602,0.00638924,0.00263085,0.07516752,0.64958012,0.07548444
7.18000000,-7.82736111,7.52198124,-0.09794366,-0.04328482,0.01502100,-0.74795890,0.66216183,-0.07751985,-0.64429080,0.02913928,0.00630227,0.00259504,0.07414425,0.64959151,0.07445685
7.20000000,-7.82889748,7.50909376,-0.09736201,-0.04327375,0.01505285,-0.74747145,0.66271198,-0.07657532,-0.64441758,0.02906344,0.00622214,0.00256205,0.07320163,0.64960182,0.07351025
7.22000000,-7.83041477,7.49620342,-0.09678187,-0.04326280,0.01508430,-0.74698949,0.66325521,-0.07564183,-0.64454061,0.02898839,0.00614904,0.00253195,0.07234164,0.64961112,0.07264665
7.24000000,-7.83191395,7.48331070,-0.09620322,-0.04325194,0.01511541,-0.74651241,0.66379213,-0.07471831,-0.64466000,0.02891407,0.00608319,0.00250483,0.07156684,0.64961940,0.07186858
7.26000000,-7.83339453,7.47041607,-0.09562604,-0.04324117,0.01514619,-0.74603969,0.66432339,-0.07380363,-0.64477599,0.02884038,0.00602484,0.00248080,0.07088042,0.64962667,0.07117926
7.28000000,-7.83485699,7.45751858,-0.09505033,-0.04323047,0.01517670,-0.74557072,0.66484970,-0.07289664,-0.64488870,0.02876724,0.00597434,0.00246001,0.07028635,0.64963287,0.07058268
7.30000000,-7.83630133,7.44461918,-0.09447608,-0.04321983,0.01520698,-0.74510485,0.66537178,-0.07199611,-0.64499831,0.02869453,0.00593211,0.00244262,0.06978952,0.64963806,0.07008376
7.32000000,-7.83772421,7.43172073,-0.09390369,-0.04320679,0.01524400,-0.74453461,0.66600978,-0.07087450,-0.64494801,0.02859743,0.00724252,0.00298220,0.08520605,0.64946049,0.08556528
7.34000000,-7.83912563,7.41881990,-0.09333306,-0.04319388,0.01528052,-0.74397123,0.66663903,-0.06978817,-0.64508414,0.02850986,0.00715012,0.00294415,0.08411895,0.64947420,0.08447361
7.36000000,-7.84050512,7.40591621,-0.09276416,-0.04318111,0.01531660,-0.74341410,0.66726023,-0.06871457,-0.64521563,0.02842320,0.00706570,0.00290939,0.08312584,0.64948654,0.08347631
7.38000000,-7.84185839,7.39301252,-0.09212764,-0.04648493,0.01165075,-0.74266559,0.66794550,-0.06714240,-0.64508325,0.03473603,0.00698674,0.00369888,0.08219682,0.64949757,0.08257610
7.40000000,-7.84318542,7.38010931,-0.09143417,-0.04647538,0.01168876,-0.74211907,0.66855270,-0.06609050,-0.64520681,0.03465218,0.00691420,0.00366048,0.08134343,0.64950794,0.08171878
7.42000000,-7.84449148,7.36720324,-0.09074238,-0.04646590,0.01172641,-0.74157727,0.66915363,-0.06504831,-0.64532626,0.03456897,0.00685035,0.00362668,0.08059232,0.64951694,0.08096421
7.44000000,-7.84577703,7.35429478,-0.09005224,-0.04645647,0.01176373,-0.74103951,0.66974908,-0.06401446,-0.64544183,0.03448629,0.00679562,0.00359770,0.07994840,0.64952463,0.08031731
7.46000000,-7.84704113,7.34138536,-0.08936384,-0.04644661,0.01180258,-0.74047911,0.67036861,-0.06292853,-0.64546376,0.03439498,0.00740537,0.00392051,0.08712190,0.64943552,0.08752391
7.48000000,-7.84828329,7.32847404,-0.08867727,-0.04643639,0.01184273,-0.73989922,0.67100859,-0.06181621,-0.64559150,0.03430618,0.00730357,0.00386662,0.08592431,0.64945096,0.08632079
7.50000000,-7.84950304,7.31556034,-0.08799247,-0.04642627,0.01188235,-0.73932642,0.67163968,-0.06071812,-0.64571446,0.03421837,0.00720968,0.00381691,0.08481970,0.64946496,0.08521109
7.52000000,-7.85070133,7.30264425,-0.08730941,-0.04641623,0.01192148,-0.73875999,0.67226267,-0.05963304,-0.64583290,0.03413147,0.00712388,0.00377149,0.08381031,0.64947760,0.08419704
7.54000000,-7.85187769,7.28972578,-0.08662806,-0.04640628,0.01196016,-0.73819941,0.67287821,-0.05855975,-0.64594698,0.03404538,0.00704642,0.00373048,0.08289897,0.64948893,0.08328150
7.56000000,-7.85303307,7.27680540,-0.08594844,-0.04639640,0.01199845,-0.73764396,0.67348707,-0.05749695,-0.64605695,0.03395998,0.00697760,0.00369404,0.08208930,0.64949888,0.08246809
7.58000000,-7.85416698,7.26388264,-0.08527052,-0.04638657,0.01203639,-0.73709291,0.67409009,-0.05644330,-0.64616293,0.03387519,0.00691780,0.00366238,0.08138578,0.64950740,0.08176132
7.60000000,-7.85528040,7.25095797,-0.08459427,-0.04637679,0.01207403,-0.73654562,0.67468804,-0.05539738,-0.64626503,0.03379088,0.00686749,0.00363575,0.08079389,0.64951456,0.08116671
7.62000000,-7.85637236,7.23803139,-0.08391975,-0.04636691,0.01211191,-0.73599428,0.67528945,-0.05434360,-0.64635444,0.03370534,0.00689911,0.00365249,0.08116592,0.64951009,0.08154046
7.64000000,-7.85744381,7.22510242,-0.08324689,-0.04635714,0.01214925,-0.73545009,0.67588210,-0.05330561,-0.64645845,0.03362179,0.00680583,0.00360310,0.08006851,0.64952320,0.08043798
7.66000000,-7.85849428,7.21217203,-0.08257570,-0.04634746,0.01218611,-0.73491240,0.67646670,-0.05228071,-0.64655840,0.03353917,0.00672001,0.00355767,0.07905886,0.64953518,0.07942367
7.68000000,-7.85952473,7.19923925,-0.08189473,-0.05137189,0.00673797,-0.73404849,0.67711771,-0.05049903,-0.64614666,0.04306108,0.00663666,0.00468468,0.07807834,0.64954591,0.07849980
7.70000000,-7.86051989,7.18631506,-0.08103470,-0.05136663,0.00677792,-0.73352164,0.67768836,-0.04949607,-0.64623970,0.04298141,0.00656272,0.00463249,0.07720847,0.64955598,0.07762523
7.72000000,-7.86149454,7.17338896,-0.08017626,-0.05136140,0.00681743,-0.73300010,0.67825246,-0.04850385,-0.64632958,0.04290246,0.00649306,0.00458332,0.07638893,0.64956534,0.07680127
7.74000000,-7.86245012,7.16046095,-0.07931938,-0.05135620,0.00685655,-0.73248321,0.67881060,-0.04752109,-0.64641595,0.04282411,0.00643169,0.00454000,0.07566689,0.64957350,0.07607533
7.76000000,-7.86338615,7.14753103,-0.07846402,-0.05135112,0.00689448,-0.73198169,0.67935139,-0.04657073,-0.64653361,0.04275039,0.00609567,0.00430280,0.07171366,0.64961690,0.07210077
7.78000000,-7.86430359,7.13459921,-0.07761012,-0.05134620,0.00693106,-0.73149794,0.67987227,-0.04565234,-0.64661580,0.04267723,0.00600121,0.00423613,0.07060239,0.64962870,0.07098350
7.80000000,-7.86520290,7.12166548,-0.07675765,-0.05134133,0.00696706,-0.73102099,0.68038505,-0.04474749,-0.64669466,0.04260506,0.00591298,0.00417385,0.06956442,0.64963955,0.06993992
7.82000000,-7.86608458,7.10873079,-0.07590663,-0.05133650,0.00700255,-0.73055041,0.68089032,-0.04385520,-0.64677048,0.04253376,0.00583109,0.00411604,0.06860098,0.64964944,0.06897128
7.84000000,-7.86694860,7.09579420,-0.07505701,-0.05133171,0.00703758,-0.73008573,0.68138856,-0.04297452,-0.64684325,0.04246327,0.00575568,0.00406281,0.06771379,0.64965844,0.06807930
7.86000000,-7.86779499,7.08285618,-0.07420879,-0.05132695,0.00707217,-0.72962636,0.68188041,-0.04210443,-0.64691317,0.04239351,0.00568694,0.00401429,0.06690507,0.64966655,0.06726623
7.88000000,-7.86862421,7.06991673,-0.07336196,-0.05132223,0.00710637,-0.72917181,0.68236649,-0.04124391,-0.64698040,0.04232439,0.00562511,0.00397064,0.06617768,0.64967376,0.06653491
7.90000000,-7.86943626,7.05697632,-0.07251650,-0.05131753,0.00714023,-0.72872150,0.68284738,-0.04039187,-0.64704496,0.04225584,0.00557050,0.00393209,0.06553519,0.64968008,0.06588894
7.92000000,-7.87023258,7.04403353,-0.07167223,-0.05131330,0.00717058,-0.72831738,0.68327832,-0.03963131,-0.64715964,0.04219808,0.00498581,0.00351938,0.05865657,0.64974374,0.05897320
7.94000000,-7.87101412,7.03108931,-0.07082918,-0.05130912,0.00720044,-0.72791970,0.68370199,-0.03887976,-0.64721739,0.04213766,0.00490514,0.00346243,0.05770749,0.64975196,0.05801899
7.96000000,-7.87178040,7.01814413,-0.06998732,-0.05130498,0.00722983,-0.72752798,0.68411887,-0.03813985,-0.64727294,0.04207810,0.00482951,0.00340905,0.05681771,0.64975953,0.05712441
7.98000000,-7.87253237,7.00519800,-0.06914664,-0.05130089,0.00725878,-0.72714180,0.68452930,-0.03741080,-0.64732629,0.04201933,0.00475900,0.00335928,0.05598817,0.64976650,0.05629039
8.00000000,-7.87326717,6.99225283,-0.06826873,-0.05299176,0.00547908,-0.72663969,0.68495005,-0.03643313,-0.64717668,0.04516314,0.00469227,0.00358819,0.05520308,0.64977288,0.05551822
8.02000000,-7.87398529,6.97930861,-0.06736632,-0.05298874,0.00550818,-0.72626346,0.68534899,-0.03572348,-0.64722627,0.04510603,0.00462980,0.00354042,0.05446822,0.64977884,0.05477916
8.04000000,-7.87468910,6.96636295,-0.06646505,-0.05298574,0.00553691,-0.72589171,0.68574268,-0.03502267,-0.64727396,0.04504957,0.00457280,0.00349683,0.05379764,0.64978427,0.05410475
8.06000000,-7.87537956,6.95341635,-0.06556482,-0.05298297,0.00556334,-0.72554964,0.68610466,-0.03438090,-0.64737141,0.04500135,0.00389141,0.00297577,0.04578125,0.64984375,0.04604261
8.08000000,-7.87605858,6.94046831,-0.06466550,-0.05298045,0.00558737,-0.72523838,0.68643361,-0.03379471,-0.64741141,0.04495412,0.00381812,0.00291972,0.04491901,0.64984959,0.04517544
8.10000000,-7.87672567,6.92751980,-0.06376712,-0.05297795,0.00561095,-0.72493273,0.68675643,-0.03321926,-0.64744991,0.04490771,0.00374849,0.00286648,0.04409985,0.64985502,0.04435160
8.12000000,-7.87738180,6.91456985,-0.06286965,-0.05297549,0.00563409,-0.72463238,0.68707329,-0.03265398,-0.64748687,0.04486209,0.00368254,0.00281604,0.04332392,0.64986008,0.04357124
8.14000000,-7.87802649,6.90161991,-0.06197308,-0.05297307,0.00565685,-0.72433704,0.68738467,-0.03209831,-0.64752245,0.04481717,0.00362028,0.00276844,0.04259153,0.64986479,0.04283468
8.16000000,-7.87866020,6.88866901,-0.06107740,-0.05297067,0.00567925,-0.72404641,0.68769085,-0.03155169,-0.64755678,0.04477294,0.00356178,0.00272370,0.04190328,0.64986914,0.04214250
8.18000000,-7.87928295,6.87571716,-0.06018260,-0.05296830,0.00570129,-0.72376013,0.68799210,-0.03101354,-0.64758974,0.04472934,0.00350710,0.00268189,0.04126001,0.64987314,0.04149555
8.20000000,-7.87989521,6.86276484,-0.05928866,-0.05296596,0.00572301,-0.72347796,0.68828881,-0.03048326,-0.64762157,0.04468633,0.00345635,0.00264308,0.04066286,0.64987677,0.04089500
8.22000000,-7.88049889,6.84981108,-0.05839539,-0.05296408,0.00574037,-0.72325236,0.68852592,-0.03006133,-0.64768845,0.04465482,0.00275707,0.00210834,0.03243604,0.64992160,0.03262121
8.24000000,-7.88109350,6.83685732,-0.05750280,-0.05296224,0.00575735,-0.72303158,0.68875772,-0.02964677,-0.64771330,0.04462119,0.00269674,0.00206220,0.03172630,0.64992499,0.03190742
8.26000000,-7.88168049,6.82390261,-0.05661087,-0.05296043,0.00577396,-0.72281557,0.68898439,-0.02924113,-0.64773721,0.04458827,0.00263880,0.00201790,0.03104473,0.64992815,0.03122196
8.28000000,-7.88225937,6.81094742,-0.05571959,-0.05295866,0.00579021,-0.72260404,0.68920630,-0.02884406,-0.64776021,0.04455601,0.00258324,0.00197541,0.03039101,0.64993113,0.03056450
8.30000000,-7.88283062,6.79799175,-0.05481891,-0.05466171,0.00400933,-0.72227013,0.68943590,-0.02819443,-0.64756578,0.04772640,0.00252917,0.00208286,0.02975497,0.64993393,0.02993482
8.32000000,-7.88338852,6.78504038,-0.05386484,-0.05466053,0.00402543,-0.72206700,0.68964863,-0.02781338,-0.64758724,0.04769551,0.00247701,0.00203990,0.02914122,0.64993668,0.02931736
8.34000000,-7.88393927,6.77208805,-0.05291139,-0.05465936,0.00404120,-0.72186810,0.68985689,-0.02744023,-0.64760798,0.04766525,0.00242580,0.00199773,0.02853879,0.64993924,0.02871128
8.36000000,-7.88448286,6.75913572,-0.05195847,-0.05465836,0.00405474,-0.72169709,0.69003576,-0.02712064,-0.64765102,0.04764109,0.00178975,0.00147392,0.02105591,0.64996696,0.02118318
8.38000000,-7.88502121,6.74618244,-0.05100598,-0.05465752,0.00406606,-0.72155422,0.69018513,-0.02685284,-0.64766568,0.04761936,0.00173671,0.00143024,0.02043183,0.64996886,0.02055533
8.40000000,-7.88555479,6.73322868,-0.05005391,-0.05465670,0.00407703,-0.72141558,0.69033003,-0.02659302,-0.64767981,0.04759826,0.00168489,0.00138756,0.01982218,0.64997071,0.01994199
8.42000000,-7.88608265,6.72027493,-0.04910225,-0.05465591,0.00408768,-0.72128111,0.69047058,-0.02634098,-0.64769334,0.04757779,0.00163422,0.00134583,0.01922605,0.64997244,0.01934226
8.44000000,-7.88660574,6.70732069,-0.04815099,-0.05465513,0.00409802,-0.72115070,0.69060677,-0.02609657,-0.64770633,0.04755791,0.00158461,0.00130498,0.01864249,0.64997405,0.01875517
8.46000000,-7.88712406,6.69436646,-0.04720012,-0.05465438,0.00410803,-0.72102422,0.69073880,-0.02585964,-0.64771885,0.04753865,0.00153600,0.00126494,0.01807052,0.64997566,0.01817974
8.48000000,-7.88763809,6.68141222,-0.04624963,-0.05465365,0.00411772,-0.72090161,0.69086677,-0.02563004,-0.64773083,0.04751997,0.00148828,0.00122565,0.01750912,0.64997715,0.01761495
8.50000000,-7.88814735,6.66845703,-0.04529950,-0.05465294,0.00412712,-0.72078288,0.69099063,-0.02540764,-0.64774233,0.04750187,0.00144136,0.00118701,0.01695719,0.64997858,0.01705968
8.52000000,-7.88865328,6.65550184,-0.04434963,-0.05465249,0.00413311,-0.72070712,0.69106966,-0.02526627,-0.64776146,0.04749119,0.00091566,0.00075407,0.01077241,0.64999133,0.01083752
8.54000000,-7.88915634,6.64254665,-0.04339997,-0.05465206,0.00413881,-0.72063494,0.69114488,-0.02513114,-0.64776838,0.04748019,0.00087192,0.00071805,0.01025783,0.64999217,0.01031983
8.56000000,-7.88965702,6.62959099,-0.04245052,-0.05465165,0.00414424,-0.72056633,0.69121641,-0.02500268,-0.64777488,0.04746972,0.00082839,0.00068221,0.00974575,0.64999294,0.00980465
8.58000000,-7.89015532,6.61663580,-0.04150128,-0.05465126,0.00414938,-0.72050130,0.69128424,-0.02488087,-0.64778101,0.04745980,0.00078496,0.00064644,0.00923482,0.64999366,0.00929063
8.60000000,-7.89065123,6.60368013,-0.04055222,-0.05465089,0.00415425,-0.72043973,0.69134837,-0.02476570,-0.64778680,0.04745042,0.00074150,0.00061065,0.00872357,0.64999431,0.00877630
8.62000000,-7.89113951,6.59072876,-0.03951142,-0.05806453,0.00057894,-0.72011518,0.69142050,-0.02413593,-0.64731181,0.05383630,0.00069737,0.00065634,0.00820432,0.64999497,0.00826002
8.64000000,-7.89162111,6.57778263,-0.03843481,-0.05806448,0.00058348,-0.72006112,0.69147682,-0.02403467,-0.64731693,0.05382811,0.00064816,0.00061003,0.00762546,0.64999568,0.00767723
8.66000000,-7.89210033,6.56483603,-0.03735834,-0.05806445,0.00058649,-0.72002524,0.69151419,-0.02396763,-0.64732355,0.05382294,0.00025279,0.00023792,0.00297404,0.64999932,0.00299424
8.68000000,-7.89257908,6.55188990,-0.03628192,-0.05806443,0.00058802,-0.72000700,0.69153315,-0.02393356,-0.64732522,0.05382017,0.00021200,0.00019953,0.00249407,0.64999956,0.00251101
8.70000000,-7.89305735,6.53894329,-0.03520556,-0.05806442,0.00058927,-0.71999216,0.69154859,-0.02390581,-0.64732665,0.05381793,0.00017060,0.00016056,0.00200700,0.64999968,0.00202063
8.72000000,-7.89353514,6.52599669,-0.03412922,-0.05806441,0.00059022,-0.71998078,0.69156045,-0.02388450,-0.64732766,0.05381620,0.00012844,0.00012088,0.00151104,0.64999986,0.00152129
8.74000000,-7.89401293,6.51305008,-0.03305292,-0.05806441,0.00059088,-0.71997291,0.69156861,-0.02386975,-0.64732844,0.05381501,0.00008535,0.00008033,0.00100417,0.64999992,0.00101099
8.76000000,-7.89449024,6.50010347,-0.03197663,-0.05806440,0.00059125,-0.71996862,0.69157308,-0.02386173,-0.64732885,0.05381436,0.00004115,0.00003873,0.00048417,0.64999998,0.00048745
8.78000000,-7.89496708,6.48715687,-0.03090034,-0.05806440,0.00059130,-0.71996802,0.69157368,-0.02386065,-0.64732891,0.05381427,-0.00000438,-0.00000412,-0.00005153,0.64999998,-0.00005188
8.80000000,-7.89544439,6.47421026,-0.02982405,-0.05806440,0.00059102,-0.71997130,0.69157034,-0.02386672,-0.64732862,0.05381476,-0.00005150,-0.00004847,-0.00060583,0.64999998,-0.00060995
8.82000000,-7.89592266,6.46126366,-0.02874771,-0.05806442,0.00058910,-0.71999419,0.69154650,-0.02390953,-0.64732587,0.05381818,-0.00028807,-0.00027112,-0.00338901,0.64999914,-0.00341202
8.84000000,-7.89640141,6.44831705,-0.02767128,-0.05806445,0.00058694,-0.72001994,0.69151968,-0.02395778,-0.64732355,0.05382210,-0.00032371,-0.00030466,-0.00380831,0.64999890,-0.00383416
8.86000000,-7.89688158,6.43537092,-0.02659478,-0.05806447,0.00058452,-0.72004873,0.69148970,-0.02401165,-0.64732093,0.05382647,-0.00036062,-0.00033940,-0.00424254,0.64999866,-0.00427134
8.88000000,-7.89736271,6.42242432,-0.02551818,-0.05806450,0.00058184,-0.72008061,0.69145650,-0.02407133,-0.64731801,0.05383131,-0.00039898,-0.00037551,-0.00469384,0.64999837,-0.00472570
8.90000000,-7.89784479,6.40947819,-0.02444147,-0.05806453,0.00057889,-0.72011578,0.69141990,-0.02413709,-0.64731479,0.05383664,-0.00043899,-0.00041317,-0.00516461,0.64999801,-0.00519967
8.92000000,-7.89832878,6.39653206,-0.02336465,-0.05806482,0.00057538,-0.72015429,0.69137979,-0.02420915,-0.64731115,0.05384297,-0.00048090,-0.00045261,-0.00565761,0.64999759,-0.00569602
8.94000000,-7.89881420,6.38358593,-0.02228769,-0.05806486,0.00057185,-0.72019637,0.69133592,-0.02428792,-0.64730722,0.05384935,-0.00052496,-0.00049408,-0.00617599,0.64999717,-0.00621792
8.96000000,-7.89930105,6.37063980,-0.02121060,-0.05806489,0.00056800,-0.72024220,0.69128817,-0.02437373,-0.64730287,0.05385629,-0.00057149,-0.00053787,-0.00672340,0.64999664,-0.00676904
8.98000000,-7.89979029,6.35769367,-0.02013336,-0.05806494,0.00056356,-0.72029501,0.69123316,-0.02447259,-0.64729744,0.05386426,-0.00065282,-0.00061442,-0.00768021,0.64999557,-0.00773235
9.00000000,-7.90028095,6.34474802,-0.01905595,-0.05806498,0.00055890,-0.72035044,0.69117534,-0.02457643,-0.64729238,0.05387268,-0.00068556,-0.00064524,-0.00806545,0.64999515,-0.00812021
9.02000000,-7.90077400,6.33180189,-0.01797836,-0.05806503,0.00055401,-0.72040868,0.69111466,-0.02468549,-0.64728701,0.05388152,-0.00072006,-0.00067771,-0.00847134,0.64999461,-0.00852886
9.04000000,-7.90126944,6.31885624,-0.01690059,-0.05806508,0.00054887,-0.72046989,0.69105089,-0.02480006,-0.64728129,0.05389081,-0.00075653,-0.00071203,-0.00890034,0.64999408,-0.00896077
9.06000000,-7.90176725,6.30591106,-0.01582263,-0.05806513,0.00054347,-0.72053415,0.69098383,-0.02492046,-0.64727521,0.05390055,-0.00079519,-0.00074842,-0.00935522,0.64999348,-0.00941874
9.08000000,-7.90226793,6.29296541,-0.01472063,-0.05799117,-0.00298012,-0.72061414,0.69090044,-0.02508143,-0.64700252,0.05700205,-0.00078713,-0.00083633,-0.00983917,0.64999276,-0.00990598
9.10000000,-7.90277147,6.28002548,-0.01358044,-0.05799086,-0.00298609,-0.72068530,0.69082618,-0.02521481,-0.64699566,0.05701214,-0.00082823,-0.00088000,-0.01035285,0.64999199,-0.01042314
9.12000000,-7.90327787,6.26708555,-0.01244004,-0.05799055,-0.00299206,-0.72075641,0.69075203,-0.02534805,-0.64699042,0.05702235,-0.00078345,-0.00083242,-0.00979306,0.64999282,-0.00985955
9.14000000,-7.90378666,6.25414610,-0.01129945,-0.05799025,-0.00299793,-0.72082633,0.69067901,-0.02547920,-0.64698386,0.05703229,-0.00081110,-0.00086180,-0.01013872,0.64999235,-0.01020756
9.16000000,-7.90429831,6.24120617,-0.01015865,-0.05798993,-0.00300402,-0.72089881,0.69060338,-0.02561506,-0.64697707,0.05704258,-0.00084051,-0.00089304,-0.01050632,0.64999175,-0.01057765
9.18000000,-7.90481281,6.22826719,-0.00901764,-0.05798960,-0.00301033,-0.72097397,0.69052494,-0.02575595,-0.64696985,0.05705324,-0.00087186,-0.00092635,-0.01089819,0.64999115,-0.01097218
9.20000000,-7.90533018,6.21532774,-0.00787641,-0.05798927,-0.00301688,-0.72105199,0.69044346,-0.02590222,-0.64696234,0.05706430,-0.00090536,-0.00096195,-0.01131700,0.64999044,-0.01139384
9.22000000,-7.90585041,6.20238876,-0.00673495,-0.05798891,-0.00302369,-0.72113305,0.69035876,-0.02605423,-0.64695448,0.05707579,-0.00094127,-0.00100010,-0.01176582,0.64998966,-0.01184571
9.24000000,-7.90637350,6.18944979,-0.00559326,-0.05798826,-0.00303048,-0.72121745,0.69027066,-0.02621247,-0.64694619,0.05708721,-0.00097986,-0.00104109,-0.01224819,0.64998877,-0.01233135
9.26000000,-7.90690041,6.17651081,-0.00445133,-0.05798787,-0.00303787,-0.72130531,0.69017881,-0.02637731,-0.64693743,0.05709966,-0.00102146,-0.00108529,-0.01276819,0.64998782,-0.01285488
9.28000000,-7.90743017,6.16357231,-0.00330917,-0.05798755,-0.00304411,-0.72137964,0.69010115,-0.02651682,-0.64693433,0.05711055,-0.00086102,-0.00091483,-0.01076274,0.64999133,-0.01083582
9.30000000,-7.90796232,6.15063334,-0.00216680,-0.05798721,-0.00305055,-0.72145629,0.69002104,-0.02666062,-0.64692688,0.05712142,-0.00088877,-0.00094432,-0.01110964,0.64999080,-0.01118506
9.32000000,-7.90849781,6.13769531,-0.00102420,-0.05798686,-0.00305720,-0.72153544,0.68993825,-0.02680918,-0.64691913,0.05713265,-0.00091843,-0.00097583,-0.01148043,0.64999014,-0.01155837
9.34000000,-7.90903664,6.12475681,0.00011862,-0.05798649,-0.00306409,-0.72161734,0.68985260,-0.02696282,-0.64691103,0.05714425,-0.00095021,-0.00100959,-0.01187763,0.64998949,-0.01195827
9.36000000,-7.90957832,6.11181879,0.00126169,-0.05798612,-0.00307121,-0.72170210,0.68976390,-0.02712193,-0.64690250,0.05715626,-0.00098433,-0.00104585,-0.01230412,0.64998871,-0.01238765
9.38000000,-7.91012287,6.09888077,0.00240500,-0.05798573,-0.00307860,-0.72179002,0.68967187,-0.02728691,-0.64689362,0.05716870,-0.00102106,-0.00108487,-0.01276322,0.64998782,-0.01284987
9.40000000,-7.91067123,6.08594322,0.00353163,-0.05806581,0.00043155,-0.72186792,0.68959039,-0.02742097,-0.64715064,0.05410264,-0.00112700,-0.00106070,-0.01325876,0.64998686,-0.01334878
9.42000000,-7.91122198,6.07299995,0.00461389,-0.05806586,0.00042459,-0.72195059,0.68950385,-0.02757634,-0.64714819,0.05411565,-0.00087448,-0.00082304,-0.01028801,0.64999211,-0.01035786
9.44000000,-7.91177559,6.06005716,0.00569637,-0.05806590,0.00041842,-0.72202379,0.68942720,-0.02771373,-0.64714086,0.05412674,-0.00090363,-0.00085047,-0.01063097,0.64999157,-0.01070315
9.46000000,-7.91233206,6.04711437,0.00677907,-0.05806595,0.00041204,-0.72209948,0.68934786,-0.02785580,-0.64713317,0.05413820,-0.00093470,-0.00087971,-0.01099642,0.64999098,-0.01107108
9.48000000,-7.91289139,6.03417206,0.00786201,-0.05806600,0.00040544,-0.72217786,0.68926579,-0.02800288,-0.64712518,0.05415006,-0.00096787,-0.00091093,-0.01138670,0.64999032,-0.01146401
9.50000000,-7.91345358,6.02122974,0.00894520,-0.05806604,0.00039860,-0.72225904,0.68918073,-0.02815530,-0.64711684,0.05416235,-0.00100338,-0.00094436,-0.01180451,0.64998960,-0.01188466
9.52000000,-7.91401911,6.00828743,0.01002864,-0.05806609,0.00039151,-0.72234327,0.68909240,-0.02831346,-0.64710808,0.05417509,-0.00104150,-0.00098023,-0.01225293,0.64998877,-0.01233612
9.54000000,-7.91458797,5.99534559,0.01113561,-0.05976468,-0.00140976,-0.72229260,0.68899894,-0.02822067,-0.64683491,0.05737952,-0.00108208,-0.00108207,-0.01273033,0.64998788,-0.01282198
9.56000000,-7.91515493,5.98240900,0.01228341,-0.05976450,-0.00141767,-0.72238374,0.68890339,-0.02839183,-0.64682519,0.05739324,-0.00112766,-0.00112766,-0.01326662,0.64998686,-0.01336213
9.58000000,-7.91572475,5.96947241,0.01343143,-0.05976436,-0.00142329,-0.72244859,0.68883544,-0.02851389,-0.64682543,0.05740364,-0.00080148,-0.00080147,-0.00942913,0.64999336,-0.00949701
9.60000000,-7.91629696,5.95653582,0.01457965,-0.05976423,-0.00142915,-0.72251606,0.68876463,-0.02864063,-0.64681834,0.05741381,-0.00083447,-0.00083447,-0.00981730,0.64999282,-0.00988797
9.62000000,-7.91687155,5.94359970,0.01572809,-0.05976408,-0.00143525,-0.72258633,0.68869090,-0.02877266,-0.64681095,0.05742440,-0.00086941,-0.00086941,-0.01022840,0.64999217,-0.01030203
9.64000000,-7.91744900,5.93066359,0.01687674,-0.05976393,-0.00144160,-0.72265959,0.68861407,-0.02891029,-0.64680314,0.05743544,-0.00090653,-0.00090652,-0.01066500,0.64999151,-0.01074177
9.66000000,-7.91802931,5.91772747,0.01802562,-0.05976376,-0.00144824,-0.72273600,0.68853384,-0.02905388,-0.64679492,0.05744695,-0.00094605,-0.00094605,-0.01113002,0.64999074,-0.01121015
9.68000000,-7.91861296,5.90479183,0.01917474,-0.05976360,-0.00145517,-0.72281581,0.68845004,-0.02920384,-0.64678627,0.05745896,-0.00098828,-0.00098828,-0.01162683,0.64998990,-0.01171054
9.70000000,-7.91919899,5.89185619,0.02032411,-0.05976342,-0.00146241,-0.72289926,0.68836242,-0.02936062,-0.64677709,0.05747150,-0.00103354,-0.00103354,-0.01215932,0.64998895,-0.01224686
9.72000000,-7.91978836,5.87892056,0.02147371,-0.05976327,-0.00146850,-0.72296953,0.68828863,-0.02949305,-0.64677662,0.05748271,-0.00066476,-0.00066476,-0.00782074,0.64999545,-0.00787704
9.74000000,-7.92038012,5.86598539,0.02262349,-0.05976315,-0.00147339,-0.72302580,0.68822950,-0.02959884,-0.64677054,0.05749119,-0.00069803,-0.00069803,-0.00821213,0.64999497,-0.00827125
9.76000000,-7.92097378,5.85305023,0.02377345,-0.05976302,-0.00147852,-0.72308493,0.68816739,-0.02970994,-0.64676410,0.05750009,-0.00073301,-0.00073300,-0.00862359,0.64999443,-0.00868568
9.78000000,-7.92156935,5.84011507,0.02492359,-0.05976289,-0.00148391,-0.72314698,0.68810219,-0.02982661,-0.64675736,0.05750943,-0.00076989,-0.00076988,-0.00905747,0.64999390,-0.00912267
9.80000000,-7.92216778,5.82717991,0.02607393,-0.05976275,-0.00148958,-0.72321218,0.68803370,-0.02994918,-0.64675015,0.05751923,-0.00080890,-0.00080889,-0.00951640,0.64999324,-0.00958491
9.82000000,-7.92276907,5.81424475,0.02722447,-0.05976260,-0.00149553,-0.72328067,0.68796164,-0.03007800,-0.64674258,0.05752954,-0.00085029,-0.00085029,-0.01000344,0.64999253,-0.01007545
9.84000000,-7.92337227,5.80131006,0.02837522,-0.05976244,-0.00150179,-0.72335273,0.68788588,-0.03021348,-0.64673448,0.05754037,-0.00089438,-0.00089437,-0.01052206,0.64999175,-0.01059780
9.86000000,-7.92398119,5.78837299,0.02946852,-0.05806695,0.00028809,-0.72356617,0.68780822,-0.03061213,-0.64698982,0.05436151,-0.00094187,-0.00088647,-0.01108081,0.64999086,-0.01115604
9.88000000,-7.92459488,5.77543306,0.03055585,-0.05806697,0.00028448,-0.72360897,0.68776315,-0.03069293,-0.64699167,0.05436853,-0.00053319,-0.00050183,-0.00627284,0.64999706,-0.00631543
9.90000000,-7.92521000,5.76249313,0.03164333,-0.05806699,0.00028064,-0.72365445,0.68771529,-0.03077848,-0.64698660,0.05437540,-0.00056658,-0.00053325,-0.00666561,0.64999670,-0.00671086
9.92000000,-7.92582703,5.74955368,0.03273094,-0.05806701,0.00027656,-0.72370279,0.68766451,-0.03086931,-0.64698124,0.05438269,-0.00060154,-0.00056615,-0.00707689,0.64999628,-0.00712494
9.94000000,-7.92644548,5.73661423,0.03381871,-0.05806703,0.00027223,-0.72375399,0.68761057,-0.03096571,-0.64697552,0.05439042,-0.00063826,-0.00060072,-0.00750898,0.64999580,-0.00755996
9.96000000,-7.92706633,5.72367477,0.03490664,-0.05806705,0.00026764,-0.72380835,0.68755335,-0.03106797,-0.64696938,0.05439863,-0.00067698,-0.00063716,-0.00796449,0.64999527,-0.00801857
9.98000000,-7.92768955,5.71073532,0.03599475,-0.05806708,0.00026277,-0.72386599,0.68749267,-0.03117640,-0.64696288,0.05440732,-0.00071795,-0.00067572,-0.00844641,0.64999467,-0.00850376
10.00000000,-7.92831469,5.69779634,0.03708303,-0.05806710,0.00025761,-0.72392714,0.68742830,-0.03129141,-0.64695585,0.05441653,-0.00076145,-0.00071666,-0.00895817,0.64999402,-0.00901899
10.02000000,-7.92894220,5.68485737,0.03817148,-0.05806712,0.00025371,-0.72397327,0.68737966,-0.03137854,-0.64695579,0.05442393,-0.00034955,-0.00032899,-0.00411235,0.64999872,-0.00414027
10.04000000,-7.92957067,5.67191839,0.03926003,-0.05806713,0.00025113,-0.72400385,0.68734747,-0.03143605,-0.64695233,0.05442855,-0.00038393,-0.00036135,-0.00451684,0.64999849,-0.00454751
10.06000000,-7.93020010,5.65897942,0.04034868,-0.05806714,0.00024829,-0.72403729,0.68731225,-0.03149898,-0.64694858,0.05443360,-0.00041960,-0.00039492,-0.00493651,0.64999819,-0.00497002
10.08000000,-7.93083096,5.64604044,0.04143743,-0.05806715,0.00024521,-0.72407371,0.68727386,-0.03156754,-0.64694440,0.05443910,-0.00045674,-0.00042988,-0.00537342,0.64999783,-0.00540990
10.10000000,-7.93146372,5.63310146,0.04252630,-0.05806717,0.00024187,-0.72411329,0.68723220,-0.03164199,-0.64693987,0.05444507,-0.00049554,-0.00046640,-0.00582993,0.64999747,-0.00586951
10.12000000,-7.93209743,5.62016249,0.04361530,-0.05806718,0.00023825,-0.72415608,0.68718708,-0.03172259,-0.64693499,0.05445153,-0.00053624,-0.00050470,-0.00630868,0.64999706,-0.00635151
10.14000000,-7.93273354,5.60722399,0.04470443,-0.05806720,0.00023434,-0.72420233,0.68713832,-0.03180967,-0.64692962,0.05445850,-0.00057908,-0.00054502,-0.00681274,0.64999652,-0.00685900
10.16000000,-7.93337107,5.59428549,0.04576514,-0.05637143,0.00203020,-0.72438580,0.68708324,-0.03216035,-0.64717209,0.05127136,-0.00062462,-0.00055113,-0.00734843,0.64999598,-0.00739549
10.18000000,-7.93401480,5.58134222,0.04679061,-0.05637148,0.00202885,-0.72440213,0.68706602,-0.03219130,-0.64717394,0.05127412,-0.00020933,-0.00018470,-0.00246265,0.64999956,-0.00247842
10.20000000,-7.93465900,5.56839848,0.04781613,-0.05637154,0.00202729,-0.72442126,0.68704587,-0.03222730,-0.64717174,0.05127702,-0.00024375,-0.00021507,-0.00286761,0.64999938,-0.00288598
10.22000000,-7.93530416,5.55545521,0.04884172,-0.05637160,0.00202548,-0.72444326,0.68702269,-0.03226870,-0.64716923,0.05128035,-0.00027931,-0.00024645,-0.00328596,0.64999920,-0.00330701
10.24000000,-7.93595028,5.54251194,0.04986738,-0.05637167,0.00202343,-0.72446817,0.68699634,-0.03231569,-0.64716637,0.05128413,-0.00031618,-0.00027898,-0.00371970,0.64999896,-0.00374353
10.26000000,-7.93659735,5.52956867,0.05089313,-0.05637176,0.00202113,-0.72449625,0.68696678,-0.03236849,-0.64716309,0.05128837,-0.00035454,-0.00031283,-0.00417111,0.64999872,-0.00419782
10.28000000,-7.93724537,5.51662540,0.05191897,-0.05637185,0.00201857,-0.72452754,0.68693376,-0.03242737,-0.64715946,0.05129310,-0.00039463,-0.00034821,-0.00464275,0.64999837,-0.00467249
10.30000000,-7.93789530,5.50368214,0.05294491,-0.05637195,0.00201572,-0.72456217,0.68689722,-0.03249260,-0.64715540,0.05129835,-0.00043670,-0.00038532,-0.00513760,0.64999801,-0.00517050
10.32000000,-7.93854570,5.49073935,0.05397094,-0.05637201,0.00201405,-0.72458249,0.68687582,-0.03253099,-0.64715523,0.05130159,-0.00004141,-0.00003654,-0.00048715,0.64999998,-0.00049027
10.34000000,-7.93919659,5.47779608,0.05499698,-0.05637202,0.00201360,-0.72458804,0.68686998,-0.03254140,-0.64715457,0.05130243,-0.00007690,-0.00006785,-0.00090466,0.64999992,-0.00091046
10.36000000,-7.93984747,5.46485329,0.05602305,-0.05637205,0.00201291,-0.72459650,0.68686104,-0.03255734,-0.64715362,0.05130371,-0.00011327,-0.00009994,-0.00133260,0.64999986,-0.00134113
10.38000000,-7.94049883,5.45191002,0.05704915,-0.05637208,0.00201198,-0.72460794,0.68684894,-0.03257897,-0.64715225,0.05130544,-0.00015069,-0.00013296,-0.00177277,0.64999974,-0.00178412
10.40000000,-7.94115114,5.43896675,0.05807529,-0.05637212,0.00201078,-0.72462255,0.68683350,-0.03260647,-0.64715058,0.05130765,-0.00018931,-0.00016704,-0.00222721,0.64999962,-0.00224147
10.42000000,-7.94180346,5.42602396,0.05910148,-0.05637218,0.00200931,-0.72464037,0.68681473,-0.03264004,-0.64714849,0.05131035,-0.00022935,-0.00020237,-0.00269822,0.64999944,-0.00271550
10.44000000,-7.94245720,5.41308117,0.06012774,-0.05637224,0.00200758,-0.72466159,0.68679237,-0.03267993,-0.64714599,0.05131355,-0.00027102,-0.00023913,-0.00318845,0.64999926,-0.00320887
10.46000000,-7.94311142,5.40013838,0.06115406,-0.05637231,0.00200555,-0.72468626,0.68676633,-0.03272641,-0.64714313,0.05131729,-0.00031458,-0.00027757,-0.00370090,0.64999896,-0.00372460
10.48000000,-7.94376802,5.38719320,0.06211676,-0.05467613,0.00380756,-0.72480994,0.68676531,-0.03297310,-0.64737719,0.04811937,0.00006269,0.00005162,0.00073749,0.64999998,0.00074195
10.50000000,-7.94442749,5.37424564,0.06307914,-0.05467612,0.00380779,-0.72480696,0.68676847,-0.03296751,-0.64737755,0.04811893,0.00002770,0.00002282,0.00032593,0.64999998,0.00032790
10.52000000,-7.94508696,5.36129808,0.06404153,-0.05467612,0.00380780,-0.72480690,0.68676853,-0.03296737,-0.64737755,0.04811892,-0.00000804,-0.00000662,-0.00009463,0.64999998,-0.00009520
10.54000000,-7.94574642,5.34835052,0.06500391,-0.05467613,0.00380757,-0.72480977,0.68676549,-0.03297279,-0.64737725,0.04811935,-0.00004470,-0.00003682,-0.00052594,0.64999998,-0.00052911
10.56000000,-7.94640589,5.33540297,0.06596631,-0.05467617,0.00380710,-0.72481567,0.68675923,-0.03298395,-0.64737654,0.04812025,-0.00008245,-0.00006790,-0.00096995,0.64999992,-0.00097581
10.58000000,-7.94706583,5.32245541,0.06692873,-0.05467622,0.00380638,-0.72482479,0.68674964,-0.03300104,-0.64737552,0.04812163,-0.00012146,-0.00010002,-0.00142890,0.64999986,-0.00143754
10.60000000,-7.94772625,5.30950785,0.06789119,-0.05467629,0.00380540,-0.72483706,0.68673664,-0.03302425,-0.64737403,0.04812350,-0.00016195,-0.00013337,-0.00190531,0.64999974,-0.00191683
10.62000000,-7.94838715,5.29656029,0.06885370,-0.05467637,0.00380414,-0.72485280,0.68672007,-0.03305385,-0.64737219,0.04812589,-0.00020418,-0.00016815,-0.00240211,0.64999956,-0.00241663
10.64000000,-7.94904804,5.28361273,0.06981618,-0.05467630,0.00380523,-0.72483921,0.68673444,-0.03302824,-0.64737386,0.04812383,0.00015845,0.00013049,0.00186412,0.64999974,0.00187539
10.66000000,-7.94970798,5.27066517,0.07077864,-0.05467624,0.00380608,-0.72482854,0.68674564,-0.03300817,-0.64737511,0.04812221,0.00012203,0.00010049,0.00143563,0.64999986,0.00144431
10.68000000,-7.95036793,5.25771809,0.07174106,-0.05467620,0.00380669,-0.72482091,0.68675375,-0.03299375,-0.64737600,0.04812105,0.00008491,0.00006992,0.00099890,0.64999992,0.00100494
10.70000000,-7.95102787,5.24477053,0.07270347,-0.05467617,0.00380704,-0.72481632,0.68675858,-0.03298511,-0.64737654,0.04812036,0.00004693,0.00003865,0.00055215,0.64999998,0.00055549
10.72000000,-7.95168734,5.23182297,0.07366587,-0.05467616,0.00380715,-0.72481483,0.68676013,-0.03298239,-0.64737672,0.04812014,0.00000794,0.00000654,0.00009337,0.64999998,0.00009394
10.74000000,-7.95234728,5.21887541,0.07462828,-0.05467617,0.00380701,-0.72481668,0.68675822,-0.03298578,-0.64737654,0.04812042,-0.00003228,-0.00002658,-0.00037971,0.64999998,-0.00038200
10.76000000,-7.95300722,5.20592785,0.07559070,-0.05467620,0.00380660,-0.72482181,0.68675280,-0.03299548,-0.64737594,0.04812120,-0.00007392,-0.00006088,-0.00086968,0.64999992,-0.00087493
10.78000000,-7.95367193,5.19297600,0.07648360,-0.05127865,0.00741428,-0.72506267,0.68673110,-0.03350210,-0.64779365,0.04171516,0.00025576,0.00018053,0.00300892,0.64999932,0.00302516
10.80000000,-7.95434141,5.18002033,0.07731786,-0.05127845,0.00741568,-0.72504389,0.68675095,-0.03346675,-0.64779580,0.04171228,0.00022318,0.00015754,0.00262566,0.64999950,0.00263983
10.82000000,-7.95501041,5.16706419,0.07815207,-0.05127827,0.00741689,-0.72502780,0.68676794,-0.03343643,-0.64779764,0.04170982,0.00019017,0.00013424,0.00223731,0.64999962,0.00224939
10.84000000,-7.95567894,5.15410805,0.07898623,-0.05127813,0.00741789,-0.72501445,0.68678206,-0.03341121,-0.64779919,0.04170777,0.00015661,0.00011055,0.00184246,0.64999974,0.00185241
10.86000000,-7.95634651,5.14115238,0.07982036,-0.05127801,0.00741868,-0.72500378,0.68679327,-0.03339120,-0.64780045,0.04170614,0.00012236,0.00008637,0.00143951,0.64999986,0.00144728
10.88000000,-7.95701408,5.12819624,0.08065447,-0.05127793,0.00741926,-0.72499603,0.68680149,-0.03337652,-0.64780134,0.04170495,0.00008727,0.00006160,0.00102669,0.64999992,0.00103223
10.90000000,-7.95768166,5.11524010,0.08148856,-0.05127788,0.00741963,-0.72499114,0.68680668,-0.03336731,-0.64780194,0.04170420,0.00005117,0.00003612,0.00060196,0.64999998,0.00060521
10.92000000,-7.95834875,5.10228395,0.08232263,-0.05127785,0.00741977,-0.72498924,0.68680865,-0.03336376,-0.64780217,0.04170391,0.00001386,0.00000978,0.00016301,0.64999998,0.00016389
10.94000000,-7.95901442,5.08935356,0.08315502,-0.05127757,0.00742172,-0.72496307,0.68683624,-0.03318445,-0.64527583,0.04153709,0.00031392,0.00022159,0.00369319,0.64746231,0.00371313
10.96000000,-7.95966911,5.07660437,0.08397564,-0.05127732,0.00742347,-0.72493964,0.68686104,-0.03260523,-0.63485682,0.04086272,0.00028060,0.00019807,0.00330120,0.63700551,0.00331902
10.98000000,-7.96031284,5.06406116,0.08478293,-0.05127709,0.00742502,-0.72491890,0.68688291,-0.03204098,-0.62460572,0.04019969,0.00024727,0.00017454,0.00290905,0.62671757,0.00292475
11.00000000,-7.96094513,5.05172062,0.08557713,-0.05127690,0.00742637,-0.72490084,0.68690193,-0.03149128,-0.61451977,0.03954782,0.00021387,0.00015097,0.00251611,0.61659575,0.00252969
11.02000000,-7.96156693,5.03957939,0.08635846,-0.05127673,0.00742751,-0.72488552,0.68691808,-0.03095576,-0.60459650,0.03890690,0.00018034,0.00012730,0.00212170,0.60663736,0.00213315
11.04000000,-7.96217823,5.02763557,0.08717793,-0.05118577,0.00390901,-0.72488737,0.68695199,-0.03041138,-0.59464687,0.04108480,0.00013802,0.00011214,0.00172527,0.59683979,0.00173441
11.06000000,-7.96277857,5.01588678,0.08798964,-0.05118572,0.00390974,-0.72487754,0.68696237,-0.02990363,-0.58504689,0.04042019,0.00010593,0.00008607,0.00132413,0.58720344,0.00133114
11.08000000,-7.96336937,5.00432777,0.08878823,-0.05118568,0.00391027,-0.72487050,0.68696976,-0.02940902,-0.57560164,0.03976668,0.00007353,0.00005974,0.00091915,0.57772267,0.00092402
11.10000000,-7.96395397,4.99295235,0.08950395,-0.04778226,0.00752177,-0.72507298,0.68697119,-0.02931481,-0.56664741,0.03351067,0.00032882,0.00022607,0.00411031,0.56839389,0.00412963
11.12000000,-7.96453238,4.98175669,0.09016598,-0.04778197,0.00752362,-0.72504634,0.68699932,-0.02879802,-0.55749530,0.03296597,0.00030271,0.00020811,0.00378388,0.55921113,0.00380167
11.14000000,-7.96510077,4.97074175,0.09081726,-0.04778171,0.00752532,-0.72502190,0.68702513,-0.02829385,-0.54849076,0.03243039,0.00027680,0.00019030,0.00346006,0.55017668,0.00347633
11.16000000,-7.96565962,4.95990515,0.09145796,-0.04778146,0.00752686,-0.72499973,0.68704849,-0.02780193,-0.53963149,0.03190377,0.00025108,0.00017262,0.00313848,0.54128820,0.00315324
11.18000000,-7.96620846,4.94924355,0.09208825,-0.04778124,0.00752825,-0.72497976,0.68706959,-0.02732193,-0.53091508,0.03138597,0.00022550,0.00015503,0.00281880,0.53254330,0.00283205
11.20000000,-7.96674776,4.93875408,0.09270832,-0.04778105,0.00752949,-0.72496194,0.68708837,-0.02685351,-0.52233922,0.03087683,0.00020005,0.00013753,0.00250063,0.52393967,0.00251239
11.22000000,-7.96727800,4.92843390,0.09331834,-0.04778088,0.00753057,-0.72494638,0.68710482,-0.02639637,-0.51390171,0.03037620,0.00017469,0.00012010,0.00218359,0.51547498,0.00219386
11.24000000,-7.96779919,4.91828060,0.09391847,-0.04778073,0.00753151,-0.72493291,0.68711901,-0.02595019,-0.50560033,0.02988393,0.00014938,0.00010270,0.00186728,0.50714707,0.00187606
11.26000000,-7.96831131,4.90829134,0.09450888,-0.04778061,0.00753229,-0.72492170,0.68713087,-0.02551469,-0.49743283,0.02939988,0.00012410,0.00008532,0.00155126,0.49895370,0.00155855
11.28000000,-7.96881485,4.89846325,0.09508969,-0.04778027,0.00753443,-0.72489095,0.68716329,-0.02505866,-0.48939785,0.02892147,0.00035076,0.00024114,0.00438446,0.49089167,0.00440508
11.30000000,-7.96930933,4.88879395,0.09566105,-0.04777995,0.00753642,-0.72486228,0.68719351,-0.02461375,-0.48149353,0.02845114,0.00032605,0.00022416,0.00407567,0.48296100,0.00409483
11.32000000,-7.96979523,4.87928104,0.09622313,-0.04777966,0.00753826,-0.72483575,0.68722153,-0.02417957,-0.47371671,0.02798869,0.00030171,0.00020743,0.00377139,0.47515842,0.00378912
11.34000000,-7.97027254,4.86992168,0.09677607,-0.04777940,0.00753996,-0.72481132,0.68724728,-0.02375581,-0.46606532,0.02753396,0.00027771,0.00019093,0.00347139,0.46748191,0.00348771
11.36000000,-7.97074127,4.86071348,0.09732004,-0.04777915,0.00754152,-0.72478890,0.68727094,-0.02334216,-0.45853734,0.02708683,0.00025404,0.00017465,0.00317543,0.45992938,0.00319036
11.38000000,-7.97120190,4.85165405,0.09785517,-0.04777893,0.00754294,-0.72476852,0.68729246,-0.02293832,-0.45113078,0.02664717,0.00023066,0.00015858,0.00288328,0.45249885,0.00289684
11.40000000,-7.97165489,4.84274054,0.09838162,-0.04777873,0.00754422,-0.72475010,0.68731183,-0.02254402,-0.44384372,0.02621483,0.00020758,0.00014271,0.00259470,0.44518837,0.00260690
11.42000000,-7.97209978,4.83397150,0.09889953,-0.04777855,0.00754536,-0.72473371,0.68732917,-0.02215897,-0.43667421,0.02578971,0.00018476,0.00012702,0.00230944,0.43799600,0.00232030
11.44000000,-7.97253752,4.82534409,0.09939845,-0.04786649,0.01106607,-0.72470552,0.68730509,-0.02182225,-0.42973346,0.02334149,0.00017229,0.00010135,0.00202695,0.43091980,0.00203679
11.46000000,-7.97296858,4.81685352,0.09985960,-0.04786628,0.01106694,-0.72469300,0.68731827,-0.02145426,-0.42279065,0.02296308,0.00014873,0.00008749,0.00174975,0.42395699,0.00175823
11.48000000,-7.97339201,4.80850029,0.10031326,-0.04786596,0.01106836,-0.72467268,0.68733966,-0.02108300,-0.41595885,0.02258993,0.00036325,0.00021368,0.00427353,0.41710499,0.00429426
11.50000000,-7.97380829,4.80028200,0.10075954,-0.04786551,0.01107031,-0.72464466,0.68736923,-0.02070903,-0.40923879,0.02222214,0.00033930,0.00019959,0.00399177,0.41036457,0.00401114
11.52000000,-7.97421980,4.79219484,0.10112087,-0.04445433,0.01468244,-0.72483498,0.68732995,-0.02067221,-0.40280730,0.01786953,0.00031598,0.00014870,0.00371746,0.40373304,0.00373383
11.54000000,-7.97462797,4.78423643,0.10147389,-0.04445381,0.01468402,-0.72481060,0.68735564,-0.02030995,-0.39629626,0.01757829,0.00029584,0.00013922,0.00348051,0.39720550,0.00349583
11.56000000,-7.97502899,4.77640676,0.10182115,-0.04445332,0.01468549,-0.72478783,0.68737966,-0.01995582,-0.38989037,0.01729195,0.00027611,0.00012994,0.00324840,0.39078349,0.00326270
11.58000000,-7.97542286,4.76870394,0.10216276,-0.04445287,0.01468686,-0.72476667,0.68740201,-0.01960957,-0.38358790,0.01701042,0.00025678,0.00012084,0.00302097,0.38446531,0.00303427
11.60000000,-7.97581005,4.76112509,0.10249881,-0.04445245,0.01468813,-0.72474700,0.68742275,-0.01927100,-0.37738723,0.01673361,0.00023784,0.00011192,0.00279807,0.37824926,0.00281039
11.62000000,-7.97619057,4.75366879,0.10282940,-0.04445206,0.01468930,-0.72472882,0.68744189,-0.01893988,-0.37128669,0.01646145,0.00021926,0.00010318,0.00257956,0.37213370,0.00259092
11.64000000,-7.97656441,4.74633360,0.10315461,-0.04445171,0.01469038,-0.72471219,0.68745941,-0.01861600,-0.36528465,0.01619383,0.00020105,0.00009461,0.00236529,0.36611703,0.00237570
11.66000000,-7.97693205,4.73911667,0.10347454,-0.04445138,0.01469136,-0.72469699,0.68747544,-0.01829916,-0.35937959,0.01593070,0.00018318,0.00008620,0.00215511,0.36019763,0.00216460
11.68000000,-7.97729301,4.73201609,0.10378926,-0.04445109,0.01469225,-0.72468323,0.68748999,-0.01798917,-0.35356987,0.01567196,0.00016566,0.00007796,0.00194889,0.35437390,0.00195747
11.70000000,-7.97764826,4.72503042,0.10409888,-0.04445082,0.01469305,-0.72467083,0.68750304,-0.01768582,-0.34785399,0.01541754,0.00014845,0.00006986,0.00174648,0.34864438,0.00175417
11.72000000,-7.97799778,4.71815777,0.10440347,-0.04445058,0.01469377,-0.72465980,0.68751466,-0.01738895,-0.34223044,0.01516736,0.00013156,0.00006191,0.00154776,0.34300745,0.00155457
11.74000000,-7.97834110,4.71139622,0.10470311,-0.04445020,0.01469494,-0.72464168,0.68753380,-0.01709003,-0.33669770,0.01492064,0.00032507,0.00015298,0.00382438,0.33746117,0.00384122
11.76000000,-7.97867823,4.70474434,0.10499787,-0.04444966,0.01469657,-0.72461647,0.68756032,-0.01678951,-0.33125529,0.01467740,0.00030611,0.00014405,0.00360125,0.33200508,0.00361710
11.78000000,-7.97900963,4.69819975,0.10528783,-0.04444915,0.01469810,-0.72459280,0.68758529,-0.01649567,-0.32590076,0.01443824,0.00028763,0.00013536,0.00338388,0.32663724,0.00339878
11.80000000,-7.97933531,4.69176054,0.10557307,-0.04444868,0.01469954,-0.72457057,0.68760872,-0.01620830,-0.32063273,0.01420309,0.00026963,0.00012689,0.00317214,0.32135615,0.00318611
11.82000000,-7.97965527,4.68542576,0.10585365,-0.04444823,0.01470088,-0.72454977,0.68763059,-0.01592722,-0.31544974,0.01397188,0.00025210,0.00011864,0.00296588,0.31616047,0.00297893
11.84000000,-7.97996950,4.67919350,0.10612968,-0.04444782,0.01470213,-0.72453040,0.68765104,-0.01565225,-0.31035048,0.01374453,0.00023502,0.00011060,0.00276494,0.31104878,0.00277712
11.86000000,-7.98027849,4.67306185,0.10640121,-0.04444743,0.01470330,-0.72451234,0.68767005,-0.01538320,-0.30533358,0.01352099,0.00021838,0.00010277,0.00256920,0.30601969,0.00258052
11.88000000,-7.98058224,4.66702938,0.10666832,-0.04444708,0.01470438,-0.72449565,0.68768764,-0.01511992,-0.30039772,0.01330117,0.00020217,0.00009514,0.00237853,0.30107194,0.00238900
11.90000000,-7.98088074,4.66109419,0.10693110,-0.04444675,0.01470538,-0.72448021,0.68770391,-0.01486224,-0.29554158,0.01308502,0.00018639,0.00008771,0.00219278,0.29620421,0.00220243
11.92000000,-7.98117447,4.65525532,0.10718961,-0.04444644,0.01470629,-0.72446603,0.68771881,-0.01460999,-0.29076388,0.01287247,0.00017101,0.00008047,0.00201183,0.29141513,0.00202069
11.94000000,-7.98146296,4.64951038,0.10744392,-0.04444617,0.01470713,-0.72445309,0.68773246,-0.01436303,-0.28606334,0.01266346,0.00015602,0.00007342,0.00183556,0.28670350,0.00184364
11.96000000,-7.98174620,4.64385891,0.10769410,-0.04444592,0.01470789,-0.72444135,0.68774486,-0.01412121,-0.28143877,0.01245792,0.00014143,0.00006655,0.00166384,0.28206804,0.00167116
11.98000000,-7.98202515,4.63829851,0.10794022,-0.04444569,0.01470857,-0.72443074,0.68775600,-0.01388438,-0.27688888,0.01225579,0.00012721,0.00005986,0.00149656,0.27750754,0.00150315
12.00000000,-7.98229933,4.63282776,0.10818236,-0.04444548,0.01470919,-0.72442126,0.68776602,-0.01365242,-0.27241251,0.01205702,0.00011336,0.00005334,0.00133360,0.27302077,0.00133947
12.02000000,-7.98256922,4.62744570,0.10842056,-0.04444531,0.01470973,-0.72441292,0.68777484,-0.01342518,-0.26800847,0.01186154,0.00009986,0.00004699,0.00117486,0.26860651,0.00118003
12.04000000,-7.98283434,4.62215042,0.10865490,-0.04444515,0.01471020,-0.72440559,0.68778253,-0.01320254,-0.26367557,0.01166930,0.00008672,0.00004081,0.00102021,0.26426366,0.00102470
12.06000000,-7.98309517,4.61694098,0.10888544,-0.04444502,0.01471060,-0.72439933,0.68778908,-0.01298437,-0.25941268,0.01148024,0.00007391,0.00003478,0.00086956,0.25999099,0.00087339
12.08000000,-7.98335171,4.61181593,0.10911226,-0.04444491,0.01471097,-0.72439414,0.68779457,-0.01277057,-0.25521865,0.01129430,0.00006144,0.00002891,0.00072280,0.25578743,0.00072598
12.10000000,-7.98360395,4.60677338,0.10933540,-0.04444481,0.01471124,-0.72438985,0.68779904,-0.01256100,-0.25109240,0.01111143,0.00004929,0.00002319,0.00057983,0.25165182,0.00058238
12.12000000,-7.98385191,4.60181236,0.10955492,-0.04444474,0.01471145,-0.72438657,0.68780249,-0.01235557,-0.24703284,0.01093159,0.00003745,0.00001762,0.00044055,0.24758308,0.00044249
12.14000000,-7.98409891,4.59693050,0.10972515,-0.03931772,0.02012810,-0.72467941,0.68766904,-0.01245444,-0.24315678,0.00713752,0.00002593,0.00000763,0.00030501,0.24358012,0.00030621
12.16000000,-7.98434496,4.59212685,0.10986617,-0.03931768,0.02012819,-0.72467780,0.68767077,-0.01225183,-0.23922327,0.00702196,0.00001817,0.00000534,0.00021380,0.23963971,0.00021464
12.18000000,-7.98458719,4.58740044,0.11000490,-0.03931765,0.02012825,-0.72467679,0.68767184,-0.01205294,-0.23535340,0.00690831,0.00001062,0.00000312,0.00012494,0.23576306,0.00012543
12.20000000,-7.98482513,4.58275032,0.11014139,-0.03931763,0.02012827,-0.72467637,0.68767226,-0.01185769,-0.23154610,0.00679653,0.00000326,0.00000096,0.00003837,0.23194912,0.00003852
12.22000000,-7.98505926,4.57817554,0.11027567,-0.03931764,0.02012826,-0.72467655,0.68767208,-0.01166598,-0.22780037,0.00668659,-0.00000391,-0.00000115,-0.00004596,0.22819687,-0.00004614
12.24000000,-7.98529005,4.57367516,0.11040778,-0.03931766,0.02012822,-0.72467726,0.68767130,-0.01147774,-0.22411521,0.00657846,-0.00001089,-0.00000320,-0.00012812,0.22450534,-0.00012862
12.26000000,-7.98551655,4.56924725,0.11053775,-0.03931770,0.02012815,-0.72467858,0.68766993,-0.01129289,-0.22048965,0.00647211,-0.00001769,-0.00000520,-0.00020816,0.22087350,-0.00020897
12.28000000,-7.98573971,4.56489086,0.11066562,-0.03931775,0.02012804,-0.72468042,0.68766803,-0.01111136,-0.21692273,0.00636751,-0.00002432,-0.00000715,-0.00028613,0.21730043,-0.00028725
12.30000000,-7.98595953,4.56060553,0.11079142,-0.03931782,0.02012791,-0.72468275,0.68766552,-0.01093307,-0.21341348,0.00626462,-0.00003078,-0.00000905,-0.00036209,0.21378516,-0.00036351
12.32000000,-7.98617554,4.55638885,0.11091520,-0.03931791,0.02012774,-0.72468561,0.68766248,-0.01075796,-0.20996100,0.00616343,-0.00003707,-0.00001090,-0.00043610,0.21032675,-0.00043781
12.34000000,-7.98638821,4.55224085,0.11103697,-0.03931801,0.02012755,-0.72468901,0.68765897,-0.01058595,-0.20656435,0.00606389,-0.00004320,-0.00001270,-0.00050820,0.20692429,-0.00051019
12.36000000,-7.98659706,4.54815960,0.11115678,-0.03931812,0.02012733,-0.72469288,0.68765485,-0.01041697,-0.20322263,0.00596599,-0.00004917,-0.00001446,-0.00057844,0.20357688,-0.00058070
12.38000000,-7.98680305,4.54414463,0.11127465,-0.03931824,0.02012708,-0.72469723,0.68765032,-0.01025097,-0.19993496,0.00586968,-0.00005498,-0.00001617,-0.00064687,0.20028362,-0.00064940
12.40000000,-7.98700571,4.54019451,0.11139062,-0.03931839,0.02012680,-0.72470200,0.68764526,-0.01008788,-0.19670047,0.00577496,-0.00006065,-0.00001784,-0.00071353,0.19704363,-0.00071633
12.42000000,-7.98720503,4.53630829,0.11150472,-0.03931854,0.02012650,-0.72470725,0.68763971,-0.00992763,-0.19351828,0.00568178,-0.00006617,-0.00001946,-0.00077848,0.19385605,-0.00078153
12.44000000,-7.98740101,4.53248501,0.11161698,-0.03931871,0.02012618,-0.72471291,0.68763375,-0.00977017,-0.19038756,0.00559013,-0.00007155,-0.00002104,-0.00084176,0.19072004,-0.00084506
12.46000000,-7.98759413,4.52872324,0.11172743,-0.03931889,0.02012583,-0.72471905,0.68762726,-0.00961544,-0.18730749,0.00549998,-0.00007679,-0.00002259,-0.00090341,0.18763475,-0.00090695
12.48000000,-7.98778439,4.52502298,0.11183610,-0.03931908,0.02012546,-0.72472560,0.68762040,-0.00946337,-0.18427722,0.00541130,-0.00008190,-0.00002409,-0.00096347,0.18459938,-0.00096725
12.50000000,-7.98797131,4.52138186,0.11194301,-0.03931928,0.02012506,-0.72473252,0.68761307,-0.00931393,-0.18129598,0.00532406,-0.00008687,-0.00002555,-0.00102199,0.18161312,-0.00102599
12.52000000,-7.98815536,4.51780033,0.11204820,-0.03931949,0.02012464,-0.72473985,0.68760538,-0.00916705,-0.17836295,0.00523825,-0.00009172,-0.00002697,-0.00107900,0.17867517,-0.00108323
12.54000000,-7.98833656,4.51427603,0.11215170,-0.03931972,0.02012420,-0.72474754,0.68759722,-0.00902268,-0.17547736,0.00515384,-0.00009644,-0.00002836,-0.00113454,0.17578474,-0.00113899
12.56000000,-7.98851490,4.51080942,0.11225353,-0.03931995,0.02012374,-0.72475564,0.68758869,-0.00888077,-0.17263845,0.00507081,-0.00010104,-0.00002972,-0.00118866,0.17294107,-0.00119332
12.58000000,-7.98869038,4.50739861,0.11235372,-0.03932020,0.02012325,-0.72476411,0.68757981,-0.00874126,-0.16984545,0.00498912,-0.00010552,-0.00003103,-0.00124138,0.17014341,-0.00124625
12.60000000,-7.98886299,4.50404263,0.11245230,-0.03932046,0.02012275,-0.72477287,0.68757051,-0.00860413,-0.16709763,0.00490877,-0.00010988,-0.00003232,-0.00129275,0.16739100,-0.00129782
12.62000000,-7.98903322,4.50074148,0.11254928,-0.03932073,0.02012223,-0.72478205,0.68756086,-0.00846930,-0.16439426,0.00482973,-0.00011414,-0.00003357,-0.00134280,0.16468312,-0.00134806
12.64000000,-7.98920107,4.49748898,0.11264485,-0.03932101,0.02012168,-0.72479153,0.68755084,-0.00836149,-0.16221470,0.00476608,-0.00011828,-0.00003479,-0.00139157,0.16249996,-0.00139702
12.66000000,-7.98936796,4.49424458,0.11274018,-0.03932130,0.02012112,-0.72480136,0.68754053,-0.00836611,-0.16221444,0.00476646,-0.00012239,-0.00003600,-0.00143984,0.16249996,-0.00144548
12.68000000,-7.98953533,4.49100018,0.11283551,-0.03932159,0.02012054,-0.72481155,0.68752980,-0.00837089,-0.16221419,0.00476686,-0.00012654,-0.00003722,-0.00148868,0.16249996,-0.00149451
12.70000000,-7.98970318,4.48775578,0.11293086,-0.03932190,0.02011994,-0.72482204,0.68751872,-0.00837583,-0.16221392,0.00476727,-0.00013074,-0.00003845,-0.00153815,0.16249995,-0.00154418
12.72000000,-7.98987055,4.48451185,0.11302621,-0.03932222,0.02011932,-0.72483289,0.68750727,-0.00838093,-0.16221364,0.00476770,-0.00013501,-0.00003971,-0.00158835,0.16249995,-0.00159457
12.74000000,-7.99003839,4.48126745,0.11312157,-0.03932254,0.02011868,-0.72484404,0.68749547,-0.00838619,-0.16221336,0.00476814,-0.00013934,-0.00004098,-0.00163934,0.16249995,-0.00164576
12.76000000,-7.99012232,4.47964525,0.11316925,-0.03932271,0.02011835,-0.72484982,0.68748945,-0.00000000,-0.00000000,0.00000000,0.00000000,0.00000000,0.00000000,0.00000000,0.00000000
