#usda 1.0
(
    defaultPrim = "World"
    metersPerUnit = 1
    upAxis = "Z"
)

def Xform "World" {
    def Mesh "Terrain" (prepend apiSchemas = ["PhysicsCollisionAPI", "SemanticsAPI:Semantics"]) {
        uniform token subdivisionScheme = "none"
        color3f[] primvars:displayColor = [(0.16, 0.3, 0.08)]
        uniform token semantics:Semantics:semanticType = "class"
        uniform string semantics:Semantics:semanticData = "ground"
        int[] faceVertexCounts = [3, 3, 3, 3, 3, 3, 3, 3, 3, 3, 3, 3, 3, 3, 3, 3, 3, 3, 3, 3, 3, 3, 3, 3, 3, 3, 3, 3, 3, 3, 3, 3, 3, 3, 3, 3, 3, 3, 3, 3, 3, 3, 3, 3, 3, 3, 3, 3, 3, 3, 3, 3, 3, 3, 3, 3, 3, 3, 3, 3, 3, 3, 3, 3, 3, 3, 3, 3, 3, 3, 3, 3, 3, 3, 3, 3, 3, 3, 3, 3, 3, 3, 3, 3, 3, 3, 3, 3, 3, 3, 3, 3, 3, 3, 3, 3, 3, 3, 3, 3, 3, 3, 3, 3, 3, 3, 3, 3, 3, 3, 3, 3, 3, 3, 3, 3, 3, 3, 3, 3, 3, 3, 3, 3, 3, 3, 3, 3, 3, 3, 3, 3, 3, 3, 3, 3, 3, 3, 3, 3, 3, 3, 3, 3, 3, 3, 3, 3, 3, 3, 3, 3, 3, 3, 3, 3, 3, 3, 3, 3, 3, 3, 3, 3, 3, 3, 3, 3, 3, 3, 3, 3, 3, 3, 3, 3, 3, 3, 3, 3, 3, 3, 3, 3, 3, 3, 3, 3, 3, 3, 3, 3, 3, 3, 3, 3, 3, 3, 3, 3, 3, 3, 3, 3, 3, 3, 3, 3, 3, 3, 3, 3, 3, 3, 3, 3, 3, 3, 3, 3, 3, 3, 3, 3, 3, 3, 3, 3, 3, 3, 3, 3, 3, 3, 3, 3, 3, 3, 3, 3, 3, 3, 3, 3, 3, 3, 3, 3, 3, 3, 3, 3, 3, 3, 3, 3, 3, 3, 3, 3, 3, 3, 3, 3, 3, 3, 3, 3, 3, 3, 3, 3, 3, 3, 3, 3, 3, 3, 3, 3, 3, 3, 3, 3, 3, 3, 3, 3, 3, 3, 3, 3, 3, 3, 3, 3, 3, 3, 3, 3, 3, 3, 3, 3, 3, 3, 3, 3, 3, 3, 3, 3, 3, 3, 3, 3, 3, 3, 3, 3, 3, 3, 3, 3, 3, 3, 3, 3, 3, 3, 3, 3, 3, 3, 3, 3, 3, 3, 3, 3, 3, 3, 3, 3, 3, 3, 3, 3, 3, 3, 3, 3, 3, 3, 3, 3, 3, 3, 3, 3, 3, 3, 3, 3, 3, 3, 3, 3, 3, 3, 3, 3, 3, 3, 3, 3, 3, 3, 3, 3, 3, 3, 3, 3, 3, 3, 3, 3, 3, 3, 3, 3, 3, 3, 3, 3, 3, 3, 3, 3, 3, 3, 3, 3, 3, 3, 3, 3, 3, 3, 3, 3, 3, 3, 3, 3, 3, 3, 3, 3, 3, 3, 3, 3, 3, 3, 3, 3, 3, 3, 3, 3, 3, 3, 3, 3, 3, 3, 3, 3, 3, 3, 3, 3, 3, 3, 3, 3, 3, 3, 3, 3, 3, 3, 3, 3, 3, 3, 3, 3, 3, 3, 3, 3, 3, 3, 3, 3, 3, 3, 3, 3, 3, 3, 3, 3, 3, 3, 3, 3, 3, 3, 3, 3, 3, 3, 3, 3, 3, 3, 3, 3, 3, 3, 3, 3, 3, 3, 3, 3, 3, 3, 3, 3, 3, 3, 3, 3, 3, 3, 3, 3, 3, 3, 3, 3, 3, 3, 3, 3, 3, 3, 3, 3, 3, 3, 3, 3, 3, 3, 3, 3, 3, 3, 3, 3, 3, 3, 3, 3, 3, 3, 3, 3, 3, 3, 3, 3, 3, 3, 3, 3, 3, 3, 3, 3, 3, 3, 3, 3, 3, 3, 3, 3, 3, 3, 3, 3, 3, 3, 3, 3, 3, 3, 3, 3, 3, 3, 3, 3, 3, 3, 3, 3, 3, 3, 3, 3, 3, 3, 3, 3, 3, 3, 3, 3, 3, 3, 3, 3, 3, 3, 3, 3, 3, 3, 3, 3, 3, 3, 3, 3, 3, 3, 3, 3, 3, 3, 3, 3, 3, 3, 3, 3, 3, 3, 3, 3, 3, 3, 3, 3, 3, 3, 3, 3, 3, 3, 3, 3, 3, 3, 3, 3, 3, 3, 3, 3, 3, 3, 3, 3, 3, 3, 3, 3, 3, 3, 3, 3, 3, 3, 3, 3, 3, 3, 3, 3, 3, 3, 3, 3, 3, 3, 3, 3, 3, 3, 3, 3, 3, 3, 3, 3, 3, 3, 3, 3, 3, 3, 3, 3, 3, 3, 3, 3, 3, 3, 3, 3, 3, 3, 3, 3, 3, 3, 3, 3, 3, 3, 3, 3, 3, 3, 3, 3, 3, 3, 3, 3, 3, 3, 3, 3, 3, 3, 3, 3, 3, 3, 3, 3, 3, 3, 3, 3, 3, 3, 3, 3, 3, 3, 3, 3, 3, 3, 3, 3, 3, 3, 3, 3, 3, 3, 3, 3, 3, 3, 3, 3, 3, 3, 3, 3, 3, 3, 3, 3, 3, 3, 3, 3, 3, 3, 3, 3, 3, 3, 3, 3, 3, 3, 3, 3, 3, 3, 3, 3, 3, 3, 3, 3, 3, 3, 3, 3, 3, 3, 3, 3, 3, 3, 3, 3, 3, 3, 3, 3, 3, 3, 3, 3, 3, 3, 3, 3, 3, 3, 3, 3, 3, 3, 3, 3, 3, 3, 3, 3, 3, 3, 3, 3, 3, 3, 3, 3, 3, 3, 3, 3, 3, 3, 3, 3, 3, 3, 3, 3, 3, 3, 3, 3, 3, 3, 3, 3, 3, 3, 3, 3, 3, 3, 3, 3, 3, 3, 3, 3, 3, 3, 3, 3, 3, 3, 3, 3, 3, 3, 3, 3, 3, 3, 3, 3, 3, 3, 3, 3, 3, 3, 3, 3, 3, 3, 3, 3, 3, 3, 3, 3, 3, 3, 3, 3, 3, 3, 3, 3, 3, 3, 3, 3, 3, 3, 3, 3, 3, 3, 3, 3, 3, 3, 3, 3, 3, 3, 3, 3, 3, 3, 3, 3, 3, 3, 3, 3, 3, 3, 3, 3, 3, 3, 3, 3, 3, 3, 3, 3, 3, 3, 3, 3, 3, 3, 3, 3, 3, 3, 3, 3, 3, 3, 3, 3, 3, 3, 3, 3, 3, 3, 3, 3, 3, 3, 3, 3, 3, 3, 3, 3, 3, 3, 3, 3, 3, 3, 3, 3, 3, 3, 3, 3, 3, 3, 3, 3, 3, 3, 3, 3, 3, 3, 3, 3, 3, 3, 3, 3, 3, 3, 3, 3, 3, 3, 3, 3, 3, 3, 3, 3, 3, 3, 3, 3, 3, 3, 3, 3, 3, 3, 3, 3, 3, 3, 3, 3, 3, 3, 3, 3, 3, 3, 3, 3, 3, 3, 3, 3, 3, 3, 3, 3, 3, 3, 3, 3, 3, 3, 3, 3, 3, 3, 3, 3, 3, 3, 3, 3, 3, 3, 3, 3, 3, 3, 3, 3, 3, 3, 3, 3, 3, 3, 3, 3, 3, 3, 3, 3, 3, 3, 3, 3, 3, 3, 3, 3, 3, 3, 3, 3, 3, 3, 3, 3, 3, 3, 3, 3, 3, 3, 3, 3, 3, 3, 3, 3, 3, 3, 3, 3, 3, 3, 3, 3, 3, 3, 3, 3, 3, 3, 3, 3, 3, 3, 3, 3, 3, 3, 3, 3, 3, 3, 3, 3, 3, 3, 3, 3, 3, 3, 3, 3, 3, 3, 3, 3, 3, 3, 3, 3, 3, 3, 3, 3, 3, 3, 3, 3, 3, 3, 3, 3, 3, 3, 3, 3, 3, 3, 3, 3, 3, 3, 3, 3, 3, 3, 3, 3, 3, 3, 3, 3, 3, 3, 3, 3, 3, 3, 3, 3, 3, 3, 3, 3, 3, 3, 3, 3, 3, 3, 3, 3, 3, 3, 3, 3, 3, 3, 3, 3, 3, 3, 3, 3, 3, 3, 3, 3, 3, 3, 3, 3, 3, 3, 3, 3, 3, 3, 3, 3, 3, 3, 3, 3, 3, 3, 3, 3, 3, 3, 3, 3, 3, 3, 3, 3, 3, 3, 3, 3, 3, 3, 3, 3, 3, 3, 3, 3, 3, 3, 3, 3, 3, 3, 3, 3, 3, 3, 3, 3, 3, 3, 3, 3, 3, 3, 3, 3, 3, 3, 3, 3, 3, 3, 3, 3, 3, 3, 3, 3, 3, 3, 3, 3, 3, 3, 3, 3, 3, 3, 3, 3, 3, 3, 3, 3, 3, 3, 3, 3, 3, 3, 3, 3, 3, 3, 3, 3, 3, 3, 3, 3, 3, 3, 3, 3, 3, 3, 3, 3, 3, 3, 3, 3, 3, 3, 3, 3, 3, 3, 3, 3, 3, 3, 3, 3, 3, 3, 3, 3, 3, 3, 3, 3, 3, 3, 3, 3, 3, 3, 3, 3, 3, 3, 3, 3, 3, 3, 3, 3, 3, 3, 3, 3, 3, 3, 3, 3, 3, 3, 3, 3, 3, 3, 3, 3, 3, 3, 3, 3, 3, 3, 3, 3, 3, 3, 3, 3, 3, 3, 3, 3, 3, 3, 3, 3, 3, 3, 3, 3, 3, 3, 3, 3, 3, 3, 3, 3, 3, 3, 3, 3, 3, 3, 3, 3, 3, 3, 3, 3, 3, 3, 3, 3, 3, 3, 3, 3, 3, 3, 3, 3, 3, 3, 3, 3, 3, 3, 3, 3, 3, 3, 3, 3, 3, 3, 3, 3, 3, 3, 3, 3, 3, 3, 3, 3, 3, 3, 3, 3, 3, 3, 3, 3, 3, 3, 3, 3, 3, 3, 3, 3, 3, 3, 3, 3, 3, 3, 3, 3, 3, 3, 3, 3, 3, 3, 3, 3, 3, 3, 3, 3, 3, 3, 3, 3, 3, 3, 3, 3, 3, 3, 3, 3, 3, 3, 3, 3, 3, 3, 3, 3, 3, 3, 3, 3, 3, 3, 3, 3, 3, 3, 3, 3, 3, 3, 3, 3, 3, 3, 3, 3, 3, 3, 3, 3, 3, 3, 3, 3, 3, 3, 3, 3, 3, 3, 3, 3, 3, 3, 3, 3, 3, 3, 3, 3, 3, 3, 3, 3, 3, 3, 3, 3, 3, 3, 3, 3, 3, 3, 3, 3, 3, 3, 3, 3, 3, 3, 3, 3, 3, 3, 3, 3, 3, 3, 3, 3, 3, 3, 3, 3, 3, 3, 3, 3, 3, 3, 3, 3, 3, 3, 3, 3, 3, 3, 3, 3, 3, 3, 3, 3, 3, 3, 3, 3, 3, 3, 3, 3, 3, 3, 3, 3, 3, 3, 3, 3, 3, 3, 3, 3, 3, 3, 3, 3, 3, 3, 3, 3, 3, 3, 3, 3, 3, 3, 3, 3, 3, 3, 3, 3, 3, 3, 3, 3, 3, 3, 3, 3, 3, 3, 3, 3, 3, 3, 3, 3, 3, 3, 3, 3, 3, 3, 3, 3, 3, 3, 3, 3, 3, 3, 3, 3, 3, 3, 3, 3, 3, 3, 3, 3, 3, 3, 3, 3, 3, 3, 3, 3, 3, 3, 3, 3, 3, 3, 3, 3, 3, 3, 3, 3, 3, 3, 3, 3, 3, 3, 3, 3, 3, 3, 3, 3, 3, 3, 3, 3, 3, 3, 3, 3, 3, 3, 3, 3, 3, 3, 3, 3, 3, 3, 3, 3, 3, 3, 3, 3, 3, 3, 3, 3, 3, 3, 3, 3, 3, 3, 3, 3, 3, 3, 3, 3, 3, 3, 3, 3, 3, 3, 3, 3, 3, 3, 3, 3, 3, 3, 3, 3, 3, 3, 3, 3, 3, 3, 3, 3, 3, 3, 3, 3, 3, 3, 3, 3, 3, 3, 3, 3, 3, 3, 3, 3, 3, 3, 3, 3, 3, 3, 3, 3, 3, 3, 3, 3, 3, 3, 3, 3, 3, 3, 3, 3, 3, 3, 3, 3, 3, 3, 3, 3, 3, 3, 3, 3, 3, 3, 3, 3, 3, 3, 3, 3, 3, 3, 3, 3, 3, 3, 3, 3, 3, 3, 3, 3, 3, 3, 3, 3, 3, 3, 3, 3, 3, 3, 3, 3, 3, 3, 3, 3, 3, 3, 3, 3, 3, 3, 3, 3, 3, 3, 3, 3, 3, 3, 3, 3, 3, 3, 3, 3, 3, 3, 3, 3, 3, 3, 3, 3, 3, 3, 3, 3, 3, 3, 3, 3, 3, 3, 3, 3, 3, 3, 3, 3, 3, 3, 3, 3, 3, 3, 3, 3, 3, 3, 3, 3, 3, 3, 3, 3, 3, 3, 3, 3, 3, 3, 3, 3, 3, 3, 3, 3, 3, 3, 3, 3, 3, 3, 3, 3, 3, 3, 3, 3, 3, 3, 3, 3, 3, 3, 3, 3, 3, 3, 3, 3, 3, 3, 3, 3, 3, 3, 3, 3, 3, 3, 3, 3, 3, 3, 3, 3, 3, 3, 3, 3, 3, 3, 3, 3, 3, 3, 3, 3, 3, 3, 3, 3, 3, 3, 3, 3, 3, 3, 3, 3, 3, 3, 3, 3, 3, 3, 3, 3, 3, 3, 3, 3, 3, 3, 3, 3, 3, 3, 3, 3, 3, 3, 3, 3, 3, 3, 3, 3, 3, 3, 3, 3, 3, 3, 3, 3, 3, 3, 3, 3, 3, 3, 3, 3, 3, 3, 3, 3, 3, 3, 3, 3, 3, 3, 3, 3, 3, 3, 3, 3, 3, 3, 3, 3, 3, 3, 3, 3, 3, 3, 3, 3, 3, 3, 3, 3, 3, 3, 3, 3, 3, 3, 3, 3, 3, 3, 3, 3, 3, 3, 3, 3, 3, 3, 3, 3, 3, 3, 3, 3, 3, 3, 3, 3, 3, 3, 3, 3, 3, 3, 3, 3, 3, 3, 3, 3, 3, 3, 3, 3, 3, 3, 3, 3, 3, 3, 3, 3, 3, 3, 3, 3, 3, 3, 3, 3, 3, 3, 3, 3, 3, 3, 3, 3, 3, 3, 3, 3, 3, 3, 3, 3, 3, 3, 3, 3, 3, 3, 3, 3, 3, 3, 3, 3, 3, 3, 3, 3, 3, 3, 3, 3, 3, 3, 3, 3, 3, 3, 3, 3, 3, 3, 3, 3, 3, 3, 3, 3, 3, 3, 3, 3, 3, 3, 3, 3, 3, 3, 3, 3, 3, 3, 3, 3, 3, 3, 3, 3, 3, 3, 3, 3, 3, 3, 3, 3, 3, 3, 3, 3, 3, 3, 3, 3, 3, 3, 3, 3, 3, 3, 3, 3, 3, 3, 3, 3, 3, 3, 3, 3, 3, 3, 3, 3, 3, 3, 3, 3, 3, 3, 3, 3, 3, 3, 3, 3, 3, 3, 3, 3, 3, 3, 3, 3, 3, 3, 3, 3, 3, 3, 3, 3, 3, 3, 3, 3, 3, 3, 3, 3, 3, 3, 3, 3, 3, 3, 3, 3, 3, 3, 3, 3, 3, 3, 3, 3, 3, 3, 3, 3, 3, 3, 3, 3, 3, 3, 3, 3, 3, 3, 3, 3, 3, 3, 3, 3, 3, 3, 3, 3, 3, 3, 3, 3, 3, 3, 3, 3, 3, 3, 3, 3, 3, 3, 3, 3, 3, 3, 3, 3, 3, 3, 3, 3, 3, 3, 3, 3, 3, 3, 3, 3, 3, 3, 3, 3, 3, 3, 3, 3, 3, 3, 3, 3, 3, 3, 3, 3, 3, 3, 3, 3, 3, 3, 3, 3, 3, 3, 3, 3, 3, 3, 3, 3, 3, 3, 3, 3, 3, 3, 3, 3, 3, 3, 3, 3, 3, 3, 3, 3, 3, 3, 3, 3, 3, 3, 3, 3, 3, 3, 3, 3, 3, 3, 3, 3, 3, 3, 3, 3, 3, 3, 3, 3, 3, 3, 3, 3, 3, 3, 3, 3, 3, 3, 3, 3, 3, 3, 3, 3, 3, 3, 3, 3, 3, 3, 3, 3, 3, 3, 3, 3, 3, 3, 3, 3, 3, 3, 3, 3, 3, 3, 3, 3, 3, 3, 3, 3, 3, 3, 3, 3, 3, 3, 3, 3, 3, 3, 3, 3, 3, 3, 3, 3, 3, 3, 3, 3, 3, 3, 3, 3, 3, 3, 3, 3, 3, 3, 3, 3, 3, 3, 3, 3, 3, 3, 3, 3, 3, 3, 3, 3, 3, 3, 3, 3, 3, 3, 3, 3, 3, 3, 3, 3, 3, 3, 3, 3, 3, 3, 3, 3, 3, 3, 3, 3, 3, 3, 3, 3, 3, 3, 3, 3, 3, 3, 3, 3, 3, 3, 3, 3, 3, 3, 3, 3, 3, 3, 3, 3, 3, 3, 3, 3, 3, 3, 3, 3, 3, 3, 3, 3, 3, 3, 3, 3, 3, 3, 3, 3, 3, 3, 3, 3, 3, 3, 3, 3, 3, 3, 3, 3, 3, 3, 3, 3, 3, 3, 3, 3, 3, 3, 3, 3, 3, 3, 3, 3, 3, 3, 3, 3, 3, 3, 3, 3, 3, 3, 3, 3, 3, 3, 3, 3, 3, 3, 3, 3, 3, 3, 3, 3, 3, 3, 3, 3, 3, 3, 3, 3, 3, 3, 3, 3, 3, 3, 3, 3, 3, 3, 3, 3, 3, 3, 3, 3, 3, 3, 3, 3, 3, 3, 3, 3, 3, 3, 3, 3, 3, 3, 3, 3, 3, 3, 3, 3, 3, 3, 3, 3, 3, 3, 3, 3, 3, 3, 3, 3, 3, 3, 3, 3, 3, 3, 3, 3, 3, 3, 3, 3, 3, 3, 3, 3, 3, 3, 3, 3, 3, 3, 3, 3, 3, 3, 3, 3, 3, 3, 3, 3, 3, 3, 3, 3, 3, 3, 3, 3, 3, 3, 3, 3, 3, 3, 3, 3, 3, 3, 3, 3, 3, 3, 3, 3, 3, 3, 3, 3, 3, 3, 3, 3, 3, 3, 3, 3, 3, 3, 3, 3, 3, 3, 3, 3, 3, 3, 3, 3, 3, 3, 3, 3, 3, 3, 3, 3, 3, 3, 3, 3, 3, 3, 3, 3, 3, 3, 3, 3, 3, 3, 3, 3, 3, 3, 3, 3, 3, 3, 3, 3, 3, 3, 3, 3, 3, 3, 3, 3, 3, 3, 3, 3, 3, 3, 3, 3, 3, 3, 3, 3, 3, 3, 3, 3, 3, 3, 3, 3, 3, 3, 3, 3, 3, 3, 3, 3, 3, 3, 3, 3, 3, 3, 3, 3, 3, 3, 3, 3, 3, 3, 3, 3, 3, 3, 3, 3, 3, 3, 3, 3, 3, 3, 3, 3, 3, 3, 3, 3, 3, 3, 3, 3, 3, 3, 3, 3, 3, 3, 3, 3, 3, 3, 3, 3, 3, 3, 3, 3, 3, 3, 3, 3, 3, 3, 3, 3, 3, 3, 3, 3, 3, 3, 3, 3, 3, 3, 3, 3, 3, 3, 3, 3, 3, 3, 3, 3, 3, 3, 3, 3, 3, 3, 3, 3, 3, 3, 3, 3, 3, 3, 3, 3, 3, 3, 3, 3, 3, 3, 3, 3, 3, 3, 3, 3, 3, 3, 3, 3, 3, 3, 3, 3, 3, 3, 3, 3, 3, 3, 3, 3, 3, 3, 3, 3, 3, 3, 3, 3, 3, 3, 3, 3, 3, 3, 3, 3, 3, 3, 3, 3, 3, 3, 3, 3, 3, 3, 3, 3, 3, 3, 3, 3, 3, 3, 3, 3, 3, 3, 3, 3, 3, 3, 3, 3, 3, 3, 3, 3, 3, 3, 3, 3, 3, 3, 3, 3, 3, 3, 3, 3, 3, 3, 3, 3, 3, 3, 3, 3, 3, 3, 3, 3, 3, 3, 3, 3, 3, 3, 3, 3, 3, 3, 3, 3, 3, 3, 3, 3, 3, 3, 3, 3, 3, 3, 3, 3, 3, 3, 3, 3, 3, 3, 3, 3, 3, 3, 3, 3, 3, 3, 3, 3, 3, 3, 3, 3, 3, 3, 3, 3, 3, 3, 3, 3, 3, 3, 3, 3, 3, 3, 3, 3, 3, 3, 3, 3, 3, 3, 3, 3, 3, 3, 3, 3, 3, 3, 3, 3, 3, 3, 3, 3, 3, 3, 3, 3, 3, 3, 3, 3, 3, 3, 3, 3, 3, 3, 3, 3, 3, 3, 3, 3, 3, 3, 3, 3, 3, 3, 3, 3, 3, 3, 3, 3, 3, 3, 3, 3, 3, 3, 3, 3, 3, 3, 3, 3, 3, 3, 3, 3, 3, 3, 3, 3, 3, 3, 3, 3, 3, 3, 3, 3, 3, 3, 3, 3, 3, 3, 3, 3, 3, 3, 3, 3, 3, 3, 3, 3, 3, 3, 3, 3, 3, 3, 3, 3, 3, 3, 3, 3, 3, 3, 3, 3, 3, 3, 3, 3, 3, 3, 3, 3, 3, 3, 3, 3, 3, 3, 3, 3, 3, 3, 3, 3, 3, 3, 3, 3, 3, 3, 3, 3, 3, 3, 3, 3, 3, 3, 3, 3, 3, 3, 3, 3, 3, 3, 3, 3, 3, 3, 3, 3, 3, 3, 3, 3, 3, 3, 3, 3, 3, 3, 3, 3, 3, 3, 3, 3, 3, 3, 3, 3, 3, 3, 3, 3, 3, 3, 3, 3, 3, 3, 3, 3, 3, 3, 3, 3, 3, 3, 3, 3, 3, 3, 3, 3, 3, 3, 3, 3, 3, 3, 3, 3, 3, 3, 3, 3, 3, 3, 3, 3, 3, 3, 3, 3, 3, 3, 3, 3, 3, 3, 3, 3, 3, 3, 3, 3, 3, 3, 3, 3, 3, 3, 3, 3, 3, 3, 3, 3, 3, 3, 3, 3, 3, 3, 3, 3, 3, 3, 3, 3, 3, 3, 3, 3, 3, 3, 3, 3, 3, 3, 3, 3, 3, 3, 3, 3, 3, 3, 3, 3, 3, 3, 3, 3, 3, 3, 3, 3, 3, 3, 3, 3, 3, 3, 3, 3, 3, 3, 3, 3, 3, 3, 3, 3, 3, 3, 3, 3, 3, 3, 3, 3, 3, 3, 3, 3, 3, 3, 3, 3, 3, 3, 3, 3, 3, 3, 3, 3, 3, 3, 3, 3, 3, 3, 3, 3, 3, 3, 3, 3, 3, 3, 3, 3, 3, 3, 3, 3, 3, 3, 3, 3, 3, 3, 3, 3, 3, 3, 3, 3, 3, 3, 3, 3, 3, 3, 3, 3, 3, 3, 3, 3, 3, 3, 3, 3, 3, 3, 3, 3, 3, 3, 3, 3, 3, 3, 3, 3, 3, 3, 3, 3, 3, 3, 3, 3, 3, 3, 3, 3, 3, 3, 3, 3, 3, 3, 3, 3, 3, 3, 3, 3, 3, 3, 3, 3, 3, 3, 3, 3, 3, 3, 3, 3, 3, 3, 3, 3, 3, 3, 3, 3, 3, 3, 3, 3, 3, 3, 3, 3, 3, 3, 3, 3, 3, 3, 3, 3, 3, 3, 3, 3, 3, 3, 3, 3, 3, 3, 3, 3, 3, 3, 3, 3, 3, 3, 3, 3, 3, 3, 3, 3, 3, 3, 3, 3, 3, 3, 3, 3, 3, 3, 3, 3, 3, 3, 3, 3, 3, 3, 3, 3, 3, 3, 3, 3, 3, 3, 3, 3, 3, 3, 3, 3, 3, 3, 3, 3, 3, 3, 3, 3, 3, 3, 3, 3, 3, 3, 3, 3, 3, 3, 3, 3, 3, 3, 3, 3, 3, 3, 3, 3, 3, 3, 3, 3, 3, 3, 3, 3, 3, 3, 3, 3, 3, 3, 3, 3, 3, 3, 3, 3, 3, 3, 3, 3, 3, 3, 3, 3, 3, 3, 3, 3, 3, 3, 3, 3, 3, 3, 3, 3, 3, 3, 3, 3, 3, 3, 3, 3, 3, 3, 3, 3, 3, 3, 3, 3, 3, 3, 3, 3, 3, 3, 3, 3, 3, 3, 3, 3, 3, 3, 3, 3, 3, 3, 3, 3, 3, 3, 3, 3, 3, 3, 3, 3, 3, 3, 3, 3, 3, 3, 3, 3, 3, 3, 3, 3, 3, 3, 3, 3, 3, 3, 3, 3, 3, 3, 3, 3, 3, 3, 3, 3, 3, 3, 3, 3, 3, 3, 3, 3, 3, 3, 3, 3, 3, 3, 3, 3, 3, 3, 3, 3, 3, 3, 3, 3, 3, 3, 3, 3, 3, 3, 3, 3, 3, 3, 3, 3, 3, 3, 3, 3, 3, 3, 3, 3, 3, 3, 3, 3, 3, 3, 3, 3, 3, 3, 3, 3, 3, 3, 3, 3, 3, 3, 3, 3, 3, 3, 3, 3, 3, 3, 3, 3, 3, 3, 3, 3, 3, 3, 3, 3, 3, 3, 3, 3, 3, 3, 3, 3, 3, 3, 3, 3, 3, 3, 3, 3, 3, 3, 3, 3, 3, 3, 3, 3, 3, 3, 3, 3, 3, 3, 3, 3, 3, 3, 3, 3, 3, 3, 3, 3, 3, 3, 3, 3, 3, 3, 3, 3, 3, 3, 3, 3, 3, 3, 3, 3, 3, 3, 3, 3, 3, 3, 3, 3, 3, 3, 3, 3, 3, 3, 3, 3, 3, 3, 3, 3, 3, 3, 3, 3, 3, 3, 3, 3, 3, 3, 3, 3, 3, 3, 3, 3, 3, 3, 3, 3, 3, 3, 3, 3, 3, 3, 3, 3, 3, 3, 3, 3, 3, 3, 3, 3, 3, 3, 3, 3, 3, 3, 3, 3, 3, 3, 3, 3, 3, 3, 3, 3, 3, 3, 3, 3, 3, 3, 3, 3, 3, 3, 3, 3, 3, 3, 3, 3, 3, 3, 3, 3, 3, 3, 3, 3, 3, 3, 3, 3, 3, 3, 3, 3, 3, 3, 3, 3, 3, 3, 3, 3, 3, 3, 3, 3, 3, 3, 3, 3, 3, 3, 3, 3, 3, 3, 3, 3, 3, 3, 3, 3, 3, 3, 3, 3, 3, 3, 3, 3, 3, 3, 3, 3, 3, 3, 3, 3, 3, 3, 3, 3, 3, 3, 3, 3, 3, 3, 3, 3, 3, 3, 3, 3, 3, 3, 3, 3, 3, 3, 3, 3, 3, 3, 3, 3, 3, 3, 3, 3, 3, 3, 3, 3, 3, 3, 3, 3, 3, 3, 3, 3, 3, 3, 3, 3, 3, 3, 3, 3, 3, 3, 3, 3, 3, 3, 3, 3, 3, 3, 3, 3, 3, 3, 3, 3, 3, 3, 3, 3, 3, 3, 3, 3, 3, 3, 3, 3, 3, 3, 3, 3, 3, 3, 3, 3, 3, 3, 3, 3, 3, 3, 3, 3, 3, 3, 3, 3, 3, 3, 3, 3, 3, 3, 3, 3, 3, 3, 3, 3, 3, 3, 3, 3, 3, 3, 3, 3, 3, 3, 3, 3, 3, 3, 3, 3, 3, 3, 3, 3, 3, 3, 3, 3, 3, 3, 3, 3, 3, 3, 3, 3, 3, 3, 3, 3, 3, 3, 3, 3, 3, 3, 3, 3, 3, 3, 3, 3, 3, 3, 3, 3, 3, 3, 3, 3, 3, 3, 3, 3, 3, 3, 3, 3, 3, 3, 3, 3, 3, 3, 3, 3, 3, 3, 3, 3, 3, 3, 3, 3, 3, 3, 3, 3, 3, 3, 3, 3, 3, 3, 3, 3, 3, 3, 3, 3, 3, 3, 3, 3, 3, 3, 3, 3, 3, 3, 3, 3, 3, 3, 3, 3, 3, 3, 3, 3, 3, 3, 3, 3, 3, 3, 3, 3, 3, 3, 3, 3, 3, 3, 3, 3, 3, 3, 3, 3, 3, 3, 3, 3, 3, 3, 3, 3, 3, 3, 3, 3, 3, 3, 3, 3, 3, 3, 3, 3, 3, 3, 3, 3, 3, 3, 3, 3, 3, 3, 3, 3, 3, 3, 3, 3, 3, 3, 3, 3, 3, 3, 3, 3, 3, 3, 3, 3, 3, 3, 3, 3, 3, 3, 3, 3, 3, 3, 3, 3, 3, 3, 3, 3, 3, 3, 3, 3, 3, 3, 3, 3, 3, 3, 3, 3, 3, 3, 3, 3, 3, 3, 3, 3, 3, 3, 3, 3, 3, 3, 3, 3, 3, 3, 3, 3, 3, 3, 3, 3, 3, 3, 3, 3, 3, 3, 3, 3, 3, 3, 3, 3, 3, 3, 3, 3, 3, 3, 3, 3, 3, 3, 3, 3, 3, 3, 3, 3, 3, 3, 3, 3, 3, 3, 3, 3, 3, 3, 3, 3, 3, 3, 3, 3, 3, 3, 3, 3, 3, 3, 3, 3, 3, 3, 3, 3, 3, 3, 3, 3, 3, 3, 3, 3, 3, 3, 3, 3, 3, 3, 3, 3, 3, 3, 3, 3, 3, 3, 3, 3, 3, 3, 3, 3, 3, 3, 3, 3, 3, 3, 3, 3, 3, 3, 3, 3, 3, 3, 3, 3, 3, 3, 3, 3, 3, 3, 3, 3, 3, 3, 3, 3, 3, 3, 3, 3, 3, 3, 3, 3, 3, 3, 3, 3, 3, 3, 3, 3, 3, 3, 3, 3, 3, 3, 3, 3, 3, 3, 3, 3, 3, 3, 3, 3, 3, 3, 3, 3, 3, 3, 3, 3, 3, 3, 3, 3, 3, 3, 3, 3, 3, 3, 3, 3, 3, 3, 3, 3, 3, 3, 3, 3, 3, 3, 3, 3, 3, 3, 3, 3, 3, 3, 3, 3, 3, 3, 3, 3, 3, 3, 3, 3, 3, 3, 3, 3, 3, 3, 3, 3, 3, 3, 3, 3, 3, 3, 3, 3, 3, 3, 3, 3]
        int[] faceVertexIndices = [0, 1, 50, 0, 50, 49, 1, 2, 51, 1, 51, 50, 2, 3, 52, 2, 52, 51, 3, 4, 53, 3, 53, 52, 4, 5, 54, 4, 54, 53, 5, 6, 55, 5, 55, 54, 6, 7, 56, 6, 56, 55, 7, 8, 57, 7, 57, 56, 8, 9, 58, 8, 58, 57, 9, 10, 59, 9, 59, 58, 10, 11, 60, 10, 60, 59, 11, 12, 61, 11, 61, 60, 12, 13, 62, 12, 62, 61, 13, 14, 63, 13, 63, 62, 14, 15, 64, 14, 64, 63, 15, 16, 65, 15, 65, 64, 16, 17, 66, 16, 66, 65, 17, 18, 67, 17, 67, 66, 18, 19, 68, 18, 68, 67, 19, 20, 69, 19, 69, 68, 20, 21, 70, 20, 70, 69, 21, 22, 71, 21, 71, 70, 22, 23, 72, 22, 72, 71, 23, 24, 73, 23, 73, 72, 24, 25, 74, 24, 74, 73, 25, 26, 75, 25, 75, 74, 26, 27, 76, 26, 76, 75, 27, 28, 77, 27, 77, 76, 28, 29, 78, 28, 78, 77, 29, 30, 79, 29, 79, 78, 30, 31, 80, 30, 80, 79, 31, 32, 81, 31, 81, 80, 32, 33, 82, 32, 82, 81, 33, 34, 83, 33, 83, 82, 34, 35, 84, 34, 84, 83, 35, 36, 85, 35, 85, 84, 36, 37, 86, 36, 86, 85, 37, 38, 87, 37, 87, 86, 38, 39, 88, 38, 88, 87, 39, 40, 89, 39, 89, 88, 40, 41, 90, 40, 90, 89, 41, 42, 91, 41, 91, 90, 42, 43, 92, 42, 92, 91, 43, 44, 93, 43, 93, 92, 44, 45, 94, 44, 94, 93, 45, 46, 95, 45, 95, 94, 46, 47, 96, 46, 96, 95, 47, 48, 97, 47, 97, 96, 49, 50, 99, 49, 99, 98, 50, 51, 100, 50, 100, 99, 51, 52, 101, 51, 101, 100, 52, 53, 102, 52, 102, 101, 53, 54, 103, 53, 103, 102, 54, 55, 104, 54, 104, 103, 55, 56, 105, 55, 105, 104, 56, 57, 106, 56, 106, 105, 57, 58, 107, 57, 107, 106, 58, 59, 108, 58, 108, 107, 59, 60, 109, 59, 109, 108, 60, 61, 110, 60, 110, 109, 61, 62, 111, 61, 111, 110, 62, 63, 112, 62, 112, 111, 63, 64, 113, 63, 113, 112, 64, 65, 114, 64, 114, 113, 65, 66, 115, 65, 115, 114, 66, 67, 116, 66, 116, 115, 67, 68, 117, 67, 117, 116, 68, 69, 118, 68, 118, 117, 69, 70, 119, 69, 119, 118, 70, 71, 120, 70, 120, 119, 71, 72, 121, 71, 121, 120, 72, 73, 122, 72, 122, 121, 73, 74, 123, 73, 123, 122, 74, 75, 124, 74, 124, 123, 75, 76, 125, 75, 125, 124, 76, 77, 126, 76, 126, 125, 77, 78, 127, 77, 127, 126, 78, 79, 128, 78, 128, 127, 79, 80, 129, 79, 129, 128, 80, 81, 130, 80, 130, 129, 81, 82, 131, 81, 131, 130, 82, 83, 132, 82, 132, 131, 83, 84, 133, 83, 133, 132, 84, 85, 134, 84, 134, 133, 85, 86, 135, 85, 135, 134, 86, 87, 136, 86, 136, 135, 87, 88, 137, 87, 137, 136, 88, 89, 138, 88, 138, 137, 89, 90, 139, 89, 139, 138, 90, 91, 140, 90, 140, 139, 91, 92, 141, 91, 141, 140, 92, 93, 142, 92, 142, 141, 93, 94, 143, 93, 143, 142, 94, 95, 144, 94, 144, 143, 95, 96, 145, 95, 145, 144, 96, 97, 146, 96, 146, 145, 98, 99, 148, 98, 148, 147, 99, 100, 149, 99, 149, 148, 100, 101, 150, 100, 150, 149, 101, 102, 151, 101, 151, 150, 102, 103, 152, 102, 152, 151, 103, 104, 153, 103, 153, 152, 104, 105, 154, 104, 154, 153, 105, 106, 155, 105, 155, 154, 106, 107, 156, 106, 156, 155, 107, 108, 157, 107, 157, 156, 108, 109, 158, 108, 158, 157, 109, 110, 159, 109, 159, 158, 110, 111, 160, 110, 160, 159, 111, 112, 161, 111, 161, 160, 112, 113, 162, 112, 162, 161, 113, 114, 163, 113, 163, 162, 114, 115, 164, 114, 164, 163, 115, 116, 165, 115, 165, 164, 116, 117, 166, 116, 166, 165, 117, 118, 167, 117, 167, 166, 118, 119, 168, 118, 168, 167, 119, 120, 169, 119, 169, 168, 120, 121, 170, 120, 170, 169, 121, 122, 171, 121, 171, 170, 122, 123, 172, 122, 172, 171, 123, 124, 173, 123, 173, 172, 124, 125, 174, 124, 174, 173, 125, 126, 175, 125, 175, 174, 126, 127, 176, 126, 176, 175, 127, 128, 177, 127, 177, 176, 128, 129, 178, 128, 178, 177, 129, 130, 179, 129, 179, 178, 130, 131, 180, 130, 180, 179, 131, 132, 181, 131, 181, 180, 132, 133, 182, 132, 182, 181, 133, 134, 183, 133, 183, 182, 134, 135, 184, 134, 184, 183, 135, 136, 185, 135, 185, 184, 136, 137, 186, 136, 186, 185, 137, 138, 187, 137, 187, 186, 138, 139, 188, 138, 188, 187, 139, 140, 189, 139, 189, 188, 140, 141, 190, 140, 190, 189, 141, 142, 191, 141, 191, 190, 142, 143, 192, 142, 192, 191, 143, 144, 193, 143, 193, 192, 144, 145, 194, 144, 194, 193, 145, 146, 195, 145, 195, 194, 147, 148, 197, 147, 197, 196, 148, 149, 198, 148, 198, 197, 149, 150, 199, 149, 199, 198, 150, 151, 200, 150, 200, 199, 151, 152, 201, 151, 201, 200, 152, 153, 202, 152, 202, 201, 153, 154, 203, 153, 203, 202, 154, 155, 204, 154, 204, 203, 155, 156, 205, 155, 205, 204, 156, 157, 206, 156, 206, 205, 157, 158, 207, 157, 207, 206, 158, 159, 208, 158, 208, 207, 159, 160, 209, 159, 209, 208, 160, 161, 210, 160, 210, 209, 161, 162, 211, 161, 211, 210, 162, 163, 212, 162, 212, 211, 163, 164, 213, 163, 213, 212, 164, 165, 214, 164, 214, 213, 165, 166, 215, 165, 215, 214, 166, 167, 216, 166, 216, 215, 167, 168, 217, 167, 217, 216, 168, 169, 218, 168, 218, 217, 169, 170, 219, 169, 219, 218, 170, 171, 220, 170, 220, 219, 171, 172, 221, 171, 221, 220, 172, 173, 222, 172, 222, 221, 173, 174, 223, 173, 223, 222, 174, 175, 224, 174, 224, 223, 175, 176, 225, 175, 225, 224, 176, 177, 226, 176, 226, 225, 177, 178, 227, 177, 227, 226, 178, 179, 228, 178, 228, 227, 179, 180, 229, 179, 229, 228, 180, 181, 230, 180, 230, 229, 181, 182, 231, 181, 231, 230, 182, 183, 232, 182, 232, 231, 183, 184, 233, 183, 233, 232, 184, 185, 234, 184, 234, 233, 185, 186, 235, 185, 235, 234, 186, 187, 236, 186, 236, 235, 187, 188, 237, 187, 237, 236, 188, 189, 238, 188, 238, 237, 189, 190, 239, 189, 239, 238, 190, 191, 240, 190, 240, 239, 191, 192, 241, 191, 241, 240, 192, 193, 242, 192, 242, 241, 193, 194, 243, 193, 243, 242, 194, 195, 244, 194, 244, 243, 196, 197, 246, 196, 246, 245, 197, 198, 247, 197, 247, 246, 198, 199, 248, 198, 248, 247, 199, 200, 249, 199, 249, 248, 200, 201, 250, 200, 250, 249, 201, 202, 251, 201, 251, 250, 202, 203, 252, 202, 252, 251, 203, 204, 253, 203, 253, 252, 204, 205, 254, 204, 254, 253, 205, 206, 255, 205, 255, 254, 206, 207, 256, 206, 256, 255, 207, 208, 257, 207, 257, 256, 208, 209, 258, 208, 258, 257, 209, 210, 259, 209, 259, 258, 210, 211, 260, 210, 260, 259, 211, 212, 261, 211, 261, 260, 212, 213, 262, 212, 262, 261, 213, 214, 263, 213, 263, 262, 214, 215, 264, 214, 264, 263, 215, 216, 265, 215, 265, 264, 216, 217, 266, 216, 266, 265, 217, 218, 267, 217, 267, 266, 218, 219, 268, 218, 268, 267, 219, 220, 269, 219, 269, 268, 220, 221, 270, 220, 270, 269, 221, 222, 271, 221, 271, 270, 222, 223, 272, 222, 272, 271, 223, 224, 273, 223, 273, 272, 224, 225, 274, 224, 274, 273, 225, 226, 275, 225, 275, 274, 226, 227, 276, 226, 276, 275, 227, 228, 277, 227, 277, 276, 228, 229, 278, 228, 278, 277, 229, 230, 279, 229, 279, 278, 230, 231, 280, 230, 280, 279, 231, 232, 281, 231, 281, 280, 232, 233, 282, 232, 282, 281, 233, 234, 283, 233, 283, 282, 234, 235, 284, 234, 284, 283, 235, 236, 285, 235, 285, 284, 236, 237, 286, 236, 286, 285, 237, 238, 287, 237, 287, 286, 238, 239, 288, 238, 288, 287, 239, 240, 289, 239, 289, 288, 240, 241, 290, 240, 290, 289, 241, 242, 291, 241, 291, 290, 242, 243, 292, 242, 292, 291, 243, 244, 293, 243, 293, 292, 245, 246, 295, 245, 295, 294, 246, 247, 296, 246, 296, 295, 247, 248, 297, 247, 297, 296, 248, 249, 298, 248, 298, 297, 249, 250, 299, 249, 299, 298, 250, 251, 300, 250, 300, 299, 251, 252, 301, 251, 301, 300, 252, 253, 302, 252, 302, 301, 253, 254, 303, 253, 303, 302, 254, 255, 304, 254, 304, 303, 255, 256, 305, 255, 305, 304, 256, 257, 306, 256, 306, 305, 257, 258, 307, 257, 307, 306, 258, 259, 308, 258, 308, 307, 259, 260, 309, 259, 309, 308, 260, 261, 310, 260, 310, 309, 261, 262, 311, 261, 311, 310, 262, 263, 312, 262, 312, 311, 263, 264, 313, 263, 313, 312, 264, 265, 314, 264, 314, 313, 265, 266, 315, 265, 315, 314, 266, 267, 316, 266, 316, 315, 267, 268, 317, 267, 317, 316, 268, 269, 318, 268, 318, 317, 269, 270, 319, 269, 319, 318, 270, 271, 320, 270, 320, 319, 271, 272, 321, 271, 321, 320, 272, 273, 322, 272, 322, 321, 273, 274, 323, 273, 323, 322, 274, 275, 324, 274, 324, 323, 275, 276, 325, 275, 325, 324, 276, 277, 326, 276, 326, 325, 277, 278, 327, 277, 327, 326, 278, 279, 328, 278, 328, 327, 279, 280, 329, 279, 329, 328, 280, 281, 330, 280, 330, 329, 281, 282, 331, 281, 331, 330, 282, 283, 332, 282, 332, 331, 283, 284, 333, 283, 333, 332, 284, 285, 334, 284, 334, 333, 285, 286, 335, 285, 335, 334, 286, 287, 336, 286, 336, 335, 287, 288, 337, 287, 337, 336, 288, 289, 338, 288, 338, 337, 289, 290, 339, 289, 339, 338, 290, 291, 340, 290, 340, 339, 291, 292, 341, 291, 341, 340, 292, 293, 342, 292, 342, 341, 294, 295, 344, 294, 344, 343, 295, 296, 345, 295, 345, 344, 296, 297, 346, 296, 346, 345, 297, 298, 347, 297, 347, 346, 298, 299, 348, 298, 348, 347, 299, 300, 349, 299, 349, 348, 300, 301, 350, 300, 350, 349, 301, 302, 351, 301, 351, 350, 302, 303, 352, 302, 352, 351, 303, 304, 353, 303, 353, 352, 304, 305, 354, 304, 354, 353, 305, 306, 355, 305, 355, 354, 306, 307, 356, 306, 356, 355, 307, 308, 357, 307, 357, 356, 308, 309, 358, 308, 358, 357, 309, 310, 359, 309, 359, 358, 310, 311, 360, 310, 360, 359, 311, 312, 361, 311, 361, 360, 312, 313, 362, 312, 362, 361, 313, 314, 363, 313, 363, 362, 314, 315, 364, 314, 364, 363, 315, 316, 365, 315, 365, 364, 316, 317, 366, 316, 366, 365, 317, 318, 367, 317, 367, 366, 318, 319, 368, 318, 368, 367, 319, 320, 369, 319, 369, 368, 320, 321, 370, 320, 370, 369, 321, 322, 371, 321, 371, 370, 322, 323, 372, 322, 372, 371, 323, 324, 373, 323, 373, 372, 324, 325, 374, 324, 374, 373, 325, 326, 375, 325, 375, 374, 326, 327, 376, 326, 376, 375, 327, 328, 377, 327, 377, 376, 328, 329, 378, 328, 378, 377, 329, 330, 379, 329, 379, 378, 330, 331, 380, 330, 380, 379, 331, 332, 381, 331, 381, 380, 332, 333, 382, 332, 382, 381, 333, 334, 383, 333, 383, 382, 334, 335, 384, 334, 384, 383, 335, 336, 385, 335, 385, 384, 336, 337, 386, 336, 386, 385, 337, 338, 387, 337, 387, 386, 338, 339, 388, 338, 388, 387, 339, 340, 389, 339, 389, 388, 340, 341, 390, 340, 390, 389, 341, 342, 391, 341, 391, 390, 343, 344, 393, 343, 393, 392, 344, 345, 394, 344, 394, 393, 345, 346, 395, 345, 395, 394, 346, 347, 396, 346, 396, 395, 347, 348, 397, 347, 397, 396, 348, 349, 398, 348, 398, 397, 349, 350, 399, 349, 399, 398, 350, 351, 400, 350, 400, 399, 351, 352, 401, 351, 401, 400, 352, 353, 402, 352, 402, 401, 353, 354, 403, 353, 403, 402, 354, 355, 404, 354, 404, 403, 355, 356, 405, 355, 405, 404, 356, 357, 406, 356, 406, 405, 357, 358, 407, 357, 407, 406, 358, 359, 408, 358, 408, 407, 359, 360, 409, 359, 409, 408, 360, 361, 410, 360, 410, 409, 361, 362, 411, 361, 411, 410, 362, 363, 412, 362, 412, 411, 363, 364, 413, 363, 413, 412, 364, 365, 414, 364, 414, 413, 365, 366, 415, 365, 415, 414, 366, 367, 416, 366, 416, 415, 367, 368, 417, 367, 417, 416, 368, 369, 418, 368, 418, 417, 369, 370, 419, 369, 419, 418, 370, 371, 420, 370, 420, 419, 371, 372, 421, 371, 421, 420, 372, 373, 422, 372, 422, 421, 373, 374, 423, 373, 423, 422, 374, 375, 424, 374, 424, 423, 375, 376, 425, 375, 425, 424, 376, 377, 426, 376, 426, 425, 377, 378, 427, 377, 427, 426, 378, 379, 428, 378, 428, 427, 379, 380, 429, 379, 429, 428, 380, 381, 430, 380, 430, 429, 381, 382, 431, 381, 431, 430, 382, 383, 432, 382, 432, 431, 383, 384, 433, 383, 433, 432, 384, 385, 434, 384, 434, 433, 385, 386, 435, 385, 435, 434, 386, 387, 436, 386, 436, 435, 387, 388, 437, 387, 437, 436, 388, 389, 438, 388, 438, 437, 389, 390, 439, 389, 439, 438, 390, 391, 440, 390, 440, 439, 392, 393, 442, 392, 442, 441, 393, 394, 443, 393, 443, 442, 394, 395, 444, 394, 444, 443, 395, 396, 445, 395, 445, 444, 396, 397, 446, 396, 446, 445, 397, 398, 447, 397, 447, 446, 398, 399, 448, 398, 448, 447, 399, 400, 449, 399, 449, 448, 400, 401, 450, 400, 450, 449, 401, 402, 451, 401, 451, 450, 402, 403, 452, 402, 452, 451, 403, 404, 453, 403, 453, 452, 404, 405, 454, 404, 454, 453, 405, 406, 455, 405, 455, 454, 406, 407, 456, 406, 456, 455, 407, 408, 457, 407, 457, 456, 408, 409, 458, 408, 458, 457, 409, 410, 459, 409, 459, 458, 410, 411, 460, 410, 460, 459, 411, 412, 461, 411, 461, 460, 412, 413, 462, 412, 462, 461, 413, 414, 463, 413, 463, 462, 414, 415, 464, 414, 464, 463, 415, 416, 465, 415, 465, 464, 416, 417, 466, 416, 466, 465, 417, 418, 467, 417, 467, 466, 418, 419, 468, 418, 468, 467, 419, 420, 469, 419, 469, 468, 420, 421, 470, 420, 470, 469, 421, 422, 471, 421, 471, 470, 422, 423, 472, 422, 472, 471, 423, 424, 473, 423, 473, 472, 424, 425, 474, 424, 474, 473, 425, 426, 475, 425, 475, 474, 426, 427, 476, 426, 476, 475, 427, 428, 477, 427, 477, 476, 428, 429, 478, 428, 478, 477, 429, 430, 479, 429, 479, 478, 430, 431, 480, 430, 480, 479, 431, 432, 481, 431, 481, 480, 432, 433, 482, 432, 482, 481, 433, 434, 483, 433, 483, 482, 434, 435, 484, 434, 484, 483, 435, 436, 485, 435, 485, 484, 436, 437, 486, 436, 486, 485, 437, 438, 487, 437, 487, 486, 438, 439, 488, 438, 488, 487, 439, 440, 489, 439, 489, 488, 441, 442, 491, 441, 491, 490, 442, 443, 492, 442, 492, 491, 443, 444, 493, 443, 493, 492, 444, 445, 494, 444, 494, 493, 445, 446, 495, 445, 495, 494, 446, 447, 496, 446, 496, 495, 447, 448, 497, 447, 497, 496, 448, 449, 498, 448, 498, 497, 449, 450, 499, 449, 499, 498, 450, 451, 500, 450, 500, 499, 451, 452, 501, 451, 501, 500, 452, 453, 502, 452, 502, 501, 453, 454, 503, 453, 503, 502, 454, 455, 504, 454, 504, 503, 455, 456, 505, 455, 505, 504, 456, 457, 506, 456, 506, 505, 457, 458, 507, 457, 507, 506, 458, 459, 508, 458, 508, 507, 459, 460, 509, 459, 509, 508, 460, 461, 510, 460, 510, 509, 461, 462, 511, 461, 511, 510, 462, 463, 512, 462, 512, 511, 463, 464, 513, 463, 513, 512, 464, 465, 514, 464, 514, 513, 465, 466, 515, 465, 515, 514, 466, 467, 516, 466, 516, 515, 467, 468, 517, 467, 517, 516, 468, 469, 518, 468, 518, 517, 469, 470, 519, 469, 519, 518, 470, 471, 520, 470, 520, 519, 471, 472, 521, 471, 521, 520, 472, 473, 522, 472, 522, 521, 473, 474, 523, 473, 523, 522, 474, 475, 524, 474, 524, 523, 475, 476, 525, 475, 525, 524, 476, 477, 526, 476, 526, 525, 477, 478, 527, 477, 527, 526, 478, 479, 528, 478, 528, 527, 479, 480, 529, 479, 529, 528, 480, 481, 530, 480, 530, 529, 481, 482, 531, 481, 531, 530, 482, 483, 532, 482, 532, 531, 483, 484, 533, 483, 533, 532, 484, 485, 534, 484, 534, 533, 485, 486, 535, 485, 535, 534, 486, 487, 536, 486, 536, 535, 487, 488, 537, 487, 537, 536, 488, 489, 538, 488, 538, 537, 490, 491, 540, 490, 540, 539, 491, 492, 541, 491, 541, 540, 492, 493, 542, 492, 542, 541, 493, 494, 543, 493, 543, 542, 494, 495, 544, 494, 544, 543, 495, 496, 545, 495, 545, 544, 496, 497, 546, 496, 546, 545, 497, 498, 547, 497, 547, 546, 498, 499, 548, 498, 548, 547, 499, 500, 549, 499, 549, 548, 500, 501, 550, 500, 550, 549, 501, 502, 551, 501, 551, 550, 502, 503, 552, 502, 552, 551, 503, 504, 553, 503, 553, 552, 504, 505, 554, 504, 554, 553, 505, 506, 555, 505, 555, 554, 506, 507, 556, 506, 556, 555, 507, 508, 557, 507, 557, 556, 508, 509, 558, 508, 558, 557, 509, 510, 559, 509, 559, 558, 510, 511, 560, 510, 560, 559, 511, 512, 561, 511, 561, 560, 512, 513, 562, 512, 562, 561, 513, 514, 563, 513, 563, 562, 514, 515, 564, 514, 564, 563, 515, 516, 565, 515, 565, 564, 516, 517, 566, 516, 566, 565, 517, 518, 567, 517, 567, 566, 518, 519, 568, 518, 568, 567, 519, 520, 569, 519, 569, 568, 520, 521, 570, 520, 570, 569, 521, 522, 571, 521, 571, 570, 522, 523, 572, 522, 572, 571, 523, 524, 573, 523, 573, 572, 524, 525, 574, 524, 574, 573, 525, 526, 575, 525, 575, 574, 526, 527, 576, 526, 576, 575, 527, 528, 577, 527, 577, 576, 528, 529, 578, 528, 578, 577, 529, 530, 579, 529, 579, 578, 530, 531, 580, 530, 580, 579, 531, 532, 581, 531, 581, 580, 532, 533, 582, 532, 582, 581, 533, 534, 583, 533, 583, 582, 534, 535, 584, 534, 584, 583, 535, 536, 585, 535, 585, 584, 536, 537, 586, 536, 586, 585, 537, 538, 587, 537, 587, 586, 539, 540, 589, 539, 589, 588, 540, 541, 590, 540, 590, 589, 541, 542, 591, 541, 591, 590, 542, 543, 592, 542, 592, 591, 543, 544, 593, 543, 593, 592, 544, 545, 594, 544, 594, 593, 545, 546, 595, 545, 595, 594, 546, 547, 596, 546, 596, 595, 547, 548, 597, 547, 597, 596, 548, 549, 598, 548, 598, 597, 549, 550, 599, 549, 599, 598, 550, 551, 600, 550, 600, 599, 551, 552, 601, 551, 601, 600, 552, 553, 602, 552, 602, 601, 553, 554, 603, 553, 603, 602, 554, 555, 604, 554, 604, 603, 555, 556, 605, 555, 605, 604, 556, 557, 606, 556, 606, 605, 557, 558, 607, 557, 607, 606, 558, 559, 608, 558, 608, 607, 559, 560, 609, 559, 609, 608, 560, 561, 610, 560, 610, 609, 561, 562, 611, 561, 611, 610, 562, 563, 612, 562, 612, 611, 563, 564, 613, 563, 613, 612, 564, 565, 614, 564, 614, 613, 565, 566, 615, 565, 615, 614, 566, 567, 616, 566, 616, 615, 567, 568, 617, 567, 617, 616, 568, 569, 618, 568, 618, 617, 569, 570, 619, 569, 619, 618, 570, 571, 620, 570, 620, 619, 571, 572, 621, 571, 621, 620, 572, 573, 622, 572, 622, 621, 573, 574, 623, 573, 623, 622, 574, 575, 624, 574, 624, 623, 575, 576, 625, 575, 625, 624, 576, 577, 626, 576, 626, 625, 577, 578, 627, 577, 627, 626, 578, 579, 628, 578, 628, 627, 579, 580, 629, 579, 629, 628, 580, 581, 630, 580, 630, 629, 581, 582, 631, 581, 631, 630, 582, 583, 632, 582, 632, 631, 583, 584, 633, 583, 633, 632, 584, 585, 634, 584, 634, 633, 585, 586, 635, 585, 635, 634, 586, 587, 636, 586, 636, 635, 588, 589, 638, 588, 638, 637, 589, 590, 639, 589, 639, 638, 590, 591, 640, 590, 640, 639, 591, 592, 641, 591, 641, 640, 592, 593, 642, 592, 642, 641, 593, 594, 643, 593, 643, 642, 594, 595, 644, 594, 644, 643, 595, 596, 645, 595, 645, 644, 596, 597, 646, 596, 646, 645, 597, 598, 647, 597, 647, 646, 598, 599, 648, 598, 648, 647, 599, 600, 649, 599, 649, 648, 600, 601, 650, 600, 650, 649, 601, 602, 651, 601, 651, 650, 602, 603, 652, 602, 652, 651, 603, 604, 653, 603, 653, 652, 604, 605, 654, 604, 654, 653, 605, 606, 655, 605, 655, 654, 606, 607, 656, 606, 656, 655, 607, 608, 657, 607, 657, 656, 608, 609, 658, 608, 658, 657, 609, 610, 659, 609, 659, 658, 610, 611, 660, 610, 660, 659, 611, 612, 661, 611, 661, 660, 612, 613, 662, 612, 662, 661, 613, 614, 663, 613, 663, 662, 614, 615, 664, 614, 664, 663, 615, 616, 665, 615, 665, 664, 616, 617, 666, 616, 666, 665, 617, 618, 667, 617, 667, 666, 618, 619, 668, 618, 668, 667, 619, 620, 669, 619, 669, 668, 620, 621, 670, 620, 670, 669, 621, 622, 671, 621, 671, 670, 622, 623, 672, 622, 672, 671, 623, 624, 673, 623, 673, 672, 624, 625, 674, 624, 674, 673, 625, 626, 675, 625, 675, 674, 626, 627, 676, 626, 676, 675, 627, 628, 677, 627, 677, 676, 628, 629, 678, 628, 678, 677, 629, 630, 679, 629, 679, 678, 630, 631, 680, 630, 680, 679, 631, 632, 681, 631, 681, 680, 632, 633, 682, 632, 682, 681, 633, 634, 683, 633, 683, 682, 634, 635, 684, 634, 684, 683, 635, 636, 685, 635, 685, 684, 637, 638, 687, 637, 687, 686, 638, 639, 688, 638, 688, 687, 639, 640, 689, 639, 689, 688, 640, 641, 690, 640, 690, 689, 641, 642, 691, 641, 691, 690, 642, 643, 692, 642, 692, 691, 643, 644, 693, 643, 693, 692, 644, 645, 694, 644, 694, 693, 645, 646, 695, 645, 695, 694, 646, 647, 696, 646, 696, 695, 647, 648, 697, 647, 697, 696, 648, 649, 698, 648, 698, 697, 649, 650, 699, 649, 699, 698, 650, 651, 700, 650, 700, 699, 651, 652, 701, 651, 701, 700, 652, 653, 702, 652, 702, 701, 653, 654, 703, 653, 703, 702, 654, 655, 704, 654, 704, 703, 655, 656, 705, 655, 705, 704, 656, 657, 706, 656, 706, 705, 657, 658, 707, 657, 707, 706, 658, 659, 708, 658, 708, 707, 659, 660, 709, 659, 709, 708, 660, 661, 710, 660, 710, 709, 661, 662, 711, 661, 711, 710, 662, 663, 712, 662, 712, 711, 663, 664, 713, 663, 713, 712, 664, 665, 714, 664, 714, 713, 665, 666, 715, 665, 715, 714, 666, 667, 716, 666, 716, 715, 667, 668, 717, 667, 717, 716, 668, 669, 718, 668, 718, 717, 669, 670, 719, 669, 719, 718, 670, 671, 720, 670, 720, 719, 671, 672, 721, 671, 721, 720, 672, 673, 722, 672, 722, 721, 673, 674, 723, 673, 723, 722, 674, 675, 724, 674, 724, 723, 675, 676, 725, 675, 725, 724, 676, 677, 726, 676, 726, 725, 677, 678, 727, 677, 727, 726, 678, 679, 728, 678, 728, 727, 679, 680, 729, 679, 729, 728, 680, 681, 730, 680, 730, 729, 681, 682, 731, 681, 731, 730, 682, 683, 732, 682, 732, 731, 683, 684, 733, 683, 733, 732, 684, 685, 734, 684, 734, 733, 686, 687, 736, 686, 736, 735, 687, 688, 737, 687, 737, 736, 688, 689, 738, 688, 738, 737, 689, 690, 739, 689, 739, 738, 690, 691, 740, 690, 740, 739, 691, 692, 741, 691, 741, 740, 692, 693, 742, 692, 742, 741, 693, 694, 743, 693, 743, 742, 694, 695, 744, 694, 744, 743, 695, 696, 745, 695, 745, 744, 696, 697, 746, 696, 746, 745, 697, 698, 747, 697, 747, 746, 698, 699, 748, 698, 748, 747, 699, 700, 749, 699, 749, 748, 700, 701, 750, 700, 750, 749, 701, 702, 751, 701, 751, 750, 702, 703, 752, 702, 752, 751, 703, 704, 753, 703, 753, 752, 704, 705, 754, 704, 754, 753, 705, 706, 755, 705, 755, 754, 706, 707, 756, 706, 756, 755, 707, 708, 757, 707, 757, 756, 708, 709, 758, 708, 758, 757, 709, 710, 759, 709, 759, 758, 710, 711, 760, 710, 760, 759, 711, 712, 761, 711, 761, 760, 712, 713, 762, 712, 762, 761, 713, 714, 763, 713, 763, 762, 714, 715, 764, 714, 764, 763, 715, 716, 765, 715, 765, 764, 716, 717, 766, 716, 766, 765, 717, 718, 767, 717, 767, 766, 718, 719, 768, 718, 768, 767, 719, 720, 769, 719, 769, 768, 720, 721, 770, 720, 770, 769, 721, 722, 771, 721, 771, 770, 722, 723, 772, 722, 772, 771, 723, 724, 773, 723, 773, 772, 724, 725, 774, 724, 774, 773, 725, 726, 775, 725, 775, 774, 726, 727, 776, 726, 776, 775, 727, 728, 777, 727, 777, 776, 728, 729, 778, 728, 778, 777, 729, 730, 779, 729, 779, 778, 730, 731, 780, 730, 780, 779, 731, 732, 781, 731, 781, 780, 732, 733, 782, 732, 782, 781, 733, 734, 783, 733, 783, 782, 735, 736, 785, 735, 785, 784, 736, 737, 786, 736, 786, 785, 737, 738, 787, 737, 787, 786, 738, 739, 788, 738, 788, 787, 739, 740, 789, 739, 789, 788, 740, 741, 790, 740, 790, 789, 741, 742, 791, 741, 791, 790, 742, 743, 792, 742, 792, 791, 743, 744, 793, 743, 793, 792, 744, 745, 794, 744, 794, 793, 745, 746, 795, 745, 795, 794, 746, 747, 796, 746, 796, 795, 747, 748, 797, 747, 797, 796, 748, 749, 798, 748, 798, 797, 749, 750, 799, 749, 799, 798, 750, 751, 800, 750, 800, 799, 751, 752, 801, 751, 801, 800, 752, 753, 802, 752, 802, 801, 753, 754, 803, 753, 803, 802, 754, 755, 804, 754, 804, 803, 755, 756, 805, 755, 805, 804, 756, 757, 806, 756, 806, 805, 757, 758, 807, 757, 807, 806, 758, 759, 808, 758, 808, 807, 759, 760, 809, 759, 809, 808, 760, 761, 810, 760, 810, 809, 761, 762, 811, 761, 811, 810, 762, 763, 812, 762, 812, 811, 763, 764, 813, 763, 813, 812, 764, 765, 814, 764, 814, 813, 765, 766, 815, 765, 815, 814, 766, 767, 816, 766, 816, 815, 767, 768, 817, 767, 817, 816, 768, 769, 818, 768, 818, 817, 769, 770, 819, 769, 819, 818, 770, 771, 820, 770, 820, 819, 771, 772, 821, 771, 821, 820, 772, 773, 822, 772, 822, 821, 773, 774, 823, 773, 823, 822, 774, 775, 824, 774, 824, 823, 775, 776, 825, 775, 825, 824, 776, 777, 826, 776, 826, 825, 777, 778, 827, 777, 827, 826, 778, 779, 828, 778, 828, 827, 779, 780, 829, 779, 829, 828, 780, 781, 830, 780, 830, 829, 781, 782, 831, 781, 831, 830, 782, 783, 832, 782, 832, 831, 784, 785, 834, 784, 834, 833, 785, 786, 835, 785, 835, 834, 786, 787, 836, 786, 836, 835, 787, 788, 837, 787, 837, 836, 788, 789, 838, 788, 838, 837, 789, 790, 839, 789, 839, 838, 790, 791, 840, 790, 840, 839, 791, 792, 841, 791, 841, 840, 792, 793, 842, 792, 842, 841, 793, 794, 843, 793, 843, 842, 794, 795, 844, 794, 844, 843, 795, 796, 845, 795, 845, 844, 796, 797, 846, 796, 846, 845, 797, 798, 847, 797, 847, 846, 798, 799, 848, 798, 848, 847, 799, 800, 849, 799, 849, 848, 800, 801, 850, 800, 850, 849, 801, 802, 851, 801, 851, 850, 802, 803, 852, 802, 852, 851, 803, 804, 853, 803, 853, 852, 804, 805, 854, 804, 854, 853, 805, 806, 855, 805, 855, 854, 806, 807, 856, 806, 856, 855, 807, 808, 857, 807, 857, 856, 808, 809, 858, 808, 858, 857, 809, 810, 859, 809, 859, 858, 810, 811, 860, 810, 860, 859, 811, 812, 861, 811, 861, 860, 812, 813, 862, 812, 862, 861, 813, 814, 863, 813, 863, 862, 814, 815, 864, 814, 864, 863, 815, 816, 865, 815, 865, 864, 816, 817, 866, 816, 866, 865, 817, 818, 867, 817, 867, 866, 818, 819, 868, 818, 868, 867, 819, 820, 869, 819, 869, 868, 820, 821, 870, 820, 870, 869, 821, 822, 871, 821, 871, 870, 822, 823, 872, 822, 872, 871, 823, 824, 873, 823, 873, 872, 824, 825, 874, 824, 874, 873, 825, 826, 875, 825, 875, 874, 826, 827, 876, 826, 876, 875, 827, 828, 877, 827, 877, 876, 828, 829, 878, 828, 878, 877, 829, 830, 879, 829, 879, 878, 830, 831, 880, 830, 880, 879, 831, 832, 881, 831, 881, 880, 833, 834, 883, 833, 883, 882, 834, 835, 884, 834, 884, 883, 835, 836, 885, 835, 885, 884, 836, 837, 886, 836, 886, 885, 837, 838, 887, 837, 887, 886, 838, 839, 888, 838, 888, 887, 839, 840, 889, 839, 889, 888, 840, 841, 890, 840, 890, 889, 841, 842, 891, 841, 891, 890, 842, 843, 892, 842, 892, 891, 843, 844, 893, 843, 893, 892, 844, 845, 894, 844, 894, 893, 845, 846, 895, 845, 895, 894, 846, 847, 896, 846, 896, 895, 847, 848, 897, 847, 897, 896, 848, 849, 898, 848, 898, 897, 849, 850, 899, 849, 899, 898, 850, 851, 900, 850, 900, 899, 851, 852, 901, 851, 901, 900, 852, 853, 902, 852, 902, 901, 853, 854, 903, 853, 903, 902, 854, 855, 904, 854, 904, 903, 855, 856, 905, 855, 905, 904, 856, 857, 906, 856, 906, 905, 857, 858, 907, 857, 907, 906, 858, 859, 908, 858, 908, 907, 859, 860, 909, 859, 909, 908, 860, 861, 910, 860, 910, 909, 861, 862, 911, 861, 911, 910, 862, 863, 912, 862, 912, 911, 863, 864, 913, 863, 913, 912, 864, 865, 914, 864, 914, 913, 865, 866, 915, 865, 915, 914, 866, 867, 916, 866, 916, 915, 867, 868, 917, 867, 917, 916, 868, 869, 918, 868, 918, 917, 869, 870, 919, 869, 919, 918, 870, 871, 920, 870, 920, 919, 871, 872, 921, 871, 921, 920, 872, 873, 922, 872, 922, 921, 873, 874, 923, 873, 923, 922, 874, 875, 924, 874, 924, 923, 875, 876, 925, 875, 925, 924, 876, 877, 926, 876, 926, 925, 877, 878, 927, 877, 927, 926, 878, 879, 928, 878, 928, 927, 879, 880, 929, 879, 929, 928, 880, 881, 930, 880, 930, 929, 882, 883, 932, 882, 932, 931, 883, 884, 933, 883, 933, 932, 884, 885, 934, 884, 934, 933, 885, 886, 935, 885, 935, 934, 886, 887, 936, 886, 936, 935, 887, 888, 937, 887, 937, 936, 888, 889, 938, 888, 938, 937, 889, 890, 939, 889, 939, 938, 890, 891, 940, 890, 940, 939, 891, 892, 941, 891, 941, 940, 892, 893, 942, 892, 942, 941, 893, 894, 943, 893, 943, 942, 894, 895, 944, 894, 944, 943, 895, 896, 945, 895, 945, 944, 896, 897, 946, 896, 946, 945, 897, 898, 947, 897, 947, 946, 898, 899, 948, 898, 948, 947, 899, 900, 949, 899, 949, 948, 900, 901, 950, 900, 950, 949, 901, 902, 951, 901, 951, 950, 902, 903, 952, 902, 952, 951, 903, 904, 953, 903, 953, 952, 904, 905, 954, 904, 954, 953, 905, 906, 955, 905, 955, 954, 906, 907, 956, 906, 956, 955, 907, 908, 957, 907, 957, 956, 908, 909, 958, 908, 958, 957, 909, 910, 959, 909, 959, 958, 910, 911, 960, 910, 960, 959, 911, 912, 961, 911, 961, 960, 912, 913, 962, 912, 962, 961, 913, 914, 963, 913, 963, 962, 914, 915, 964, 914, 964, 963, 915, 916, 965, 915, 965, 964, 916, 917, 966, 916, 966, 965, 917, 918, 967, 917, 967, 966, 918, 919, 968, 918, 968, 967, 919, 920, 969, 919, 969, 968, 920, 921, 970, 920, 970, 969, 921, 922, 971, 921, 971, 970, 922, 923, 972, 922, 972, 971, 923, 924, 973, 923, 973, 972, 924, 925, 974, 924, 974, 973, 925, 926, 975, 925, 975, 974, 926, 927, 976, 926, 976, 975, 927, 928, 977, 927, 977, 976, 928, 929, 978, 928, 978, 977, 929, 930, 979, 929, 979, 978, 931, 932, 981, 931, 981, 980, 932, 933, 982, 932, 982, 981, 933, 934, 983, 933, 983, 982, 934, 935, 984, 934, 984, 983, 935, 936, 985, 935, 985, 984, 936, 937, 986, 936, 986, 985, 937, 938, 987, 937, 987, 986, 938, 939, 988, 938, 988, 987, 939, 940, 989, 939, 989, 988, 940, 941, 990, 940, 990, 989, 941, 942, 991, 941, 991, 990, 942, 943, 992, 942, 992, 991, 943, 944, 993, 943, 993, 992, 944, 945, 994, 944, 994, 993, 945, 946, 995, 945, 995, 994, 946, 947, 996, 946, 996, 995, 947, 948, 997, 947, 997, 996, 948, 949, 998, 948, 998, 997, 949, 950, 999, 949, 999, 998, 950, 951, 1000, 950, 1000, 999, 951, 952, 1001, 951, 1001, 1000, 952, 953, 1002, 952, 1002, 1001, 953, 954, 1003, 953, 1003, 1002, 954, 955, 1004, 954, 1004, 1003, 955, 956, 1005, 955, 1005, 1004, 956, 957, 1006, 956, 1006, 1005, 957, 958, 1007, 957, 1007, 1006, 958, 959, 1008, 958, 1008, 1007, 959, 960, 1009, 959, 1009, 1008, 960, 961, 1010, 960, 1010, 1009, 961, 962, 1011, 961, 1011, 1010, 962, 963, 1012, 962, 1012, 1011, 963, 964, 1013, 963, 1013, 1012, 964, 965, 1014, 964, 1014, 1013, 965, 966, 1015, 965, 1015, 1014, 966, 967, 1016, 966, 1016, 1015, 967, 968, 1017, 967, 1017, 1016, 968, 969, 1018, 968, 1018, 1017, 969, 970, 1019, 969, 1019, 1018, 970, 971, 1020, 970, 1020, 1019, 971, 972, 1021, 971, 1021, 1020, 972, 973, 1022, 972, 1022, 1021, 973, 974, 1023, 973, 1023, 1022, 974, 975, 1024, 974, 1024, 1023, 975, 976, 1025, 975, 1025, 1024, 976, 977, 1026, 976, 1026, 1025, 977, 978, 1027, 977, 1027, 1026, 978, 979, 1028, 978, 1028, 1027, 980, 981, 1030, 980, 1030, 1029, 981, 982, 1031, 981, 1031, 1030, 982, 983, 1032, 982, 1032, 1031, 983, 984, 1033, 983, 1033, 1032, 984, 985, 1034, 984, 1034, 1033, 985, 986, 1035, 985, 1035, 1034, 986, 987, 1036, 986, 1036, 1035, 987, 988, 1037, 987, 1037, 1036, 988, 989, 1038, 988, 1038, 1037, 989, 990, 1039, 989, 1039, 1038, 990, 991, 1040, 990, 1040, 1039, 991, 992, 1041, 991, 1041, 1040, 992, 993, 1042, 992, 1042, 1041, 993, 994, 1043, 993, 1043, 1042, 994, 995, 1044, 994, 1044, 1043, 995, 996, 1045, 995, 1045, 1044, 996, 997, 1046, 996, 1046, 1045, 997, 998, 1047, 997, 1047, 1046, 998, 999, 1048, 998, 1048, 1047, 999, 1000, 1049, 999, 1049, 1048, 1000, 1001, 1050, 1000, 1050, 1049, 1001, 1002, 1051, 1001, 1051, 1050, 1002, 1003, 1052, 1002, 1052, 1051, 1003, 1004, 1053, 1003, 1053, 1052, 1004, 1005, 1054, 1004, 1054, 1053, 1005, 1006, 1055, 1005, 1055, 1054, 1006, 1007, 1056, 1006, 1056, 1055, 1007, 1008, 1057, 1007, 1057, 1056, 1008, 1009, 1058, 1008, 1058, 1057, 1009, 1010, 1059, 1009, 1059, 1058, 1010, 1011, 1060, 1010, 1060, 1059, 1011, 1012, 1061, 1011, 1061, 1060, 1012, 1013, 1062, 1012, 1062, 1061, 1013, 1014, 1063, 1013, 1063, 1062, 1014, 1015, 1064, 1014, 1064, 1063, 1015, 1016, 1065, 1015, 1065, 1064, 1016, 1017, 1066, 1016, 1066, 1065, 1017, 1018, 1067, 1017, 1067, 1066, 1018, 1019, 1068, 1018, 1068, 1067, 1019, 1020, 1069, 1019, 1069, 1068, 1020, 1021, 1070, 1020, 1070, 1069, 1021, 1022, 1071, 1021, 1071, 1070, 1022, 1023, 1072, 1022, 1072, 1071, 1023, 1024, 1073, 1023, 1073, 1072, 1024, 1025, 1074, 1024, 1074, 1073, 1025, 1026, 1075, 1025, 1075, 1074, 1026, 1027, 1076, 1026, 1076, 1075, 1027, 1028, 1077, 1027, 1077, 1076, 1029, 1030, 1079, 1029, 1079, 1078, 1030, 1031, 1080, 1030, 1080, 1079, 1031, 1032, 1081, 1031, 1081, 1080, 1032, 1033, 1082, 1032, 1082, 1081, 1033, 1034, 1083, 1033, 1083, 1082, 1034, 1035, 1084, 1034, 1084, 1083, 1035, 1036, 1085, 1035, 1085, 1084, 1036, 1037, 1086, 1036, 1086, 1085, 1037, 1038, 1087, 1037, 1087, 1086, 1038, 1039, 1088, 1038, 1088, 1087, 1039, 1040, 1089, 1039, 1089, 1088, 1040, 1041, 1090, 1040, 1090, 1089, 1041, 1042, 1091, 1041, 1091, 1090, 1042, 1043, 1092, 1042, 1092, 1091, 1043, 1044, 1093, 1043, 1093, 1092, 1044, 1045, 1094, 1044, 1094, 1093, 1045, 1046, 1095, 1045, 1095, 1094, 1046, 1047, 1096, 1046, 1096, 1095, 1047, 1048, 1097, 1047, 1097, 1096, 1048, 1049, 1098, 1048, 1098, 1097, 1049, 1050, 1099, 1049, 1099, 1098, 1050, 1051, 1100, 1050, 1100, 1099, 1051, 1052, 1101, 1051, 1101, 1100, 1052, 1053, 1102, 1052, 1102, 1101, 1053, 1054, 1103, 1053, 1103, 1102, 1054, 1055, 1104, 1054, 1104, 1103, 1055, 1056, 1105, 1055, 1105, 1104, 1056, 1057, 1106, 1056, 1106, 1105, 1057, 1058, 1107, 1057, 1107, 1106, 1058, 1059, 1108, 1058, 1108, 1107, 1059, 1060, 1109, 1059, 1109, 1108, 1060, 1061, 1110, 1060, 1110, 1109, 1061, 1062, 1111, 1061, 1111, 1110, 1062, 1063, 1112, 1062, 1112, 1111, 1063, 1064, 1113, 1063, 1113, 1112, 1064, 1065, 1114, 1064, 1114, 1113, 1065, 1066, 1115, 1065, 1115, 1114, 1066, 1067, 1116, 1066, 1116, 1115, 1067, 1068, 1117, 1067, 1117, 1116, 1068, 1069, 1118, 1068, 1118, 1117, 1069, 1070, 1119, 1069, 1119, 1118, 1070, 1071, 1120, 1070, 1120, 1119, 1071, 1072, 1121, 1071, 1121, 1120, 1072, 1073, 1122, 1072, 1122, 1121, 1073, 1074, 1123, 1073, 1123, 1122, 1074, 1075, 1124, 1074, 1124, 1123, 1075, 1076, 1125, 1075, 1125, 1124, 1076, 1077, 1126, 1076, 1126, 1125, 1078, 1079, 1128, 1078, 1128, 1127, 1079, 1080, 1129, 1079, 1129, 1128, 1080, 1081, 1130, 1080, 1130, 1129, 1081, 1082, 1131, 1081, 1131, 1130, 1082, 1083, 1132, 1082, 1132, 1131, 1083, 1084, 1133, 1083, 1133, 1132, 1084, 1085, 1134, 1084, 1134, 1133, 1085, 1086, 1135, 1085, 1135, 1134, 1086, 1087, 1136, 1086, 1136, 1135, 1087, 1088, 1137, 1087, 1137, 1136, 1088, 1089, 1138, 1088, 1138, 1137, 1089, 1090, 1139, 1089, 1139, 1138, 1090, 1091, 1140, 1090, 1140, 1139, 1091, 1092, 1141, 1091, 1141, 1140, 1092, 1093, 1142, 1092, 1142, 1141, 1093, 1094, 1143, 1093, 1143, 1142, 1094, 1095, 1144, 1094, 1144, 1143, 1095, 1096, 1145, 1095, 1145, 1144, 1096, 1097, 1146, 1096, 1146, 1145, 1097, 1098, 1147, 1097, 1147, 1146, 1098, 1099, 1148, 1098, 1148, 1147, 1099, 1100, 1149, 1099, 1149, 1148, 1100, 1101, 1150, 1100, 1150, 1149, 1101, 1102, 1151, 1101, 1151, 1150, 1102, 1103, 1152, 1102, 1152, 1151, 1103, 1104, 1153, 1103, 1153, 1152, 1104, 1105, 1154, 1104, 1154, 1153, 1105, 1106, 1155, 1105, 1155, 1154, 1106, 1107, 1156, 1106, 1156, 1155, 1107, 1108, 1157, 1107, 1157, 1156, 1108, 1109, 1158, 1108, 1158, 1157, 1109, 1110, 1159, 1109, 1159, 1158, 1110, 1111, 1160, 1110, 1160, 1159, 1111, 1112, 1161, 1111, 1161, 1160, 1112, 1113, 1162, 1112, 1162, 1161, 1113, 1114, 1163, 1113, 1163, 1162, 1114, 1115, 1164, 1114, 1164, 1163, 1115, 1116, 1165, 1115, 1165, 1164, 1116, 1117, 1166, 1116, 1166, 1165, 1117, 1118, 1167, 1117, 1167, 1166, 1118, 1119, 1168, 1118, 1168, 1167, 1119, 1120, 1169, 1119, 1169, 1168, 1120, 1121, 1170, 1120, 1170, 1169, 1121, 1122, 1171, 1121, 1171, 1170, 1122, 1123, 1172, 1122, 1172, 1171, 1123, 1124, 1173, 1123, 1173, 1172, 1124, 1125, 1174, 1124, 1174, 1173, 1125, 1126, 1175, 1125, 1175, 1174, 1127, 1128, 1177, 1127, 1177, 1176, 1128, 1129, 1178, 1128, 1178, 1177, 1129, 1130, 1179, 1129, 1179, 1178, 1130, 1131, 1180, 1130, 1180, 1179, 1131, 1132, 1181, 1131, 1181, 1180, 1132, 1133, 1182, 1132, 1182, 1181, 1133, 1134, 1183, 1133, 1183, 1182, 1134, 1135, 1184, 1134, 1184, 1183, 1135, 1136, 1185, 1135, 1185, 1184, 1136, 1137, 1186, 1136, 1186, 1185, 1137, 1138, 1187, 1137, 1187, 1186, 1138, 1139, 1188, 1138, 1188, 1187, 1139, 1140, 1189, 1139, 1189, 1188, 1140, 1141, 1190, 1140, 1190, 1189, 1141, 1142, 1191, 1141, 1191, 1190, 1142, 1143, 1192, 1142, 1192, 1191, 1143, 1144, 1193, 1143, 1193, 1192, 1144, 1145, 1194, 1144, 1194, 1193, 1145, 1146, 1195, 1145, 1195, 1194, 1146, 1147, 1196, 1146, 1196, 1195, 1147, 1148, 1197, 1147, 1197, 1196, 1148, 1149, 1198, 1148, 1198, 1197, 1149, 1150, 1199, 1149, 1199, 1198, 1150, 1151, 1200, 1150, 1200, 1199, 1151, 1152, 1201, 1151, 1201, 1200, 1152, 1153, 1202, 1152, 1202, 1201, 1153, 1154, 1203, 1153, 1203, 1202, 1154, 1155, 1204, 1154, 1204, 1203, 1155, 1156, 1205, 1155, 1205, 1204, 1156, 1157, 1206, 1156, 1206, 1205, 1157, 1158, 1207, 1157, 1207, 1206, 1158, 1159, 1208, 1158, 1208, 1207, 1159, 1160, 1209, 1159, 1209, 1208, 1160, 1161, 1210, 1160, 1210, 1209, 1161, 1162, 1211, 1161, 1211, 1210, 1162, 1163, 1212, 1162, 1212, 1211, 1163, 1164, 1213, 1163, 1213, 1212, 1164, 1165, 1214, 1164, 1214, 1213, 1165, 1166, 1215, 1165, 1215, 1214, 1166, 1167, 1216, 1166, 1216, 1215, 1167, 1168, 1217, 1167, 1217, 1216, 1168, 1169, 1218, 1168, 1218, 1217, 1169, 1170, 1219, 1169, 1219, 1218, 1170, 1171, 1220, 1170, 1220, 1219, 1171, 1172, 1221, 1171, 1221, 1220, 1172, 1173, 1222, 1172, 1222, 1221, 1173, 1174, 1223, 1173, 1223, 1222, 1174, 1175, 1224, 1174, 1224, 1223, 1176, 1177, 1226, 1176, 1226, 1225, 1177, 1178, 1227, 1177, 1227, 1226, 1178, 1179, 1228, 1178, 1228, 1227, 1179, 1180, 1229, 1179, 1229, 1228, 1180, 1181, 1230, 1180, 1230, 1229, 1181, 1182, 1231, 1181, 1231, 1230, 1182, 1183, 1232, 1182, 1232, 1231, 1183, 1184, 1233, 1183, 1233, 1232, 1184, 1185, 1234, 1184, 1234, 1233, 1185, 1186, 1235, 1185, 1235, 1234, 1186, 1187, 1236, 1186, 1236, 1235, 1187, 1188, 1237, 1187, 1237, 1236, 1188, 1189, 1238, 1188, 1238, 1237, 1189, 1190, 1239, 1189, 1239, 1238, 1190, 1191, 1240, 1190, 1240, 1239, 1191, 1192, 1241, 1191, 1241, 1240, 1192, 1193, 1242, 1192, 1242, 1241, 1193, 1194, 1243, 1193, 1243, 1242, 1194, 1195, 1244, 1194, 1244, 1243, 1195, 1196, 1245, 1195, 1245, 1244, 1196, 1197, 1246, 1196, 1246, 1245, 1197, 1198, 1247, 1197, 1247, 1246, 1198, 1199, 1248, 1198, 1248, 1247, 1199, 1200, 1249, 1199, 1249, 1248, 1200, 1201, 1250, 1200, 1250, 1249, 1201, 1202, 1251, 1201, 1251, 1250, 1202, 1203, 1252, 1202, 1252, 1251, 1203, 1204, 1253, 1203, 1253, 1252, 1204, 1205, 1254, 1204, 1254, 1253, 1205, 1206, 1255, 1205, 1255, 1254, 1206, 1207, 1256, 1206, 1256, 1255, 1207, 1208, 1257, 1207, 1257, 1256, 1208, 1209, 1258, 1208, 1258, 1257, 1209, 1210, 1259, 1209, 1259, 1258, 1210, 1211, 1260, 1210, 1260, 1259, 1211, 1212, 1261, 1211, 1261, 1260, 1212, 1213, 1262, 1212, 1262, 1261, 1213, 1214, 1263, 1213, 1263, 1262, 1214, 1215, 1264, 1214, 1264, 1263, 1215, 1216, 1265, 1215, 1265, 1264, 1216, 1217, 1266, 1216, 1266, 1265, 1217, 1218, 1267, 1217, 1267, 1266, 1218, 1219, 1268, 1218, 1268, 1267, 1219, 1220, 1269, 1219, 1269, 1268, 1220, 1221, 1270, 1220, 1270, 1269, 1221, 1222, 1271, 1221, 1271, 1270, 1222, 1223, 1272, 1222, 1272, 1271, 1223, 1224, 1273, 1223, 1273, 1272, 1225, 1226, 1275, 1225, 1275, 1274, 1226, 1227, 1276, 1226, 1276, 1275, 1227, 1228, 1277, 1227, 1277, 1276, 1228, 1229, 1278, 1228, 1278, 1277, 1229, 1230, 1279, 1229, 1279, 1278, 1230, 1231, 1280, 1230, 1280, 1279, 1231, 1232, 1281, 1231, 1281, 1280, 1232, 1233, 1282, 1232, 1282, 1281, 1233, 1234, 1283, 1233, 1283, 1282, 1234, 1235, 1284, 1234, 1284, 1283, 1235, 1236, 1285, 1235, 1285, 1284, 1236, 1237, 1286, 1236, 1286, 1285, 1237, 1238, 1287, 1237, 1287, 1286, 1238, 1239, 1288, 1238, 1288, 1287, 1239, 1240, 1289, 1239, 1289, 1288, 1240, 1241, 1290, 1240, 1290, 1289, 1241, 1242, 1291, 1241, 1291, 1290, 1242, 1243, 1292, 1242, 1292, 1291, 1243, 1244, 1293, 1243, 1293, 1292, 1244, 1245, 1294, 1244, 1294, 1293, 1245, 1246, 1295, 1245, 1295, 1294, 1246, 1247, 1296, 1246, 1296, 1295, 1247, 1248, 1297, 1247, 1297, 1296, 1248, 1249, 1298, 1248, 1298, 1297, 1249, 1250, 1299, 1249, 1299, 1298, 1250, 1251, 1300, 1250, 1300, 1299, 1251, 1252, 1301, 1251, 1301, 1300, 1252, 1253, 1302, 1252, 1302, 1301, 1253, 1254, 1303, 1253, 1303, 1302, 1254, 1255, 1304, 1254, 1304, 1303, 1255, 1256, 1305, 1255, 1305, 1304, 1256, 1257, 1306, 1256, 1306, 1305, 1257, 1258, 1307, 1257, 1307, 1306, 1258, 1259, 1308, 1258, 1308, 1307, 1259, 1260, 1309, 1259, 1309, 1308, 1260, 1261, 1310, 1260, 1310, 1309, 1261, 1262, 1311, 1261, 1311, 1310, 1262, 1263, 1312, 1262, 1312, 1311, 1263, 1264, 1313, 1263, 1313, 1312, 1264, 1265, 1314, 1264, 1314, 1313, 1265, 1266, 1315, 1265, 1315, 1314, 1266, 1267, 1316, 1266, 1316, 1315, 1267, 1268, 1317, 1267, 1317, 1316, 1268, 1269, 1318, 1268, 1318, 1317, 1269, 1270, 1319, 1269, 1319, 1318, 1270, 1271, 1320, 1270, 1320, 1319, 1271, 1272, 1321, 1271, 1321, 1320, 1272, 1273, 1322, 1272, 1322, 1321, 1274, 1275, 1324, 1274, 1324, 1323, 1275, 1276, 1325, 1275, 1325, 1324, 1276, 1277, 1326, 1276, 1326, 1325, 1277, 1278, 1327, 1277, 1327, 1326, 1278, 1279, 1328, 1278, 1328, 1327, 1279, 1280, 1329, 1279, 1329, 1328, 1280, 1281, 1330, 1280, 1330, 1329, 1281, 1282, 1331, 1281, 1331, 1330, 1282, 1283, 1332, 1282, 1332, 1331, 1283, 1284, 1333, 1283, 1333, 1332, 1284, 1285, 1334, 1284, 1334, 1333, 1285, 1286, 1335, 1285, 1335, 1334, 1286, 1287, 1336, 1286, 1336, 1335, 1287, 1288, 1337, 1287, 1337, 1336, 1288, 1289, 1338, 1288, 1338, 1337, 1289, 1290, 1339, 1289, 1339, 1338, 1290, 1291, 1340, 1290, 1340, 1339, 1291, 1292, 1341, 1291, 1341, 1340, 1292, 1293, 1342, 1292, 1342, 1341, 1293, 1294, 1343, 1293, 1343, 1342, 1294, 1295, 1344, 1294, 1344, 1343, 1295, 1296, 1345, 1295, 1345, 1344, 1296, 1297, 1346, 1296, 1346, 1345, 1297, 1298, 1347, 1297, 1347, 1346, 1298, 1299, 1348, 1298, 1348, 1347, 1299, 1300, 1349, 1299, 1349, 1348, 1300, 1301, 1350, 1300, 1350, 1349, 1301, 1302, 1351, 1301, 1351, 1350, 1302, 1303, 1352, 1302, 1352, 1351, 1303, 1304, 1353, 1303, 1353, 1352, 1304, 1305, 1354, 1304, 1354, 1353, 1305, 1306, 1355, 1305, 1355, 1354, 1306, 1307, 1356, 1306, 1356, 1355, 1307, 1308, 1357, 1307, 1357, 1356, 1308, 1309, 1358, 1308, 1358, 1357, 1309, 1310, 1359, 1309, 1359, 1358, 1310, 1311, 1360, 1310, 1360, 1359, 1311, 1312, 1361, 1311, 1361, 1360, 1312, 1313, 1362, 1312, 1362, 1361, 1313, 1314, 1363, 1313, 1363, 1362, 1314, 1315, 1364, 1314, 1364, 1363, 1315, 1316, 1365, 1315, 1365, 1364, 1316, 1317, 1366, 1316, 1366, 1365, 1317, 1318, 1367, 1317, 1367, 1366, 1318, 1319, 1368, 1318, 1368, 1367, 1319, 1320, 1369, 1319, 1369, 1368, 1320, 1321, 1370, 1320, 1370, 1369, 1321, 1322, 1371, 1321, 1371, 1370, 1323, 1324, 1373, 1323, 1373, 1372, 1324, 1325, 1374, 1324, 1374, 1373, 1325, 1326, 1375, 1325, 1375, 1374, 1326, 1327, 1376, 1326, 1376, 1375, 1327, 1328, 1377, 1327, 1377, 1376, 1328, 1329, 1378, 1328, 1378, 1377, 1329, 1330, 1379, 1329, 1379, 1378, 1330, 1331, 1380, 1330, 1380, 1379, 1331, 1332, 1381, 1331, 1381, 1380, 1332, 1333, 1382, 1332, 1382, 1381, 1333, 1334, 1383, 1333, 1383, 1382, 1334, 1335, 1384, 1334, 1384, 1383, 1335, 1336, 1385, 1335, 1385, 1384, 1336, 1337, 1386, 1336, 1386, 1385, 1337, 1338, 1387, 1337, 1387, 1386, 1338, 1339, 1388, 1338, 1388, 1387, 1339, 1340, 1389, 1339, 1389, 1388, 1340, 1341, 1390, 1340, 1390, 1389, 1341, 1342, 1391, 1341, 1391, 1390, 1342, 1343, 1392, 1342, 1392, 1391, 1343, 1344, 1393, 1343, 1393, 1392, 1344, 1345, 1394, 1344, 1394, 1393, 1345, 1346, 1395, 1345, 1395, 1394, 1346, 1347, 1396, 1346, 1396, 1395, 1347, 1348, 1397, 1347, 1397, 1396, 1348, 1349, 1398, 1348, 1398, 1397, 1349, 1350, 1399, 1349, 1399, 1398, 1350, 1351, 1400, 1350, 1400, 1399, 1351, 1352, 1401, 1351, 1401, 1400, 1352, 1353, 1402, 1352, 1402, 1401, 1353, 1354, 1403, 1353, 1403, 1402, 1354, 1355, 1404, 1354, 1404, 1403, 1355, 1356, 1405, 1355, 1405, 1404, 1356, 1357, 1406, 1356, 1406, 1405, 1357, 1358, 1407, 1357, 1407, 1406, 1358, 1359, 1408, 1358, 1408, 1407, 1359, 1360, 1409, 1359, 1409, 1408, 1360, 1361, 1410, 1360, 1410, 1409, 1361, 1362, 1411, 1361, 1411, 1410, 1362, 1363, 1412, 1362, 1412, 1411, 1363, 1364, 1413, 1363, 1413, 1412, 1364, 1365, 1414, 1364, 1414, 1413, 1365, 1366, 1415, 1365, 1415, 1414, 1366, 1367, 1416, 1366, 1416, 1415, 1367, 1368, 1417, 1367, 1417, 1416, 1368, 1369, 1418, 1368, 1418, 1417, 1369, 1370, 1419, 1369, 1419, 1418, 1370, 1371, 1420, 1370, 1420, 1419, 1372, 1373, 1422, 1372, 1422, 1421, 1373, 1374, 1423, 1373, 1423, 1422, 1374, 1375, 1424, 1374, 1424, 1423, 1375, 1376, 1425, 1375, 1425, 1424, 1376, 1377, 1426, 1376, 1426, 1425, 1377, 1378, 1427, 1377, 1427, 1426, 1378, 1379, 1428, 1378, 1428, 1427, 1379, 1380, 1429, 1379, 1429, 1428, 1380, 1381, 1430, 1380, 1430, 1429, 1381, 1382, 1431, 1381, 1431, 1430, 1382, 1383, 1432, 1382, 1432, 1431, 1383, 1384, 1433, 1383, 1433, 1432, 1384, 1385, 1434, 1384, 1434, 1433, 1385, 1386, 1435, 1385, 1435, 1434, 1386, 1387, 1436, 1386, 1436, 1435, 1387, 1388, 1437, 1387, 1437, 1436, 1388, 1389, 1438, 1388, 1438, 1437, 1389, 1390, 1439, 1389, 1439, 1438, 1390, 1391, 1440, 1390, 1440, 1439, 1391, 1392, 1441, 1391, 1441, 1440, 1392, 1393, 1442, 1392, 1442, 1441, 1393, 1394, 1443, 1393, 1443, 1442, 1394, 1395, 1444, 1394, 1444, 1443, 1395, 1396, 1445, 1395, 1445, 1444, 1396, 1397, 1446, 1396, 1446, 1445, 1397, 1398, 1447, 1397, 1447, 1446, 1398, 1399, 1448, 1398, 1448, 1447, 1399, 1400, 1449, 1399, 1449, 1448, 1400, 1401, 1450, 1400, 1450, 1449, 1401, 1402, 1451, 1401, 1451, 1450, 1402, 1403, 1452, 1402, 1452, 1451, 1403, 1404, 1453, 1403, 1453, 1452, 1404, 1405, 1454, 1404, 1454, 1453, 1405, 1406, 1455, 1405, 1455, 1454, 1406, 1407, 1456, 1406, 1456, 1455, 1407, 1408, 1457, 1407, 1457, 1456, 1408, 1409, 1458, 1408, 1458, 1457, 1409, 1410, 1459, 1409, 1459, 1458, 1410, 1411, 1460, 1410, 1460, 1459, 1411, 1412, 1461, 1411, 1461, 1460, 1412, 1413, 1462, 1412, 1462, 1461, 1413, 1414, 1463, 1413, 1463, 1462, 1414, 1415, 1464, 1414, 1464, 1463, 1415, 1416, 1465, 1415, 1465, 1464, 1416, 1417, 1466, 1416, 1466, 1465, 1417, 1418, 1467, 1417, 1467, 1466, 1418, 1419, 1468, 1418, 1468, 1467, 1419, 1420, 1469, 1419, 1469, 1468, 1421, 1422, 1471, 1421, 1471, 1470, 1422, 1423, 1472, 1422, 1472, 1471, 1423, 1424, 1473, 1423, 1473, 1472, 1424, 1425, 1474, 1424, 1474, 1473, 1425, 1426, 1475, 1425, 1475, 1474, 1426, 1427, 1476, 1426, 1476, 1475, 1427, 1428, 1477, 1427, 1477, 1476, 1428, 1429, 1478, 1428, 1478, 1477, 1429, 1430, 1479, 1429, 1479, 1478, 1430, 1431, 1480, 1430, 1480, 1479, 1431, 1432, 1481, 1431, 1481, 1480, 1432, 1433, 1482, 1432, 1482, 1481, 1433, 1434, 1483, 1433, 1483, 1482, 1434, 1435, 1484, 1434, 1484, 1483, 1435, 1436, 1485, 1435, 1485, 1484, 1436, 1437, 1486, 1436, 1486, 1485, 1437, 1438, 1487, 1437, 1487, 1486, 1438, 1439, 1488, 1438, 1488, 1487, 1439, 1440, 1489, 1439, 1489, 1488, 1440, 1441, 1490, 1440, 1490, 1489, 1441, 1442, 1491, 1441, 1491, 1490, 1442, 1443, 1492, 1442, 1492, 1491, 1443, 1444, 1493, 1443, 1493, 1492, 1444, 1445, 1494, 1444, 1494, 1493, 1445, 1446, 1495, 1445, 1495, 1494, 1446, 1447, 1496, 1446, 1496, 1495, 1447, 1448, 1497, 1447, 1497, 1496, 1448, 1449, 1498, 1448, 1498, 1497, 1449, 1450, 1499, 1449, 1499, 1498, 1450, 1451, 1500, 1450, 1500, 1499, 1451, 1452, 1501, 1451, 1501, 1500, 1452, 1453, 1502, 1452, 1502, 1501, 1453, 1454, 1503, 1453, 1503, 1502, 1454, 1455, 1504, 1454, 1504, 1503, 1455, 1456, 1505, 1455, 1505, 1504, 1456, 1457, 1506, 1456, 1506, 1505, 1457, 1458, 1507, 1457, 1507, 1506, 1458, 1459, 1508, 1458, 1508, 1507, 1459, 1460, 1509, 1459, 1509, 1508, 1460, 1461, 1510, 1460, 1510, 1509, 1461, 1462, 1511, 1461, 1511, 1510, 1462, 1463, 1512, 1462, 1512, 1511, 1463, 1464, 1513, 1463, 1513, 1512, 1464, 1465, 1514, 1464, 1514, 1513, 1465, 1466, 1515, 1465, 1515, 1514, 1466, 1467, 1516, 1466, 1516, 1515, 1467, 1468, 1517, 1467, 1517, 1516, 1468, 1469, 1518, 1468, 1518, 1517, 1470, 1471, 1520, 1470, 1520, 1519, 1471, 1472, 1521, 1471, 1521, 1520, 1472, 1473, 1522, 1472, 1522, 1521, 1473, 1474, 1523, 1473, 1523, 1522, 1474, 1475, 1524, 1474, 1524, 1523, 1475, 1476, 1525, 1475, 1525, 1524, 1476, 1477, 1526, 1476, 1526, 1525, 1477, 1478, 1527, 1477, 1527, 1526, 1478, 1479, 1528, 1478, 1528, 1527, 1479, 1480, 1529, 1479, 1529, 1528, 1480, 1481, 1530, 1480, 1530, 1529, 1481, 1482, 1531, 1481, 1531, 1530, 1482, 1483, 1532, 1482, 1532, 1531, 1483, 1484, 1533, 1483, 1533, 1532, 1484, 1485, 1534, 1484, 1534, 1533, 1485, 1486, 1535, 1485, 1535, 1534, 1486, 1487, 1536, 1486, 1536, 1535, 1487, 1488, 1537, 1487, 1537, 1536, 1488, 1489, 1538, 1488, 1538, 1537, 1489, 1490, 1539, 1489, 1539, 1538, 1490, 1491, 1540, 1490, 1540, 1539, 1491, 1492, 1541, 1491, 1541, 1540, 1492, 1493, 1542, 1492, 1542, 1541, 1493, 1494, 1543, 1493, 1543, 1542, 1494, 1495, 1544, 1494, 1544, 1543, 1495, 1496, 1545, 1495, 1545, 1544, 1496, 1497, 1546, 1496, 1546, 1545, 1497, 1498, 1547, 1497, 1547, 1546, 1498, 1499, 1548, 1498, 1548, 1547, 1499, 1500, 1549, 1499, 1549, 1548, 1500, 1501, 1550, 1500, 1550, 1549, 1501, 1502, 1551, 1501, 1551, 1550, 1502, 1503, 1552, 1502, 1552, 1551, 1503, 1504, 1553, 1503, 1553, 1552, 1504, 1505, 1554, 1504, 1554, 1553, 1505, 1506, 1555, 1505, 1555, 1554, 1506, 1507, 1556, 1506, 1556, 1555, 1507, 1508, 1557, 1507, 1557, 1556, 1508, 1509, 1558, 1508, 1558, 1557, 1509, 1510, 1559, 1509, 1559, 1558, 1510, 1511, 1560, 1510, 1560, 1559, 1511, 1512, 1561, 1511, 1561, 1560, 1512, 1513, 1562, 1512, 1562, 1561, 1513, 1514, 1563, 1513, 1563, 1562, 1514, 1515, 1564, 1514, 1564, 1563, 1515, 1516, 1565, 1515, 1565, 1564, 1516, 1517, 1566, 1516, 1566, 1565, 1517, 1518, 1567, 1517, 1567, 1566, 1519, 1520, 1569, 1519, 1569, 1568, 1520, 1521, 1570, 1520, 1570, 1569, 1521, 1522, 1571, 1521, 1571, 1570, 1522, 1523, 1572, 1522, 1572, 1571, 1523, 1524, 1573, 1523, 1573, 1572, 1524, 1525, 1574, 1524, 1574, 1573, 1525, 1526, 1575, 1525, 1575, 1574, 1526, 1527, 1576, 1526, 1576, 1575, 1527, 1528, 1577, 1527, 1577, 1576, 1528, 1529, 1578, 1528, 1578, 1577, 1529, 1530, 1579, 1529, 1579, 1578, 1530, 1531, 1580, 1530, 1580, 1579, 1531, 1532, 1581, 1531, 1581, 1580, 1532, 1533, 1582, 1532, 1582, 1581, 1533, 1534, 1583, 1533, 1583, 1582, 1534, 1535, 1584, 1534, 1584, 1583, 1535, 1536, 1585, 1535, 1585, 1584, 1536, 1537, 1586, 1536, 1586, 1585, 1537, 1538, 1587, 1537, 1587, 1586, 1538, 1539, 1588, 1538, 1588, 1587, 1539, 1540, 1589, 1539, 1589, 1588, 1540, 1541, 1590, 1540, 1590, 1589, 1541, 1542, 1591, 1541, 1591, 1590, 1542, 1543, 1592, 1542, 1592, 1591, 1543, 1544, 1593, 1543, 1593, 1592, 1544, 1545, 1594, 1544, 1594, 1593, 1545, 1546, 1595, 1545, 1595, 1594, 1546, 1547, 1596, 1546, 1596, 1595, 1547, 1548, 1597, 1547, 1597, 1596, 1548, 1549, 1598, 1548, 1598, 1597, 1549, 1550, 1599, 1549, 1599, 1598, 1550, 1551, 1600, 1550, 1600, 1599, 1551, 1552, 1601, 1551, 1601, 1600, 1552, 1553, 1602, 1552, 1602, 1601, 1553, 1554, 1603, 1553, 1603, 1602, 1554, 1555, 1604, 1554, 1604, 1603, 1555, 1556, 1605, 1555, 1605, 1604, 1556, 1557, 1606, 1556, 1606, 1605, 1557, 1558, 1607, 1557, 1607, 1606, 1558, 1559, 1608, 1558, 1608, 1607, 1559, 1560, 1609, 1559, 1609, 1608, 1560, 1561, 1610, 1560, 1610, 1609, 1561, 1562, 1611, 1561, 1611, 1610, 1562, 1563, 1612, 1562, 1612, 1611, 1563, 1564, 1613, 1563, 1613, 1612, 1564, 1565, 1614, 1564, 1614, 1613, 1565, 1566, 1615, 1565, 1615, 1614, 1566, 1567, 1616, 1566, 1616, 1615, 1568, 1569, 1618, 1568, 1618, 1617, 1569, 1570, 1619, 1569, 1619, 1618, 1570, 1571, 1620, 1570, 1620, 1619, 1571, 1572, 1621, 1571, 1621, 1620, 1572, 1573, 1622, 1572, 1622, 1621, 1573, 1574, 1623, 1573, 1623, 1622, 1574, 1575, 1624, 1574, 1624, 1623, 1575, 1576, 1625, 1575, 1625, 1624, 1576, 1577, 1626, 1576, 1626, 1625, 1577, 1578, 1627, 1577, 1627, 1626, 1578, 1579, 1628, 1578, 1628, 1627, 1579, 1580, 1629, 1579, 1629, 1628, 1580, 1581, 1630, 1580, 1630, 1629, 1581, 1582, 1631, 1581, 1631, 1630, 1582, 1583, 1632, 1582, 1632, 1631, 1583, 1584, 1633, 1583, 1633, 1632, 1584, 1585, 1634, 1584, 1634, 1633, 1585, 1586, 1635, 1585, 1635, 1634, 1586, 1587, 1636, 1586, 1636, 1635, 1587, 1588, 1637, 1587, 1637, 1636, 1588, 1589, 1638, 1588, 1638, 1637, 1589, 1590, 1639, 1589, 1639, 1638, 1590, 1591, 1640, 1590, 1640, 1639, 1591, 1592, 1641, 1591, 1641, 1640, 1592, 1593, 1642, 1592, 1642, 1641, 1593, 1594, 1643, 1593, 1643, 1642, 1594, 1595, 1644, 1594, 1644, 1643, 1595, 1596, 1645, 1595, 1645, 1644, 1596, 1597, 1646, 1596, 1646, 1645, 1597, 1598, 1647, 1597, 1647, 1646, 1598, 1599, 1648, 1598, 1648, 1647, 1599, 1600, 1649, 1599, 1649, 1648, 1600, 1601, 1650, 1600, 1650, 1649, 1601, 1602, 1651, 1601, 1651, 1650, 1602, 1603, 1652, 1602, 1652, 1651, 1603, 1604, 1653, 1603, 1653, 1652, 1604, 1605, 1654, 1604, 1654, 1653, 1605, 1606, 1655, 1605, 1655, 1654, 1606, 1607, 1656, 1606, 1656, 1655, 1607, 1608, 1657, 1607, 1657, 1656, 1608, 1609, 1658, 1608, 1658, 1657, 1609, 1610, 1659, 1609, 1659, 1658, 1610, 1611, 1660, 1610, 1660, 1659, 1611, 1612, 1661, 1611, 1661, 1660, 1612, 1613, 1662, 1612, 1662, 1661, 1613, 1614, 1663, 1613, 1663, 1662, 1614, 1615, 1664, 1614, 1664, 1663, 1615, 1616, 1665, 1615, 1665, 1664, 1617, 1618, 1667, 1617, 1667, 1666, 1618, 1619, 1668, 1618, 1668, 1667, 1619, 1620, 1669, 1619, 1669, 1668, 1620, 1621, 1670, 1620, 1670, 1669, 1621, 1622, 1671, 1621, 1671, 1670, 1622, 1623, 1672, 1622, 1672, 1671, 1623, 1624, 1673, 1623, 1673, 1672, 1624, 1625, 1674, 1624, 1674, 1673, 1625, 1626, 1675, 1625, 1675, 1674, 1626, 1627, 1676, 1626, 1676, 1675, 1627, 1628, 1677, 1627, 1677, 1676, 1628, 1629, 1678, 1628, 1678, 1677, 1629, 1630, 1679, 1629, 1679, 1678, 1630, 1631, 1680, 1630, 1680, 1679, 1631, 1632, 1681, 1631, 1681, 1680, 1632, 1633, 1682, 1632, 1682, 1681, 1633, 1634, 1683, 1633, 1683, 1682, 1634, 1635, 1684, 1634, 1684, 1683, 1635, 1636, 1685, 1635, 1685, 1684, 1636, 1637, 1686, 1636, 1686, 1685, 1637, 1638, 1687, 1637, 1687, 1686, 1638, 1639, 1688, 1638, 1688, 1687, 1639, 1640, 1689, 1639, 1689, 1688, 1640, 1641, 1690, 1640, 1690, 1689, 1641, 1642, 1691, 1641, 1691, 1690, 1642, 1643, 1692, 1642, 1692, 1691, 1643, 1644, 1693, 1643, 1693, 1692, 1644, 1645, 1694, 1644, 1694, 1693, 1645, 1646, 1695, 1645, 1695, 1694, 1646, 1647, 1696, 1646, 1696, 1695, 1647, 1648, 1697, 1647, 1697, 1696, 1648, 1649, 1698, 1648, 1698, 1697, 1649, 1650, 1699, 1649, 1699, 1698, 1650, 1651, 1700, 1650, 1700, 1699, 1651, 1652, 1701, 1651, 1701, 1700, 1652, 1653, 1702, 1652, 1702, 1701, 1653, 1654, 1703, 1653, 1703, 1702, 1654, 1655, 1704, 1654, 1704, 1703, 1655, 1656, 1705, 1655, 1705, 1704, 1656, 1657, 1706, 1656, 1706, 1705, 1657, 1658, 1707, 1657, 1707, 1706, 1658, 1659, 1708, 1658, 1708, 1707, 1659, 1660, 1709, 1659, 1709, 1708, 1660, 1661, 1710, 1660, 1710, 1709, 1661, 1662, 1711, 1661, 1711, 1710, 1662, 1663, 1712, 1662, 1712, 1711, 1663, 1664, 1713, 1663, 1713, 1712, 1664, 1665, 1714, 1664, 1714, 1713, 1666, 1667, 1716, 1666, 1716, 1715, 1667, 1668, 1717, 1667, 1717, 1716, 1668, 1669, 1718, 1668, 1718, 1717, 1669, 1670, 1719, 1669, 1719, 1718, 1670, 1671, 1720, 1670, 1720, 1719, 1671, 1672, 1721, 1671, 1721, 1720, 1672, 1673, 1722, 1672, 1722, 1721, 1673, 1674, 1723, 1673, 1723, 1722, 1674, 1675, 1724, 1674, 1724, 1723, 1675, 1676, 1725, 1675, 1725, 1724, 1676, 1677, 1726, 1676, 1726, 1725, 1677, 1678, 1727, 1677, 1727, 1726, 1678, 1679, 1728, 1678, 1728, 1727, 1679, 1680, 1729, 1679, 1729, 1728, 1680, 1681, 1730, 1680, 1730, 1729, 1681, 1682, 1731, 1681, 1731, 1730, 1682, 1683, 1732, 1682, 1732, 1731, 1683, 1684, 1733, 1683, 1733, 1732, 1684, 1685, 1734, 1684, 1734, 1733, 1685, 1686, 1735, 1685, 1735, 1734, 1686, 1687, 1736, 1686, 1736, 1735, 1687, 1688, 1737, 1687, 1737, 1736, 1688, 1689, 1738, 1688, 1738, 1737, 1689, 1690, 1739, 1689, 1739, 1738, 1690, 1691, 1740, 1690, 1740, 1739, 1691, 1692, 1741, 1691, 1741, 1740, 1692, 1693, 1742, 1692, 1742, 1741, 1693, 1694, 1743, 1693, 1743, 1742, 1694, 1695, 1744, 1694, 1744, 1743, 1695, 1696, 1745, 1695, 1745, 1744, 1696, 1697, 1746, 1696, 1746, 1745, 1697, 1698, 1747, 1697, 1747, 1746, 1698, 1699, 1748, 1698, 1748, 1747, 1699, 1700, 1749, 1699, 1749, 1748, 1700, 1701, 1750, 1700, 1750, 1749, 1701, 1702, 1751, 1701, 1751, 1750, 1702, 1703, 1752, 1702, 1752, 1751, 1703, 1704, 1753, 1703, 1753, 1752, 1704, 1705, 1754, 1704, 1754, 1753, 1705, 1706, 1755, 1705, 1755, 1754, 1706, 1707, 1756, 1706, 1756, 1755, 1707, 1708, 1757, 1707, 1757, 1756, 1708, 1709, 1758, 1708, 1758, 1757, 1709, 1710, 1759, 1709, 1759, 1758, 1710, 1711, 1760, 1710, 1760, 1759, 1711, 1712, 1761, 1711, 1761, 1760, 1712, 1713, 1762, 1712, 1762, 1761, 1713, 1714, 1763, 1713, 1763, 1762, 1715, 1716, 1765, 1715, 1765, 1764, 1716, 1717, 1766, 1716, 1766, 1765, 1717, 1718, 1767, 1717, 1767, 1766, 1718, 1719, 1768, 1718, 1768, 1767, 1719, 1720, 1769, 1719, 1769, 1768, 1720, 1721, 1770, 1720, 1770, 1769, 1721, 1722, 1771, 1721, 1771, 1770, 1722, 1723, 1772, 1722, 1772, 1771, 1723, 1724, 1773, 1723, 1773, 1772, 1724, 1725, 1774, 1724, 1774, 1773, 1725, 1726, 1775, 1725, 1775, 1774, 1726, 1727, 1776, 1726, 1776, 1775, 1727, 1728, 1777, 1727, 1777, 1776, 1728, 1729, 1778, 1728, 1778, 1777, 1729, 1730, 1779, 1729, 1779, 1778, 1730, 1731, 1780, 1730, 1780, 1779, 1731, 1732, 1781, 1731, 1781, 1780, 1732, 1733, 1782, 1732, 1782, 1781, 1733, 1734, 1783, 1733, 1783, 1782, 1734, 1735, 1784, 1734, 1784, 1783, 1735, 1736, 1785, 1735, 1785, 1784, 1736, 1737, 1786, 1736, 1786, 1785, 1737, 1738, 1787, 1737, 1787, 1786, 1738, 1739, 1788, 1738, 1788, 1787, 1739, 1740, 1789, 1739, 1789, 1788, 1740, 1741, 1790, 1740, 1790, 1789, 1741, 1742, 1791, 1741, 1791, 1790, 1742, 1743, 1792, 1742, 1792, 1791, 1743, 1744, 1793, 1743, 1793, 1792, 1744, 1745, 1794, 1744, 1794, 1793, 1745, 1746, 1795, 1745, 1795, 1794, 1746, 1747, 1796, 1746, 1796, 1795, 1747, 1748, 1797, 1747, 1797, 1796, 1748, 1749, 1798, 1748, 1798, 1797, 1749, 1750, 1799, 1749, 1799, 1798, 1750, 1751, 1800, 1750, 1800, 1799, 1751, 1752, 1801, 1751, 1801, 1800, 1752, 1753, 1802, 1752, 1802, 1801, 1753, 1754, 1803, 1753, 1803, 1802, 1754, 1755, 1804, 1754, 1804, 1803, 1755, 1756, 1805, 1755, 1805, 1804, 1756, 1757, 1806, 1756, 1806, 1805, 1757, 1758, 1807, 1757, 1807, 1806, 1758, 1759, 1808, 1758, 1808, 1807, 1759, 1760, 1809, 1759, 1809, 1808, 1760, 1761, 1810, 1760, 1810, 1809, 1761, 1762, 1811, 1761, 1811, 1810, 1762, 1763, 1812, 1762, 1812, 1811, 1764, 1765, 1814, 1764, 1814, 1813, 1765, 1766, 1815, 1765, 1815, 1814, 1766, 1767, 1816, 1766, 1816, 1815, 1767, 1768, 1817, 1767, 1817, 1816, 1768, 1769, 1818, 1768, 1818, 1817, 1769, 1770, 1819, 1769, 1819, 1818, 1770, 1771, 1820, 1770, 1820, 1819, 1771, 1772, 1821, 1771, 1821, 1820, 1772, 1773, 1822, 1772, 1822, 1821, 1773, 1774, 1823, 1773, 1823, 1822, 1774, 1775, 1824, 1774, 1824, 1823, 1775, 1776, 1825, 1775, 1825, 1824, 1776, 1777, 1826, 1776, 1826, 1825, 1777, 1778, 1827, 1777, 1827, 1826, 1778, 1779, 1828, 1778, 1828, 1827, 1779, 1780, 1829, 1779, 1829, 1828, 1780, 1781, 1830, 1780, 1830, 1829, 1781, 1782, 1831, 1781, 1831, 1830, 1782, 1783, 1832, 1782, 1832, 1831, 1783, 1784, 1833, 1783, 1833, 1832, 1784, 1785, 1834, 1784, 1834, 1833, 1785, 1786, 1835, 1785, 1835, 1834, 1786, 1787, 1836, 1786, 1836, 1835, 1787, 1788, 1837, 1787, 1837, 1836, 1788, 1789, 1838, 1788, 1838, 1837, 1789, 1790, 1839, 1789, 1839, 1838, 1790, 1791, 1840, 1790, 1840, 1839, 1791, 1792, 1841, 1791, 1841, 1840, 1792, 1793, 1842, 1792, 1842, 1841, 1793, 1794, 1843, 1793, 1843, 1842, 1794, 1795, 1844, 1794, 1844, 1843, 1795, 1796, 1845, 1795, 1845, 1844, 1796, 1797, 1846, 1796, 1846, 1845, 1797, 1798, 1847, 1797, 1847, 1846, 1798, 1799, 1848, 1798, 1848, 1847, 1799, 1800, 1849, 1799, 1849, 1848, 1800, 1801, 1850, 1800, 1850, 1849, 1801, 1802, 1851, 1801, 1851, 1850, 1802, 1803, 1852, 1802, 1852, 1851, 1803, 1804, 1853, 1803, 1853, 1852, 1804, 1805, 1854, 1804, 1854, 1853, 1805, 1806, 1855, 1805, 1855, 1854, 1806, 1807, 1856, 1806, 1856, 1855, 1807, 1808, 1857, 1807, 1857, 1856, 1808, 1809, 1858, 1808, 1858, 1857, 1809, 1810, 1859, 1809, 1859, 1858, 1810, 1811, 1860, 1810, 1860, 1859, 1811, 1812, 1861, 1811, 1861, 1860, 1813, 1814, 1863, 1813, 1863, 1862, 1814, 1815, 1864, 1814, 1864, 1863, 1815, 1816, 1865, 1815, 1865, 1864, 1816, 1817, 1866, 1816, 1866, 1865, 1817, 1818, 1867, 1817, 1867, 1866, 1818, 1819, 1868, 1818, 1868, 1867, 1819, 1820, 1869, 1819, 1869, 1868, 1820, 1821, 1870, 1820, 1870, 1869, 1821, 1822, 1871, 1821, 1871, 1870, 1822, 1823, 1872, 1822, 1872, 1871, 1823, 1824, 1873, 1823, 1873, 1872, 1824, 1825, 1874, 1824, 1874, 1873, 1825, 1826, 1875, 1825, 1875, 1874, 1826, 1827, 1876, 1826, 1876, 1875, 1827, 1828, 1877, 1827, 1877, 1876, 1828, 1829, 1878, 1828, 1878, 1877, 1829, 1830, 1879, 1829, 1879, 1878, 1830, 1831, 1880, 1830, 1880, 1879, 1831, 1832, 1881, 1831, 1881, 1880, 1832, 1833, 1882, 1832, 1882, 1881, 1833, 1834, 1883, 1833, 1883, 1882, 1834, 1835, 1884, 1834, 1884, 1883, 1835, 1836, 1885, 1835, 1885, 1884, 1836, 1837, 1886, 1836, 1886, 1885, 1837, 1838, 1887, 1837, 1887, 1886, 1838, 1839, 1888, 1838, 1888, 1887, 1839, 1840, 1889, 1839, 1889, 1888, 1840, 1841, 1890, 1840, 1890, 1889, 1841, 1842, 1891, 1841, 1891, 1890, 1842, 1843, 1892, 1842, 1892, 1891, 1843, 1844, 1893, 1843, 1893, 1892, 1844, 1845, 1894, 1844, 1894, 1893, 1845, 1846, 1895, 1845, 1895, 1894, 1846, 1847, 1896, 1846, 1896, 1895, 1847, 1848, 1897, 1847, 1897, 1896, 1848, 1849, 1898, 1848, 1898, 1897, 1849, 1850, 1899, 1849, 1899, 1898, 1850, 1851, 1900, 1850, 1900, 1899, 1851, 1852, 1901, 1851, 1901, 1900, 1852, 1853, 1902, 1852, 1902, 1901, 1853, 1854, 1903, 1853, 1903, 1902, 1854, 1855, 1904, 1854, 1904, 1903, 1855, 1856, 1905, 1855, 1905, 1904, 1856, 1857, 1906, 1856, 1906, 1905, 1857, 1858, 1907, 1857, 1907, 1906, 1858, 1859, 1908, 1858, 1908, 1907, 1859, 1860, 1909, 1859, 1909, 1908, 1860, 1861, 1910, 1860, 1910, 1909, 1862, 1863, 1912, 1862, 1912, 1911, 1863, 1864, 1913, 1863, 1913, 1912, 1864, 1865, 1914, 1864, 1914, 1913, 1865, 1866, 1915, 1865, 1915, 1914, 1866, 1867, 1916, 1866, 1916, 1915, 1867, 1868, 1917, 1867, 1917, 1916, 1868, 1869, 1918, 1868, 1918, 1917, 1869, 1870, 1919, 1869, 1919, 1918, 1870, 1871, 1920, 1870, 1920, 1919, 1871, 1872, 1921, 1871, 1921, 1920, 1872, 1873, 1922, 1872, 1922, 1921, 1873, 1874, 1923, 1873, 1923, 1922, 1874, 1875, 1924, 1874, 1924, 1923, 1875, 1876, 1925, 1875, 1925, 1924, 1876, 1877, 1926, 1876, 1926, 1925, 1877, 1878, 1927, 1877, 1927, 1926, 1878, 1879, 1928, 1878, 1928, 1927, 1879, 1880, 1929, 1879, 1929, 1928, 1880, 1881, 1930, 1880, 1930, 1929, 1881, 1882, 1931, 1881, 1931, 1930, 1882, 1883, 1932, 1882, 1932, 1931, 1883, 1884, 1933, 1883, 1933, 1932, 1884, 1885, 1934, 1884, 1934, 1933, 1885, 1886, 1935, 1885, 1935, 1934, 1886, 1887, 1936, 1886, 1936, 1935, 1887, 1888, 1937, 1887, 1937, 1936, 1888, 1889, 1938, 1888, 1938, 1937, 1889, 1890, 1939, 1889, 1939, 1938, 1890, 1891, 1940, 1890, 1940, 1939, 1891, 1892, 1941, 1891, 1941, 1940, 1892, 1893, 1942, 1892, 1942, 1941, 1893, 1894, 1943, 1893, 1943, 1942, 1894, 1895, 1944, 1894, 1944, 1943, 1895, 1896, 1945, 1895, 1945, 1944, 1896, 1897, 1946, 1896, 1946, 1945, 1897, 1898, 1947, 1897, 1947, 1946, 1898, 1899, 1948, 1898, 1948, 1947, 1899, 1900, 1949, 1899, 1949, 1948, 1900, 1901, 1950, 1900, 1950, 1949, 1901, 1902, 1951, 1901, 1951, 1950, 1902, 1903, 1952, 1902, 1952, 1951, 1903, 1904, 1953, 1903, 1953, 1952, 1904, 1905, 1954, 1904, 1954, 1953, 1905, 1906, 1955, 1905, 1955, 1954, 1906, 1907, 1956, 1906, 1956, 1955, 1907, 1908, 1957, 1907, 1957, 1956, 1908, 1909, 1958, 1908, 1958, 1957, 1909, 1910, 1959, 1909, 1959, 1958, 1911, 1912, 1961, 1911, 1961, 1960, 1912, 1913, 1962, 1912, 1962, 1961, 1913, 1914, 1963, 1913, 1963, 1962, 1914, 1915, 1964, 1914, 1964, 1963, 1915, 1916, 1965, 1915, 1965, 1964, 1916, 1917, 1966, 1916, 1966, 1965, 1917, 1918, 1967, 1917, 1967, 1966, 1918, 1919, 1968, 1918, 1968, 1967, 1919, 1920, 1969, 1919, 1969, 1968, 1920, 1921, 1970, 1920, 1970, 1969, 1921, 1922, 1971, 1921, 1971, 1970, 1922, 1923, 1972, 1922, 1972, 1971, 1923, 1924, 1973, 1923, 1973, 1972, 1924, 1925, 1974, 1924, 1974, 1973, 1925, 1926, 1975, 1925, 1975, 1974, 1926, 1927, 1976, 1926, 1976, 1975, 1927, 1928, 1977, 1927, 1977, 1976, 1928, 1929, 1978, 1928, 1978, 1977, 1929, 1930, 1979, 1929, 1979, 1978, 1930, 1931, 1980, 1930, 1980, 1979, 1931, 1932, 1981, 1931, 1981, 1980, 1932, 1933, 1982, 1932, 1982, 1981, 1933, 1934, 1983, 1933, 1983, 1982, 1934, 1935, 1984, 1934, 1984, 1983, 1935, 1936, 1985, 1935, 1985, 1984, 1936, 1937, 1986, 1936, 1986, 1985, 1937, 1938, 1987, 1937, 1987, 1986, 1938, 1939, 1988, 1938, 1988, 1987, 1939, 1940, 1989, 1939, 1989, 1988, 1940, 1941, 1990, 1940, 1990, 1989, 1941, 1942, 1991, 1941, 1991, 1990, 1942, 1943, 1992, 1942, 1992, 1991, 1943, 1944, 1993, 1943, 1993, 1992, 1944, 1945, 1994, 1944, 1994, 1993, 1945, 1946, 1995, 1945, 1995, 1994, 1946, 1947, 1996, 1946, 1996, 1995, 1947, 1948, 1997, 1947, 1997, 1996, 1948, 1949, 1998, 1948, 1998, 1997, 1949, 1950, 1999, 1949, 1999, 1998, 1950, 1951, 2000, 1950, 2000, 1999, 1951, 1952, 2001, 1951, 2001, 2000, 1952, 1953, 2002, 1952, 2002, 2001, 1953, 1954, 2003, 1953, 2003, 2002, 1954, 1955, 2004, 1954, 2004, 2003, 1955, 1956, 2005, 1955, 2005, 2004, 1956, 1957, 2006, 1956, 2006, 2005, 1957, 1958, 2007, 1957, 2007, 2006, 1958, 1959, 2008, 1958, 2008, 2007, 1960, 1961, 2010, 1960, 2010, 2009, 1961, 1962, 2011, 1961, 2011, 2010, 1962, 1963, 2012, 1962, 2012, 2011, 1963, 1964, 2013, 1963, 2013, 2012, 1964, 1965, 2014, 1964, 2014, 2013, 1965, 1966, 2015, 1965, 2015, 2014, 1966, 1967, 2016, 1966, 2016, 2015, 1967, 1968, 2017, 1967, 2017, 2016, 1968, 1969, 2018, 1968, 2018, 2017, 1969, 1970, 2019, 1969, 2019, 2018, 1970, 1971, 2020, 1970, 2020, 2019, 1971, 1972, 2021, 1971, 2021, 2020, 1972, 1973, 2022, 1972, 2022, 2021, 1973, 1974, 2023, 1973, 2023, 2022, 1974, 1975, 2024, 1974, 2024, 2023, 1975, 1976, 2025, 1975, 2025, 2024, 1976, 1977, 2026, 1976, 2026, 2025, 1977, 1978, 2027, 1977, 2027, 2026, 1978, 1979, 2028, 1978, 2028, 2027, 1979, 1980, 2029, 1979, 2029, 2028, 1980, 1981, 2030, 1980, 2030, 2029, 1981, 1982, 2031, 1981, 2031, 2030, 1982, 1983, 2032, 1982, 2032, 2031, 1983, 1984, 2033, 1983, 2033, 2032, 1984, 1985, 2034, 1984, 2034, 2033, 1985, 1986, 2035, 1985, 2035, 2034, 1986, 1987, 2036, 1986, 2036, 2035, 1987, 1988, 2037, 1987, 2037, 2036, 1988, 1989, 2038, 1988, 2038, 2037, 1989, 1990, 2039, 1989, 2039, 2038, 1990, 1991, 2040, 1990, 2040, 2039, 1991, 1992, 2041, 1991, 2041, 2040, 1992, 1993, 2042, 1992, 2042, 2041, 1993, 1994, 2043, 1993, 2043, 2042, 1994, 1995, 2044, 1994, 2044, 2043, 1995, 1996, 2045, 1995, 2045, 2044, 1996, 1997, 2046, 1996, 2046, 2045, 1997, 1998, 2047, 1997, 2047, 2046, 1998, 1999, 2048, 1998, 2048, 2047, 1999, 2000, 2049, 1999, 2049, 2048, 2000, 2001, 2050, 2000, 2050, 2049, 2001, 2002, 2051, 2001, 2051, 2050, 2002, 2003, 2052, 2002, 2052, 2051, 2003, 2004, 2053, 2003, 2053, 2052, 2004, 2005, 2054, 2004, 2054, 2053, 2005, 2006, 2055, 2005, 2055, 2054, 2006, 2007, 2056, 2006, 2056, 2055, 2007, 2008, 2057, 2007, 2057, 2056, 2009, 2010, 2059, 2009, 2059, 2058, 2010, 2011, 2060, 2010, 2060, 2059, 2011, 2012, 2061, 2011, 2061, 2060, 2012, 2013, 2062, 2012, 2062, 2061, 2013, 2014, 2063, 2013, 2063, 2062, 2014, 2015, 2064, 2014, 2064, 2063, 2015, 2016, 2065, 2015, 2065, 2064, 2016, 2017, 2066, 2016, 2066, 2065, 2017, 2018, 2067, 2017, 2067, 2066, 2018, 2019, 2068, 2018, 2068, 2067, 2019, 2020, 2069, 2019, 2069, 2068, 2020, 2021, 2070, 2020, 2070, 2069, 2021, 2022, 2071, 2021, 2071, 2070, 2022, 2023, 2072, 2022, 2072, 2071, 2023, 2024, 2073, 2023, 2073, 2072, 2024, 2025, 2074, 2024, 2074, 2073, 2025, 2026, 2075, 2025, 2075, 2074, 2026, 2027, 2076, 2026, 2076, 2075, 2027, 2028, 2077, 2027, 2077, 2076, 2028, 2029, 2078, 2028, 2078, 2077, 2029, 2030, 2079, 2029, 2079, 2078, 2030, 2031, 2080, 2030, 2080, 2079, 2031, 2032, 2081, 2031, 2081, 2080, 2032, 2033, 2082, 2032, 2082, 2081, 2033, 2034, 2083, 2033, 2083, 2082, 2034, 2035, 2084, 2034, 2084, 2083, 2035, 2036, 2085, 2035, 2085, 2084, 2036, 2037, 2086, 2036, 2086, 2085, 2037, 2038, 2087, 2037, 2087, 2086, 2038, 2039, 2088, 2038, 2088, 2087, 2039, 2040, 2089, 2039, 2089, 2088, 2040, 2041, 2090, 2040, 2090, 2089, 2041, 2042, 2091, 2041, 2091, 2090, 2042, 2043, 2092, 2042, 2092, 2091, 2043, 2044, 2093, 2043, 2093, 2092, 2044, 2045, 2094, 2044, 2094, 2093, 2045, 2046, 2095, 2045, 2095, 2094, 2046, 2047, 2096, 2046, 2096, 2095, 2047, 2048, 2097, 2047, 2097, 2096, 2048, 2049, 2098, 2048, 2098, 2097, 2049, 2050, 2099, 2049, 2099, 2098, 2050, 2051, 2100, 2050, 2100, 2099, 2051, 2052, 2101, 2051, 2101, 2100, 2052, 2053, 2102, 2052, 2102, 2101, 2053, 2054, 2103, 2053, 2103, 2102, 2054, 2055, 2104, 2054, 2104, 2103, 2055, 2056, 2105, 2055, 2105, 2104, 2056, 2057, 2106, 2056, 2106, 2105, 2058, 2059, 2108, 2058, 2108, 2107, 2059, 2060, 2109, 2059, 2109, 2108, 2060, 2061, 2110, 2060, 2110, 2109, 2061, 2062, 2111, 2061, 2111, 2110, 2062, 2063, 2112, 2062, 2112, 2111, 2063, 2064, 2113, 2063, 2113, 2112, 2064, 2065, 2114, 2064, 2114, 2113, 2065, 2066, 2115, 2065, 2115, 2114, 2066, 2067, 2116, 2066, 2116, 2115, 2067, 2068, 2117, 2067, 2117, 2116, 2068, 2069, 2118, 2068, 2118, 2117, 2069, 2070, 2119, 2069, 2119, 2118, 2070, 2071, 2120, 2070, 2120, 2119, 2071, 2072, 2121, 2071, 2121, 2120, 2072, 2073, 2122, 2072, 2122, 2121, 2073, 2074, 2123, 2073, 2123, 2122, 2074, 2075, 2124, 2074, 2124, 2123, 2075, 2076, 2125, 2075, 2125, 2124, 2076, 2077, 2126, 2076, 2126, 2125, 2077, 2078, 2127, 2077, 2127, 2126, 2078, 2079, 2128, 2078, 2128, 2127, 2079, 2080, 2129, 2079, 2129, 2128, 2080, 2081, 2130, 2080, 2130, 2129, 2081, 2082, 2131, 2081, 2131, 2130, 2082, 2083, 2132, 2082, 2132, 2131, 2083, 2084, 2133, 2083, 2133, 2132, 2084, 2085, 2134, 2084, 2134, 2133, 2085, 2086, 2135, 2085, 2135, 2134, 2086, 2087, 2136, 2086, 2136, 2135, 2087, 2088, 2137, 2087, 2137, 2136, 2088, 2089, 2138, 2088, 2138, 2137, 2089, 2090, 2139, 2089, 2139, 2138, 2090, 2091, 2140, 2090, 2140, 2139, 2091, 2092, 2141, 2091, 2141, 2140, 2092, 2093, 2142, 2092, 2142, 2141, 2093, 2094, 2143, 2093, 2143, 2142, 2094, 2095, 2144, 2094, 2144, 2143, 2095, 2096, 2145, 2095, 2145, 2144, 2096, 2097, 2146, 2096, 2146, 2145, 2097, 2098, 2147, 2097, 2147, 2146, 2098, 2099, 2148, 2098, 2148, 2147, 2099, 2100, 2149, 2099, 2149, 2148, 2100, 2101, 2150, 2100, 2150, 2149, 2101, 2102, 2151, 2101, 2151, 2150, 2102, 2103, 2152, 2102, 2152, 2151, 2103, 2104, 2153, 2103, 2153, 2152, 2104, 2105, 2154, 2104, 2154, 2153, 2105, 2106, 2155, 2105, 2155, 2154, 2107, 2108, 2157, 2107, 2157, 2156, 2108, 2109, 2158, 2108, 2158, 2157, 2109, 2110, 2159, 2109, 2159, 2158, 2110, 2111, 2160, 2110, 2160, 2159, 2111, 2112, 2161, 2111, 2161, 2160, 2112, 2113, 2162, 2112, 2162, 2161, 2113, 2114, 2163, 2113, 2163, 2162, 2114, 2115, 2164, 2114, 2164, 2163, 2115, 2116, 2165, 2115, 2165, 2164, 2116, 2117, 2166, 2116, 2166, 2165, 2117, 2118, 2167, 2117, 2167, 2166, 2118, 2119, 2168, 2118, 2168, 2167, 2119, 2120, 2169, 2119, 2169, 2168, 2120, 2121, 2170, 2120, 2170, 2169, 2121, 2122, 2171, 2121, 2171, 2170, 2122, 2123, 2172, 2122, 2172, 2171, 2123, 2124, 2173, 2123, 2173, 2172, 2124, 2125, 2174, 2124, 2174, 2173, 2125, 2126, 2175, 2125, 2175, 2174, 2126, 2127, 2176, 2126, 2176, 2175, 2127, 2128, 2177, 2127, 2177, 2176, 2128, 2129, 2178, 2128, 2178, 2177, 2129, 2130, 2179, 2129, 2179, 2178, 2130, 2131, 2180, 2130, 2180, 2179, 2131, 2132, 2181, 2131, 2181, 2180, 2132, 2133, 2182, 2132, 2182, 2181, 2133, 2134, 2183, 2133, 2183, 2182, 2134, 2135, 2184, 2134, 2184, 2183, 2135, 2136, 2185, 2135, 2185, 2184, 2136, 2137, 2186, 2136, 2186, 2185, 2137, 2138, 2187, 2137, 2187, 2186, 2138, 2139, 2188, 2138, 2188, 2187, 2139, 2140, 2189, 2139, 2189, 2188, 2140, 2141, 2190, 2140, 2190, 2189, 2141, 2142, 2191, 2141, 2191, 2190, 2142, 2143, 2192, 2142, 2192, 2191, 2143, 2144, 2193, 2143, 2193, 2192, 2144, 2145, 2194, 2144, 2194, 2193, 2145, 2146, 2195, 2145, 2195, 2194, 2146, 2147, 2196, 2146, 2196, 2195, 2147, 2148, 2197, 2147, 2197, 2196, 2148, 2149, 2198, 2148, 2198, 2197, 2149, 2150, 2199, 2149, 2199, 2198, 2150, 2151, 2200, 2150, 2200, 2199, 2151, 2152, 2201, 2151, 2201, 2200, 2152, 2153, 2202, 2152, 2202, 2201, 2153, 2154, 2203, 2153, 2203, 2202, 2154, 2155, 2204, 2154, 2204, 2203, 2156, 2157, 2206, 2156, 2206, 2205, 2157, 2158, 2207, 2157, 2207, 2206, 2158, 2159, 2208, 2158, 2208, 2207, 2159, 2160, 2209, 2159, 2209, 2208, 2160, 2161, 2210, 2160, 2210, 2209, 2161, 2162, 2211, 2161, 2211, 2210, 2162, 2163, 2212, 2162, 2212, 2211, 2163, 2164, 2213, 2163, 2213, 2212, 2164, 2165, 2214, 2164, 2214, 2213, 2165, 2166, 2215, 2165, 2215, 2214, 2166, 2167, 2216, 2166, 2216, 2215, 2167, 2168, 2217, 2167, 2217, 2216, 2168, 2169, 2218, 2168, 2218, 2217, 2169, 2170, 2219, 2169, 2219, 2218, 2170, 2171, 2220, 2170, 2220, 2219, 2171, 2172, 2221, 2171, 2221, 2220, 2172, 2173, 2222, 2172, 2222, 2221, 2173, 2174, 2223, 2173, 2223, 2222, 2174, 2175, 2224, 2174, 2224, 2223, 2175, 2176, 2225, 2175, 2225, 2224, 2176, 2177, 2226, 2176, 2226, 2225, 2177, 2178, 2227, 2177, 2227, 2226, 2178, 2179, 2228, 2178, 2228, 2227, 2179, 2180, 2229, 2179, 2229, 2228, 2180, 2181, 2230, 2180, 2230, 2229, 2181, 2182, 2231, 2181, 2231, 2230, 2182, 2183, 2232, 2182, 2232, 2231, 2183, 2184, 2233, 2183, 2233, 2232, 2184, 2185, 2234, 2184, 2234, 2233, 2185, 2186, 2235, 2185, 2235, 2234, 2186, 2187, 2236, 2186, 2236, 2235, 2187, 2188, 2237, 2187, 2237, 2236, 2188, 2189, 2238, 2188, 2238, 2237, 2189, 2190, 2239, 2189, 2239, 2238, 2190, 2191, 2240, 2190, 2240, 2239, 2191, 2192, 2241, 2191, 2241, 2240, 2192, 2193, 2242, 2192, 2242, 2241, 2193, 2194, 2243, 2193, 2243, 2242, 2194, 2195, 2244, 2194, 2244, 2243, 2195, 2196, 2245, 2195, 2245, 2244, 2196, 2197, 2246, 2196, 2246, 2245, 2197, 2198, 2247, 2197, 2247, 2246, 2198, 2199, 2248, 2198, 2248, 2247, 2199, 2200, 2249, 2199, 2249, 2248, 2200, 2201, 2250, 2200, 2250, 2249, 2201, 2202, 2251, 2201, 2251, 2250, 2202, 2203, 2252, 2202, 2252, 2251, 2203, 2204, 2253, 2203, 2253, 2252, 2205, 2206, 2255, 2205, 2255, 2254, 2206, 2207, 2256, 2206, 2256, 2255, 2207, 2208, 2257, 2207, 2257, 2256, 2208, 2209, 2258, 2208, 2258, 2257, 2209, 2210, 2259, 2209, 2259, 2258, 2210, 2211, 2260, 2210, 2260, 2259, 2211, 2212, 2261, 2211, 2261, 2260, 2212, 2213, 2262, 2212, 2262, 2261, 2213, 2214, 2263, 2213, 2263, 2262, 2214, 2215, 2264, 2214, 2264, 2263, 2215, 2216, 2265, 2215, 2265, 2264, 2216, 2217, 2266, 2216, 2266, 2265, 2217, 2218, 2267, 2217, 2267, 2266, 2218, 2219, 2268, 2218, 2268, 2267, 2219, 2220, 2269, 2219, 2269, 2268, 2220, 2221, 2270, 2220, 2270, 2269, 2221, 2222, 2271, 2221, 2271, 2270, 2222, 2223, 2272, 2222, 2272, 2271, 2223, 2224, 2273, 2223, 2273, 2272, 2224, 2225, 2274, 2224, 2274, 2273, 2225, 2226, 2275, 2225, 2275, 2274, 2226, 2227, 2276, 2226, 2276, 2275, 2227, 2228, 2277, 2227, 2277, 2276, 2228, 2229, 2278, 2228, 2278, 2277, 2229, 2230, 2279, 2229, 2279, 2278, 2230, 2231, 2280, 2230, 2280, 2279, 2231, 2232, 2281, 2231, 2281, 2280, 2232, 2233, 2282, 2232, 2282, 2281, 2233, 2234, 2283, 2233, 2283, 2282, 2234, 2235, 2284, 2234, 2284, 2283, 2235, 2236, 2285, 2235, 2285, 2284, 2236, 2237, 2286, 2236, 2286, 2285, 2237, 2238, 2287, 2237, 2287, 2286, 2238, 2239, 2288, 2238, 2288, 2287, 2239, 2240, 2289, 2239, 2289, 2288, 2240, 2241, 2290, 2240, 2290, 2289, 2241, 2242, 2291, 2241, 2291, 2290, 2242, 2243, 2292, 2242, 2292, 2291, 2243, 2244, 2293, 2243, 2293, 2292, 2244, 2245, 2294, 2244, 2294, 2293, 2245, 2246, 2295, 2245, 2295, 2294, 2246, 2247, 2296, 2246, 2296, 2295, 2247, 2248, 2297, 2247, 2297, 2296, 2248, 2249, 2298, 2248, 2298, 2297, 2249, 2250, 2299, 2249, 2299, 2298, 2250, 2251, 2300, 2250, 2300, 2299, 2251, 2252, 2301, 2251, 2301, 2300, 2252, 2253, 2302, 2252, 2302, 2301, 2254, 2255, 2304, 2254, 2304, 2303, 2255, 2256, 2305, 2255, 2305, 2304, 2256, 2257, 2306, 2256, 2306, 2305, 2257, 2258, 2307, 2257, 2307, 2306, 2258, 2259, 2308, 2258, 2308, 2307, 2259, 2260, 2309, 2259, 2309, 2308, 2260, 2261, 2310, 2260, 2310, 2309, 2261, 2262, 2311, 2261, 2311, 2310, 2262, 2263, 2312, 2262, 2312, 2311, 2263, 2264, 2313, 2263, 2313, 2312, 2264, 2265, 2314, 2264, 2314, 2313, 2265, 2266, 2315, 2265, 2315, 2314, 2266, 2267, 2316, 2266, 2316, 2315, 2267, 2268, 2317, 2267, 2317, 2316, 2268, 2269, 2318, 2268, 2318, 2317, 2269, 2270, 2319, 2269, 2319, 2318, 2270, 2271, 2320, 2270, 2320, 2319, 2271, 2272, 2321, 2271, 2321, 2320, 2272, 2273, 2322, 2272, 2322, 2321, 2273, 2274, 2323, 2273, 2323, 2322, 2274, 2275, 2324, 2274, 2324, 2323, 2275, 2276, 2325, 2275, 2325, 2324, 2276, 2277, 2326, 2276, 2326, 2325, 2277, 2278, 2327, 2277, 2327, 2326, 2278, 2279, 2328, 2278, 2328, 2327, 2279, 2280, 2329, 2279, 2329, 2328, 2280, 2281, 2330, 2280, 2330, 2329, 2281, 2282, 2331, 2281, 2331, 2330, 2282, 2283, 2332, 2282, 2332, 2331, 2283, 2284, 2333, 2283, 2333, 2332, 2284, 2285, 2334, 2284, 2334, 2333, 2285, 2286, 2335, 2285, 2335, 2334, 2286, 2287, 2336, 2286, 2336, 2335, 2287, 2288, 2337, 2287, 2337, 2336, 2288, 2289, 2338, 2288, 2338, 2337, 2289, 2290, 2339, 2289, 2339, 2338, 2290, 2291, 2340, 2290, 2340, 2339, 2291, 2292, 2341, 2291, 2341, 2340, 2292, 2293, 2342, 2292, 2342, 2341, 2293, 2294, 2343, 2293, 2343, 2342, 2294, 2295, 2344, 2294, 2344, 2343, 2295, 2296, 2345, 2295, 2345, 2344, 2296, 2297, 2346, 2296, 2346, 2345, 2297, 2298, 2347, 2297, 2347, 2346, 2298, 2299, 2348, 2298, 2348, 2347, 2299, 2300, 2349, 2299, 2349, 2348, 2300, 2301, 2350, 2300, 2350, 2349, 2301, 2302, 2351, 2301, 2351, 2350, 2303, 2304, 2353, 2303, 2353, 2352, 2304, 2305, 2354, 2304, 2354, 2353, 2305, 2306, 2355, 2305, 2355, 2354, 2306, 2307, 2356, 2306, 2356, 2355, 2307, 2308, 2357, 2307, 2357, 2356, 2308, 2309, 2358, 2308, 2358, 2357, 2309, 2310, 2359, 2309, 2359, 2358, 2310, 2311, 2360, 2310, 2360, 2359, 2311, 2312, 2361, 2311, 2361, 2360, 2312, 2313, 2362, 2312, 2362, 2361, 2313, 2314, 2363, 2313, 2363, 2362, 2314, 2315, 2364, 2314, 2364, 2363, 2315, 2316, 2365, 2315, 2365, 2364, 2316, 2317, 2366, 2316, 2366, 2365, 2317, 2318, 2367, 2317, 2367, 2366, 2318, 2319, 2368, 2318, 2368, 2367, 2319, 2320, 2369, 2319, 2369, 2368, 2320, 2321, 2370, 2320, 2370, 2369, 2321, 2322, 2371, 2321, 2371, 2370, 2322, 2323, 2372, 2322, 2372, 2371, 2323, 2324, 2373, 2323, 2373, 2372, 2324, 2325, 2374, 2324, 2374, 2373, 2325, 2326, 2375, 2325, 2375, 2374, 2326, 2327, 2376, 2326, 2376, 2375, 2327, 2328, 2377, 2327, 2377, 2376, 2328, 2329, 2378, 2328, 2378, 2377, 2329, 2330, 2379, 2329, 2379, 2378, 2330, 2331, 2380, 2330, 2380, 2379, 2331, 2332, 2381, 2331, 2381, 2380, 2332, 2333, 2382, 2332, 2382, 2381, 2333, 2334, 2383, 2333, 2383, 2382, 2334, 2335, 2384, 2334, 2384, 2383, 2335, 2336, 2385, 2335, 2385, 2384, 2336, 2337, 2386, 2336, 2386, 2385, 2337, 2338, 2387, 2337, 2387, 2386, 2338, 2339, 2388, 2338, 2388, 2387, 2339, 2340, 2389, 2339, 2389, 2388, 2340, 2341, 2390, 2340, 2390, 2389, 2341, 2342, 2391, 2341, 2391, 2390, 2342, 2343, 2392, 2342, 2392, 2391, 2343, 2344, 2393, 2343, 2393, 2392, 2344, 2345, 2394, 2344, 2394, 2393, 2345, 2346, 2395, 2345, 2395, 2394, 2346, 2347, 2396, 2346, 2396, 2395, 2347, 2348, 2397, 2347, 2397, 2396, 2348, 2349, 2398, 2348, 2398, 2397, 2349, 2350, 2399, 2349, 2399, 2398, 2350, 2351, 2400, 2350, 2400, 2399]
        point3f[] points = [(-12.000000, -12.000000, 0.154382),
            (-11.500000, -12.000000, 0.152329),
            (-11.000000, -12.000000, 0.141098),
            (-10.500000, -12.000000, 0.121467),
            (-10.000000, -12.000000, 0.094757),
            (-9.500000, -12.000000, 0.062744),
            (-9.000000, -12.000000, 0.027541),
            (-8.500000, -12.000000, -0.008535),
            (-8.000000, -12.000000, -0.043119),
            (-7.500000, -12.000000, -0.073948),
            (-7.000000, -12.000000, -0.099011),
            (-6.500000, -12.000000, -0.116678),
            (-6.000000, -12.000000, -0.125807),
            (-5.500000, -12.000000, -0.125818),
            (-5.000000, -12.000000, -0.116728),
            (-4.500000, -12.000000, -0.099155),
            (-4.000000, -12.000000, -0.074271),
            (-3.500000, -12.000000, -0.043730),
            (-3.000000, -12.000000, -0.009556),
            (-2.500000, -12.000000, 0.025984),
            (-2.000000, -12.000000, 0.060532),
            (-1.500000, -12.000000, 0.091793),
            (-1.000000, -12.000000, 0.117680),
            (-0.500000, -12.000000, 0.136456),
            (0.000000, -12.000000, 0.146843),
            (0.500000, -12.000000, 0.148105),
            (1.000000, -12.000000, 0.140100),
            (1.500000, -12.000000, 0.123284),
            (2.000000, -12.000000, 0.098688),
            (2.500000, -12.000000, 0.067842),
            (3.000000, -12.000000, 0.032685),
            (3.500000, -12.000000, -0.004568),
            (4.000000, -12.000000, -0.041564),
            (4.500000, -12.000000, -0.075971),
            (5.000000, -12.000000, -0.105624),
            (5.500000, -12.000000, -0.128669),
            (6.000000, -12.000000, -0.143679),
            (6.500000, -12.000000, -0.149751),
            (7.000000, -12.000000, -0.146559),
            (7.500000, -12.000000, -0.134380),
            (8.000000, -12.000000, -0.114069),
            (8.500000, -12.000000, -0.087008),
            (9.000000, -12.000000, -0.055013),
            (9.500000, -12.000000, -0.020215),
            (10.000000, -12.000000, 0.015080),
            (10.500000, -12.000000, 0.048538),
            (11.000000, -12.000000, 0.077951),
            (11.500000, -12.000000, 0.101382),
            (12.000000, -12.000000, 0.117290),
            (-12.000000, -11.500000, 0.156353),
            (-11.500000, -11.500000, 0.152270),
            (-11.000000, -11.500000, 0.139135),
            (-10.500000, -11.500000, 0.117837),
            (-10.000000, -11.500000, 0.089790),
            (-9.500000, -11.500000, 0.056840),
            (-9.000000, -11.500000, 0.021146),
            (-8.500000, -11.500000, -0.014961),
            (-8.000000, -11.500000, -0.049130),
            (-7.500000, -11.500000, -0.079144),
            (-7.000000, -11.500000, -0.103063),
            (-6.500000, -11.500000, -0.119350),
            (-6.000000, -11.500000, -0.126969),
            (-5.500000, -11.500000, -0.125457),
            (-5.000000, -11.500000, -0.114950),
            (-4.500000, -11.500000, -0.096171),
            (-4.000000, -11.500000, -0.070389),
            (-3.500000, -11.500000, -0.039331),
            (-3.000000, -11.500000, -0.005070),
            (-2.500000, -11.500000, 0.030108),
            (-2.000000, -11.500000, 0.063859),
            (-1.500000, -11.500000, 0.093925),
            (-1.000000, -11.500000, 0.118291),
            (-0.500000, -11.500000, 0.135307),
            (0.000000, -11.500000, 0.143804),
            (0.500000, -11.500000, 0.143164),
            (1.000000, -11.500000, 0.133362),
            (1.500000, -11.500000, 0.114970),
            (2.000000, -11.500000, 0.089117),
            (2.500000, -11.500000, 0.057416),
            (3.000000, -11.500000, 0.021861),
            (3.500000, -11.500000, -0.015305),
            (4.000000, -11.500000, -0.051734),
            (4.500000, -11.500000, -0.085126),
            (5.000000, -11.500000, -0.113377),
            (5.500000, -11.500000, -0.134719),
            (6.000000, -11.500000, -0.147830),
            (6.500000, -11.500000, -0.151920),
            (7.000000, -11.500000, -0.146786),
            (7.500000, -11.500000, -0.132818),
            (8.000000, -11.500000, -0.110978),
            (8.500000, -11.500000, -0.082734),
            (9.000000, -11.500000, -0.049966),
            (9.500000, -11.500000, -0.014840),
            (10.000000, -11.500000, 0.020330),
            (10.500000, -11.500000, 0.053236),
            (11.000000, -11.500000, 0.081723),
            (11.500000, -11.500000, 0.103932),
            (12.000000, -11.500000, 0.118418),
            (-12.000000, -11.000000, 0.157086),
            (-11.500000, -11.000000, 0.150965),
            (-11.000000, -11.000000, 0.135952),
            (-10.500000, -11.000000, 0.113043),
            (-10.000000, -11.000000, 0.083738),
            (-9.500000, -11.000000, 0.049951),
            (-9.000000, -11.000000, 0.013876),
            (-8.500000, -11.000000, -0.022148),
            (-8.000000, -11.000000, -0.055793),
            (-7.500000, -11.000000, -0.084894),
            (-7.000000, -11.000000, -0.107587),
            (-6.500000, -11.000000, -0.122433),
            (-6.000000, -11.000000, -0.128507),
            (-5.500000, -11.000000, -0.125462),
            (-5.000000, -11.000000, -0.113549),
            (-4.500000, -11.000000, -0.093599),
            (-4.000000, -11.000000, -0.066970),
            (-3.500000, -11.000000, -0.035456),
            (-3.000000, -11.000000, -0.001173),
            (-2.500000, -11.000000, 0.033584),
            (-2.000000, -11.000000, 0.066486),
            (-1.500000, -11.000000, 0.095326),
            (-1.000000, -11.000000, 0.118161),
            (-0.500000, -11.000000, 0.133437),
            (0.000000, -11.000000, 0.140093),
            (0.500000, -11.000000, 0.137631),
            (1.000000, -11.000000, 0.126145),
            (1.500000, -11.000000, 0.106315),
            (2.000000, -11.000000, 0.079366),
            (2.500000, -11.000000, 0.046986),
            (3.000000, -11.000000, 0.011218),
            (3.500000, -11.000000, -0.025677),
            (4.000000, -11.000000, -0.061361),
            (4.500000, -11.000000, -0.093576),
            (5.000000, -11.000000, -0.120286),
            (5.500000, -11.000000, -0.139814),
            (6.000000, -11.000000, -0.150944),
            (6.500000, -11.000000, -0.153006),
            (7.000000, -11.000000, -0.145915),
            (7.500000, -11.000000, -0.130177),
            (8.000000, -11.000000, -0.106853),
            (8.500000, -11.000000, -0.077495),
            (9.000000, -11.000000, -0.044037),
            (9.500000, -11.000000, -0.008676),
            (10.000000, -11.000000, 0.026278),
            (10.500000, -11.000000, 0.058546),
            (11.000000, -11.000000, 0.086034),
            (11.500000, -11.000000, 0.106965),
            (12.000000, -11.000000, 0.119998),
            (-12.000000, -10.500000, 0.156497),
            (-11.500000, -10.500000, 0.148355),
            (-11.000000, -10.500000, 0.131513),
            (-10.500000, -10.500000, 0.107070),
            (-10.000000, -10.500000, 0.076610),
            (-9.500000, -10.500000, 0.042102),
            (-9.000000, -10.500000, 0.005774),
            (-8.500000, -10.500000, -0.030039),
            (-8.000000, -10.500000, -0.063037),
            (-7.500000, -10.500000, -0.091116),
            (-7.000000, -10.500000, -0.112492),
            (-6.500000, -10.500000, -0.125829),
            (-6.000000, -10.500000, -0.130315),
            (-5.500000, -10.500000, -0.125720),
            (-5.000000, -10.500000, -0.112408),
            (-4.500000, -10.500000, -0.091314),
            (-4.000000, -10.500000, -0.063881),
            (-3.500000, -10.500000, -0.031965),
            (-3.000000, -10.500000, 0.002285),
            (-2.500000, -10.500000, 0.036569),
            (-2.000000, -10.500000, 0.068584),
            (-1.500000, -10.500000, 0.096176),
            (-1.000000, -10.500000, 0.117482),
            (-0.500000, -10.500000, 0.131048),
            (0.000000, -10.500000, 0.135926),
            (0.500000, -10.500000, 0.131733),
            (1.000000, -10.500000, 0.118679),
            (1.500000, -10.500000, 0.097555),
            (2.000000, -10.500000, 0.069673),
            (2.500000, -10.500000, 0.036790),
            (3.000000, -10.500000, 0.000989),
            (3.500000, -10.500000, -0.035457),
            (4.000000, -10.500000, -0.070229),
            (4.500000, -10.500000, -0.101118),
            (5.000000, -10.500000, -0.126164),
            (5.500000, -10.500000, -0.143783),
            (6.000000, -10.500000, -0.152872),
            (6.500000, -10.500000, -0.152880),
            (7.000000, -10.500000, -0.143840),
            (7.500000, -10.500000, -0.126369),
            (8.000000, -10.500000, -0.101628),
            (8.500000, -10.500000, -0.071241),
            (9.000000, -10.500000, -0.037195),
            (9.500000, -10.500000, -0.001706),
            (10.000000, -10.500000, 0.032924),
            (10.500000, -10.500000, 0.064456),
            (11.000000, -10.500000, 0.090861),
            (11.500000, -10.500000, 0.110450),
            (12.000000, -10.500000, 0.121988),
            (-12.000000, -10.000000, 0.154557),
            (-11.500000, -10.000000, 0.144433),
            (-11.000000, -10.000000, 0.125835),
            (-10.500000, -10.000000, 0.099958),
            (-10.000000, -10.000000, 0.068463),
            (-9.500000, -10.000000, 0.033371),
            (-9.000000, -10.000000, -0.003068),
            (-8.500000, -10.000000, -0.038527),
            (-8.000000, -10.000000, -0.070746),
            (-7.500000, -10.000000, -0.097683),
            (-7.000000, -10.000000, -0.117645),
            (-6.500000, -10.000000, -0.129399),
            (-6.000000, -10.000000, -0.132249),
            (-5.500000, -10.000000, -0.126082),
            (-5.000000, -10.000000, -0.111374),
            (-4.500000, -10.000000, -0.089160),
            (-4.000000, -10.000000, -0.060962),
            (-3.500000, -10.000000, -0.028691),
            (-3.000000, -10.000000, 0.005477),
            (-2.500000, -10.000000, 0.039243),
            (-2.000000, -10.000000, 0.070338),
            (-1.500000, -10.000000, 0.096670),
            (-1.000000, -10.000000, 0.116459),
            (-0.500000, -10.000000, 0.128353),
            (0.000000, -10.000000, 0.131517),
            (0.500000, -10.000000, 0.125688),
            (1.000000, -10.000000, 0.111191),
            (1.500000, -10.000000, 0.088915),
            (2.000000, -10.000000, 0.060262),
            (2.500000, -10.000000, 0.027046),
            (3.000000, -10.000000, -0.008615),
            (3.500000, -10.000000, -0.044445),
            (4.000000, -10.000000, -0.078153),
            (4.500000, -10.000000, -0.107585),
            (5.000000, -10.000000, -0.130861),
            (5.500000, -10.000000, -0.146498),
            (6.000000, -10.000000, -0.153508),
            (6.500000, -10.000000, -0.151457),
            (7.000000, -10.000000, -0.140498),
            (7.500000, -10.000000, -0.121357),
            (8.000000, -10.000000, -0.095284),
            (8.500000, -10.000000, -0.063975),
            (9.000000, -10.000000, -0.029459),
            (9.500000, -10.000000, 0.006034),
            (10.000000, -10.000000, 0.040219),
            (10.500000, -10.000000, 0.070904),
            (11.000000, -10.000000, 0.096132),
            (11.500000, -10.000000, 0.114307),
            (12.000000, -10.000000, 0.124300),
            (-12.000000, -9.500000, 0.151287),
            (-11.500000, -9.500000, 0.139246),
            (-11.000000, -9.500000, 0.118986),
            (-10.500000, -9.500000, 0.091796),
            (-10.000000, -9.500000, 0.059407),
            (-9.500000, -9.500000, 0.023884),
            (-9.000000, -9.500000, -0.012510),
            (-8.500000, -9.500000, -0.047462),
            (-8.000000, -9.500000, -0.078758),
            (-7.500000, -9.500000, -0.104429),
            (-7.000000, -9.500000, -0.122875),
            (-6.500000, -9.500000, -0.132970),
            (-6.000000, -9.500000, -0.134134),
            (-5.500000, -9.500000, -0.126373),
            (-5.000000, -9.500000, -0.110272),
            (-4.500000, -9.500000, -0.086960),
            (-4.000000, -9.500000, -0.058033),
            (-3.500000, -9.500000, -0.025453),
            (-3.000000, -9.500000, 0.008584),
            (-2.500000, -9.500000, 0.041792),
            (-2.000000, -9.500000, 0.071941),
            (-1.500000, -9.500000, 0.097004),
            (-1.000000, -9.500000, 0.115290),
            (-0.500000, -9.500000, 0.125553),
            (0.000000, -9.500000, 0.127074),
            (0.500000, -9.500000, 0.119707),
            (1.000000, -9.500000, 0.103886),
            (1.500000, -9.500000, 0.080601),
            (2.000000, -9.500000, 0.051329),
            (2.500000, -9.500000, 0.017943),
            (3.000000, -9.500000, -0.017417),
            (3.500000, -9.500000, -0.052480),
            (4.000000, -9.500000, -0.084989),
            (4.500000, -9.500000, -0.112851),
            (5.000000, -9.500000, -0.134274),
            (5.500000, -9.500000, -0.147880),
            (6.000000, -9.500000, -0.152794),
            (6.500000, -9.500000, -0.148706),
            (7.000000, -9.500000, -0.135881),
            (7.500000, -9.500000, -0.115152),
            (8.000000, -9.500000, -0.087856),
            (8.500000, -9.500000, -0.055750),
            (9.000000, -9.500000, -0.020901),
            (9.500000, -9.500000, 0.014458),
            (10.000000, -9.500000, 0.048067),
            (10.500000, -9.500000, 0.077784),
            (11.000000, -9.500000, 0.101732),
            (11.500000, -9.500000, 0.118412),
            (12.000000, -9.500000, 0.126806),
            (-12.000000, -9.000000, 0.146764),
            (-11.500000, -9.000000, 0.132892),
            (-11.000000, -9.000000, 0.111087),
            (-10.500000, -9.000000, 0.082722),
            (-10.000000, -9.000000, 0.049596),
            (-9.500000, -9.000000, 0.013808),
            (-9.000000, -9.000000, -0.022372),
            (-8.500000, -9.000000, -0.056655),
            (-8.000000, -9.000000, -0.086882),
            (-7.500000, -9.000000, -0.111159),
            (-7.000000, -9.000000, -0.127984),
            (-6.500000, -9.000000, -0.136343),
            (-6.000000, -9.000000, -0.135775),
            (-5.500000, -9.000000, -0.126400),
            (-5.000000, -9.000000, -0.108910),
            (-4.500000, -9.000000, -0.084524),
            (-4.000000, -9.000000, -0.054910),
            (-3.500000, -9.000000, -0.022068),
            (-3.000000, -9.000000, 0.011793),
            (-2.500000, -9.000000, 0.044402),
            (-2.000000, -9.000000, 0.073577),
            (-1.500000, -9.000000, 0.097363),
            (-1.000000, -9.000000, 0.114162),
            (-0.500000, -9.000000, 0.122836),
            (0.000000, -9.000000, 0.122783),
            (0.500000, -9.000000, 0.113970),
            (1.000000, -9.000000, 0.096942),
            (1.500000, -9.000000, 0.072781),
            (2.000000, -9.000000, 0.043038),
            (2.500000, -9.000000, 0.009631),
            (3.000000, -9.000000, -0.025283),
            (3.500000, -9.000000, -0.059443),
            (4.000000, -9.000000, -0.090636),
            (4.500000, -9.000000, -0.116839),
            (5.000000, -9.000000, -0.136350),
            (5.500000, -9.000000, -0.147898),
            (6.000000, -9.000000, -0.150727),
            (6.500000, -9.000000, -0.144645),
            (7.000000, -9.000000, -0.130033),
            (7.500000, -9.000000, -0.107821),
            (8.000000, -9.000000, -0.079429),
            (8.500000, -9.000000, -0.046671),
            (9.000000, -9.000000, -0.011638),
            (9.500000, -9.000000, 0.023436),
            (10.000000, -9.000000, 0.056323),
            (10.500000, -9.000000, 0.084944),
            (11.000000, -9.000000, 0.107503),
            (11.500000, -9.000000, 0.122604),
            (12.000000, -9.000000, 0.129341),
            (-12.000000, -8.500000, 0.141110),
            (-11.500000, -8.500000, 0.125515),
            (-11.000000, -8.500000, 0.102299),
            (-10.500000, -8.500000, 0.072917),
            (-10.000000, -8.500000, 0.039224),
            (-9.500000, -8.500000, 0.003349),
            (-9.000000, -8.500000, -0.032442),
            (-8.500000, -8.500000, -0.065892),
            (-8.000000, -8.500000, -0.094899),
            (-7.500000, -8.500000, -0.117654),
            (-7.000000, -8.500000, -0.132758),
            (-6.500000, -8.500000, -0.139311),
            (-6.000000, -8.500000, -0.136968),
            (-5.500000, -8.500000, -0.125964),
            (-5.000000, -8.500000, -0.107096),
            (-4.500000, -8.500000, -0.081669),
            (-4.000000, -8.500000, -0.051411),
            (-3.500000, -8.500000, -0.018358),
            (-3.000000, -8.500000, 0.015274),
            (-2.500000, -8.500000, 0.047240),
            (-2.000000, -8.500000, 0.075411),
            (-1.500000, -8.500000, 0.097910),
            (-1.000000, -8.500000, 0.113235),
            (-0.500000, -8.500000, 0.120359),
            (0.000000, -8.500000, 0.118795),
            (0.500000, -8.500000, 0.108625),
            (1.000000, -8.500000, 0.090499),
            (1.500000, -8.500000, 0.065588),
            (2.000000, -8.500000, 0.035507),
            (2.500000, -8.500000, 0.002214),
            (3.000000, -8.500000, -0.032124),
            (3.500000, -8.500000, -0.065267),
            (4.000000, -8.500000, -0.095050),
            (4.500000, -8.500000, -0.119526),
            (5.000000, -8.500000, -0.137088),
            (5.500000, -8.500000, -0.146577),
            (6.000000, -8.500000, -0.147355),
            (6.500000, -8.500000, -0.139348),
            (7.000000, -8.500000, -0.123047),
            (7.500000, -8.500000, -0.099479),
            (8.000000, -8.500000, -0.070138),
            (8.500000, -8.500000, -0.036886),
            (9.000000, -8.500000, -0.001835),
            (9.500000, -8.500000, 0.032792),
            (10.000000, -8.500000, 0.064808),
            (10.500000, -8.500000, 0.092198),
            (11.000000, -8.500000, 0.113257),
            (11.500000, -8.500000, 0.126693),
            (12.000000, -8.500000, 0.131715),
            (-12.000000, -8.000000, 0.134491),
            (-11.500000, -8.000000, 0.117299),
            (-11.000000, -8.000000, 0.092822),
            (-10.500000, -8.000000, 0.062593),
            (-10.000000, -8.000000, 0.028514),
            (-9.500000, -8.000000, -0.007266),
            (-9.000000, -8.000000, -0.042489),
            (-8.500000, -8.000000, -0.074938),
            (-8.000000, -8.000000, -0.102578),
            (-7.500000, -8.000000, -0.123690),
            (-7.000000, -8.000000, -0.136979),
            (-6.500000, -8.000000, -0.141661),
            (-6.000000, -8.000000, -0.137511),
            (-5.500000, -8.000000, -0.124875),
            (-5.000000, -8.000000, -0.104650),
            (-4.500000, -8.000000, -0.078221),
            (-4.000000, -8.000000, -0.047373),
            (-3.500000, -8.000000, -0.014170),
            (-3.000000, -8.000000, 0.019175),
            (-2.500000, -8.000000, 0.050449),
            (-2.000000, -8.000000, 0.077581),
            (-1.500000, -8.000000, 0.098776),
            (-1.000000, -8.000000, 0.112634),
            (-0.500000, -8.000000, 0.118241),
            (0.000000, -8.000000, 0.115224),
            (0.500000, -8.000000, 0.103779),
            (1.000000, -8.000000, 0.084654),
            (1.500000, -8.000000, 0.059105),
            (2.000000, -8.000000, 0.028806),
            (2.500000, -8.000000, -0.004254),
            (3.000000, -8.000000, -0.037905),
            (3.500000, -8.000000, -0.069935),
            (4.000000, -8.000000, -0.098236),
            (4.500000, -8.000000, -0.120940),
            (5.000000, -8.000000, -0.136542),
            (5.500000, -8.000000, -0.143994),
            (6.000000, -8.000000, -0.142779),
            (6.500000, -8.000000, -0.132937),
            (7.000000, -8.000000, -0.115067),
            (7.500000, -8.000000, -0.090287),
            (8.000000, -8.000000, -0.060158),
            (8.500000, -8.000000, -0.026584),
            (9.000000, -8.000000, 0.008310),
            (9.500000, -8.000000, 0.042323),
            (10.000000, -8.000000, 0.073311),
            (10.500000, -8.000000, 0.099335),
            (11.000000, -8.000000, 0.118782),
            (11.500000, -8.000000, 0.130470),
            (12.000000, -8.000000, 0.133723),
            (-12.000000, -7.500000, 0.127107),
            (-11.500000, -7.500000, 0.108457),
            (-11.000000, -7.500000, 0.082883),
            (-10.500000, -7.500000, 0.051984),
            (-10.000000, -7.500000, 0.017705),
            (-9.500000, -7.500000, -0.017793),
            (-9.000000, -7.500000, -0.052270),
            (-8.500000, -7.500000, -0.083556),
            (-8.000000, -7.500000, -0.109688),
            (-7.500000, -7.500000, -0.129043),
            (-7.000000, -7.500000, -0.140434),
            (-6.500000, -7.500000, -0.143196),
            (-6.000000, -7.500000, -0.137218),
            (-5.500000, -7.500000, -0.122960),
            (-5.000000, -7.500000, -0.101412),
            (-4.500000, -7.500000, -0.074034),
            (-4.000000, -7.500000, -0.042661),
            (-3.500000, -7.500000, -0.009378),
            (-3.000000, -7.500000, 0.023612),
            (-2.500000, -7.500000, 0.054134),
            (-2.000000, -7.500000, 0.080183),
            (-1.500000, -7.500000, 0.100052),
            (-1.000000, -7.500000, 0.112444),
            (-0.500000, -7.500000, 0.116559),
            (0.000000, -7.500000, 0.112138),
            (0.500000, -7.500000, 0.099488),
            (1.000000, -7.500000, 0.079454),
            (1.500000, -7.500000, 0.053366),
            (2.000000, -7.500000, 0.022954),
            (2.500000, -7.500000, -0.009770),
            (3.000000, -7.500000, -0.042642),
            (3.500000, -7.500000, -0.073484),
            (4.000000, -7.500000, -0.100252),
            (4.500000, -7.500000, -0.121162),
            (5.000000, -7.500000, -0.134814),
            (5.500000, -7.500000, -0.140274),
            (6.000000, -7.500000, -0.137143),
            (6.500000, -7.500000, -0.125576),
            (7.000000, -7.500000, -0.106276),
            (7.500000, -7.500000, -0.080443),
            (8.000000, -7.500000, -0.049700),
            (8.500000, -7.500000, -0.015986),
            (9.000000, -7.500000, 0.018573),
            (9.500000, -7.500000, 0.051799),
            (10.000000, -7.500000, 0.081605),
            (10.500000, -7.500000, 0.106130),
            (11.000000, -7.500000, 0.123860),
            (11.500000, -7.500000, 0.133723),
            (12.000000, -7.500000, 0.135161),
            (-12.000000, -7.000000, 0.119181),
            (-11.500000, -7.000000, 0.099224),
            (-11.000000, -7.000000, 0.072722),
            (-10.500000, -7.000000, 0.041336),
            (-10.000000, -7.000000, 0.007044),
            (-9.500000, -7.000000, -0.027988),
            (-9.000000, -7.000000, -0.061546),
            (-8.500000, -7.000000, -0.091514),
            (-8.000000, -7.000000, -0.116011),
            (-7.500000, -7.000000, -0.133508),
            (-7.000000, -7.000000, -0.142933),
            (-6.500000, -7.000000, -0.143738),
            (-6.000000, -7.000000, -0.135931),
            (-5.500000, -7.000000, -0.120075),
            (-5.000000, -7.000000, -0.097254),
            (-4.500000, -7.000000, -0.068996),
            (-4.000000, -7.000000, -0.037178),
            (-3.500000, -7.000000, -0.003898),
            (-3.000000, -7.000000, 0.028657),
            (-2.500000, -7.000000, 0.058359),
            (-2.000000, -7.000000, 0.083273),
            (-1.500000, -7.000000, 0.101783),
            (-1.000000, -7.000000, 0.112702),
            (-0.500000, -7.000000, 0.115340),
            (0.000000, -7.000000, 0.109556),
            (0.500000, -7.000000, 0.095761),
            (1.000000, -7.000000, 0.074894),
            (1.500000, -7.000000, 0.048356),
            (2.000000, -7.000000, 0.017921),
            (2.500000, -7.000000, -0.014382),
            (3.000000, -7.000000, -0.046400),
            (3.500000, -7.000000, -0.075999),
            (4.000000, -7.000000, -0.101201),
            (4.500000, -7.000000, -0.120317),
            (5.000000, -7.000000, -0.132048),
            (5.500000, -7.000000, -0.135581),
            (6.000000, -7.000000, -0.130631),
            (6.500000, -7.000000, -0.117466),
            (7.000000, -7.000000, -0.096886),
            (7.500000, -7.000000, -0.070171),
            (8.000000, -7.000000, -0.038998),
            (8.500000, -7.000000, -0.005329),
            (9.000000, -7.000000, 0.028712),
            (9.500000, -7.000000, 0.060982),
            (10.000000, -7.000000, 0.089455),
            (10.500000, -7.000000, 0.112356),
            (11.000000, -7.000000, 0.128270),
            (11.500000, -7.000000, 0.136242),
            (12.000000, -7.000000, 0.135831),
            (-12.000000, -6.500000, 0.110947),
            (-11.500000, -6.500000, 0.089840),
            (-11.000000, -6.500000, 0.062583),
            (-10.500000, -6.500000, 0.030892),
            (-10.000000, -6.500000, -0.003229),
            (-9.500000, -6.500000, -0.037617),
            (-9.000000, -6.500000, -0.070094),
            (-8.500000, -6.500000, -0.098603),
            (-8.000000, -6.500000, -0.121348),
            (-7.500000, -6.500000, -0.136904),
            (-7.000000, -6.500000, -0.144314),
            (-6.500000, -6.500000, -0.143147),
            (-6.000000, -6.500000, -0.133525),
            (-5.500000, -6.500000, -0.116116),
            (-5.000000, -6.500000, -0.092090),
            (-4.500000, -6.500000, -0.063037),
            (-4.000000, -6.500000, -0.030869),
            (-3.500000, -6.500000, 0.002310),
            (-3.000000, -6.500000, 0.034339),
            (-2.500000, -6.500000, 0.063140),
            (-2.000000, -6.500000, 0.086855),
            (-1.500000, -6.500000, 0.103966),
            (-1.000000, -6.500000, 0.113393),
            (-0.500000, -6.500000, 0.114563),
            (0.000000, -6.500000, 0.107446),
            (0.500000, -6.500000, 0.092557),
            (1.000000, -6.500000, 0.070923),
            (1.500000, -6.500000, 0.044009),
            (2.000000, -6.500000, 0.013627),
            (2.500000, -6.500000, -0.018182),
            (3.000000, -6.500000, -0.049288),
            (3.500000, -6.500000, -0.077605),
            (4.000000, -6.500000, -0.101230),
            (4.500000, -6.500000, -0.118566),
            (5.000000, -6.500000, -0.128427),
            (5.500000, -6.500000, -0.130112),
            (6.000000, -6.500000, -0.123455),
            (6.500000, -6.500000, -0.108831),
            (7.000000, -6.500000, -0.087133),
            (7.500000, -6.500000, -0.059714),
            (8.000000, -6.500000, -0.028295),
            (8.500000, -6.500000, 0.005141),
            (9.000000, -6.500000, 0.038485),
            (9.500000, -6.500000, 0.069635),
            (10.000000, -6.500000, 0.096634),
            (10.500000, -6.500000, 0.117794),
            (11.000000, -6.500000, 0.131809),
            (11.500000, -6.500000, 0.137839),
            (12.000000, -6.500000, 0.135558),
            (-12.000000, -6.000000, 0.102639),
            (-11.500000, -6.000000, 0.080539),
            (-11.000000, -6.000000, 0.052699),
            (-10.500000, -6.000000, 0.020881),
            (-10.000000, -6.000000, -0.012892),
            (-9.500000, -6.000000, -0.046470),
            (-9.000000, -6.000000, -0.077715),
            (-8.500000, -6.000000, -0.104640),
            (-8.000000, -6.000000, -0.125537),
            (-7.500000, -6.000000, -0.139089),
            (-7.000000, -6.000000, -0.144455),
            (-6.500000, -6.000000, -0.141320),
            (-6.000000, -6.000000, -0.129922),
            (-5.500000, -6.000000, -0.111026),
            (-5.000000, -6.000000, -0.085882),
            (-4.500000, -6.000000, -0.056138),
            (-4.000000, -6.000000, -0.023731),
            (-3.500000, -6.000000, 0.009236),
            (-3.000000, -6.000000, 0.040633),
            (-2.500000, -6.000000, 0.068442),
            (-2.000000, -6.000000, 0.090886),
            (-1.500000, -6.000000, 0.106548),
            (-1.000000, -6.000000, 0.114458),
            (-0.500000, -6.000000, 0.114159),
            (0.000000, -6.000000, 0.105731),
            (0.500000, -6.000000, 0.089791),
            (1.000000, -6.000000, 0.067445),
            (1.500000, -6.000000, 0.040218),
            (2.000000, -6.000000, 0.009955),
            (2.500000, -6.000000, -0.021304),
            (3.000000, -6.000000, -0.051454),
            (3.500000, -6.000000, -0.078466),
            (4.000000, -6.000000, -0.100515),
            (4.500000, -6.000000, -0.116102),
            (5.000000, -6.000000, -0.124153),
            (5.500000, -6.000000, -0.124085),
            (6.000000, -6.000000, -0.115843),
            (6.500000, -6.000000, -0.099907),
            (7.000000, -6.000000, -0.077259),
            (7.500000, -6.000000, -0.049315),
            (8.000000, -6.000000, -0.017838),
            (8.500000, -6.000000, 0.015184),
            (9.000000, -6.000000, 0.047659),
            (9.500000, -6.000000, 0.077535),
            (10.000000, -6.000000, 0.102929),
            (10.500000, -6.000000, 0.122249),
            (11.000000, -6.000000, 0.134298),
            (11.500000, -6.000000, 0.138351),
            (12.000000, -6.000000, 0.134200),
            (-12.000000, -5.500000, 0.094476),
            (-11.500000, -5.500000, 0.071540),
            (-11.000000, -5.500000, 0.043284),
            (-10.500000, -5.500000, 0.011509),
            (-10.000000, -5.500000, -0.021752),
            (-9.500000, -5.500000, -0.054368),
            (-9.000000, -5.500000, -0.084250),
            (-8.500000, -5.500000, -0.109484),
            (-8.000000, -5.500000, -0.128459),
            (-7.500000, -5.500000, -0.139966),
            (-7.000000, -5.500000, -0.143281),
            (-6.500000, -5.500000, -0.138208),
            (-6.000000, -5.500000, -0.125092),
            (-5.500000, -5.500000, -0.104796),
            (-5.000000, -5.500000, -0.078643),
            (-4.500000, -5.500000, -0.048327),
            (-4.000000, -5.500000, -0.015809),
            (-3.500000, -5.500000, 0.016820),
            (-3.000000, -5.500000, 0.047468),
            (-2.500000, -5.500000, 0.074183),
            (-2.000000, -5.500000, 0.095275),
            (-1.500000, -5.500000, 0.109430),
            (-1.000000, -5.500000, 0.115791),
            (-0.500000, -5.500000, 0.114016),
            (0.000000, -5.500000, 0.104294),
            (0.500000, -5.500000, 0.087336),
            (1.000000, -5.500000, 0.064327),
            (1.500000, -5.500000, 0.036843),
            (2.000000, -5.500000, 0.006752),
            (2.500000, -5.500000, -0.023909),
            (3.000000, -5.500000, -0.053071),
            (3.500000, -5.500000, -0.078765),
            (4.000000, -5.500000, -0.099251),
            (4.500000, -5.500000, -0.113133),
            (5.000000, -5.500000, -0.119447),
            (5.500000, -5.500000, -0.117726),
            (6.000000, -5.500000, -0.108028),
            (6.500000, -5.500000, -0.090933),
            (7.000000, -5.500000, -0.067503),
            (7.500000, -5.500000, -0.039214),
            (8.000000, -5.500000, -0.007857),
            (8.500000, -5.500000, 0.024574),
            (9.000000, -5.500000, 0.056020),
            (9.500000, -5.500000, 0.084483),
            (10.000000, -5.500000, 0.108160),
            (10.500000, -5.500000, 0.125558),
            (11.000000, -5.500000, 0.135593),
            (11.500000, -5.500000, 0.137656),
            (12.000000, -5.500000, 0.131654),
            (-12.000000, -5.000000, 0.086656),
            (-11.500000, -5.000000, 0.063033),
            (-11.000000, -5.000000, 0.034518),
            (-10.500000, -5.000000, 0.002943),
            (-10.000000, -5.000000, -0.029655),
            (-9.500000, -5.000000, -0.061174),
            (-9.000000, -5.000000, -0.089580),
            (-8.500000, -5.000000, -0.113040),
            (-8.000000, -5.000000, -0.130040),
            (-7.500000, -5.000000, -0.139485),
            (-7.000000, -5.000000, -0.140769),
            (-6.500000, -5.000000, -0.133810),
            (-6.000000, -5.000000, -0.119060),
            (-5.500000, -5.000000, -0.097472),
            (-5.000000, -5.000000, -0.070435),
            (-4.500000, -5.000000, -0.039688),
            (-4.000000, -5.000000, -0.007201),
            (-3.500000, -5.000000, 0.024952),
            (-3.000000, -5.000000, 0.054724),
            (-2.500000, -5.000000, 0.080234),
            (-2.000000, -5.000000, 0.099886),
            (-1.500000, -5.000000, 0.112472),
            (-1.000000, -5.000000, 0.117248),
            (-0.500000, -5.000000, 0.113985),
            (0.000000, -5.000000, 0.102981),
            (0.500000, -5.000000, 0.085036),
            (1.000000, -5.000000, 0.061407),
            (1.500000, -5.000000, 0.033714),
            (2.000000, -5.000000, 0.003845),
            (2.500000, -5.000000, -0.026179),
            (3.000000, -5.000000, -0.054328),
            (3.500000, -5.000000, -0.078700),
            (4.000000, -5.000000, -0.097645),
            (4.500000, -5.000000, -0.109871),
            (5.000000, -5.000000, -0.114527),
            (5.500000, -5.000000, -0.111260),
            (6.000000, -5.000000, -0.100238),
            (6.500000, -5.000000, -0.082135),
            (7.000000, -5.000000, -0.058088),
            (7.500000, -5.000000, -0.029626),
            (8.000000, -5.000000, 0.001438),
            (8.500000, -5.000000, 0.033119),
            (9.000000, -5.000000, 0.063390),
            (9.500000, -5.000000, 0.090317),
            (10.000000, -5.000000, 0.112184),
            (10.500000, -5.000000, 0.127600),
            (11.000000, -5.000000, 0.135595),
            (11.500000, -5.000000, 0.135677),
            (12.000000, -5.000000, 0.127866),
            (-12.000000, -4.500000, 0.079340),
            (-11.500000, -4.500000, 0.055170),
            (-11.000000, -4.500000, 0.026541),
            (-10.500000, -4.500000, -0.004690),
            (-10.000000, -4.500000, -0.036493),
            (-9.500000, -4.500000, -0.066800),
            (-9.000000, -4.500000, -0.093640),
            (-8.500000, -4.500000, -0.115264),
            (-8.000000, -4.500000, -0.130263),
            (-7.500000, -4.500000, -0.137654),
            (-7.000000, -4.500000, -0.136948),
            (-6.500000, -4.500000, -0.128179),
            (-6.000000, -4.500000, -0.111900),
            (-5.500000, -4.500000, -0.089148),
            (-5.000000, -4.500000, -0.061374),
            (-4.500000, -4.500000, -0.030349),
            (-4.000000, -4.500000, 0.001953),
            (-3.500000, -4.500000, 0.033479),
            (-3.000000, -4.500000, 0.062240),
            (-2.500000, -4.500000, 0.086431),
            (-2.000000, -4.500000, 0.104551),
            (-1.500000, -4.500000, 0.115502),
            (-1.000000, -4.500000, 0.118654),
            (-0.500000, -4.500000, 0.113893),
            (0.000000, -4.500000, 0.101616),
            (0.500000, -4.500000, 0.082714),
            (1.000000, -4.500000, 0.058505),
            (1.500000, -4.500000, 0.030651),
            (2.000000, -4.500000, 0.001048),
            (2.500000, -4.500000, -0.028303),
            (3.000000, -4.500000, -0.055418),
            (3.500000, -4.500000, -0.078470),
            (4.000000, -4.500000, -0.095900),
            (4.500000, -4.500000, -0.106522),
            (5.000000, -4.500000, -0.109600),
            (5.500000, -4.500000, -0.104895),
            (6.000000, -4.500000, -0.092678),
            (6.500000, -4.500000, -0.073714),
            (7.000000, -4.500000, -0.049211),
            (7.500000, -4.500000, -0.020737),
            (8.000000, -4.500000, 0.009876),
            (8.500000, -4.500000, 0.040658),
            (9.000000, -4.500000, 0.069627),
            (9.500000, -4.500000, 0.094918),
            (10.000000, -4.500000, 0.114904),
            (10.500000, -4.500000, 0.128301),
            (11.000000, -4.500000, 0.134255),
            (11.500000, -4.500000, 0.132389),
            (12.000000, -4.500000, 0.122834),
            (-12.000000, -4.000000, 0.072649),
            (-11.500000, -4.000000, 0.048060),
            (-11.000000, -4.000000, 0.019448),
            (-10.500000, -4.000000, -0.011313),
            (-10.000000, -4.000000, -0.042208),
            (-9.500000, -4.000000, -0.071210),
            (-9.000000, -4.000000, -0.096415),
            (-8.500000, -4.000000, -0.116167),
            (-8.000000, -4.000000, -0.129161),
            (-7.500000, -4.000000, -0.134530),
            (-7.000000, -4.000000, -0.131901),
            (-6.500000, -4.000000, -0.121420),
            (-6.000000, -4.000000, -0.103737),
            (-5.500000, -4.000000, -0.079968),
            (-5.000000, -4.000000, -0.051617),
            (-4.500000, -4.000000, -0.020481),
            (-4.000000, -4.000000, 0.011468),
            (-3.500000, -4.000000, 0.042214),
            (-3.000000, -4.000000, 0.069824),
            (-2.500000, -4.000000, 0.092577),
            (-2.000000, -4.000000, 0.109072),
            (-1.500000, -4.000000, 0.118323),
            (-1.000000, -4.000000, 0.119817),
            (-0.500000, -4.000000, 0.113546),
            (0.000000, -4.000000, 0.100011),
            (0.500000, -4.000000, 0.080182),
            (1.000000, -4.000000, 0.055437),
            (1.500000, -4.000000, 0.027469),
            (2.000000, -4.000000, -0.001824),
            (2.500000, -4.000000, -0.030465),
            (3.000000, -4.000000, -0.056528),
            (3.500000, -4.000000, -0.078261),
            (4.000000, -4.000000, -0.094202),
            (4.500000, -4.000000, -0.103273),
            (5.000000, -4.000000, -0.104854),
            (5.500000, -4.000000, -0.098814),
            (6.000000, -4.000000, -0.085527),
            (6.500000, -4.000000, -0.065842),
            (7.000000, -4.000000, -0.041029),
            (7.500000, -4.000000, -0.012695),
            (8.000000, -4.000000, 0.017325),
            (8.500000, -4.000000, 0.047080),
            (9.000000, -4.000000, 0.074641),
            (9.500000, -4.000000, 0.098216),
            (10.000000, -4.000000, 0.116274),
            (10.500000, -4.000000, 0.127640),
            (11.000000, -4.000000, 0.131576),
            (11.500000, -4.000000, 0.127820),
            (12.000000, -4.000000, 0.116609),
            (-12.000000, -3.500000, 0.066656),
            (-11.500000, -3.500000, 0.041761),
            (-11.000000, -3.500000, 0.013281),
            (-10.500000, -3.500000, -0.016903),
            (-10.000000, -3.500000, -0.046795),
            (-9.500000, -3.500000, -0.074419),
            (-9.000000, -3.500000, -0.097945),
            (-8.500000, -3.500000, -0.115810),
            (-8.000000, -3.500000, -0.126819),
            (-7.500000, -3.500000, -0.130221),
            (-7.000000, -3.500000, -0.125759),
            (-6.500000, -3.500000, -0.113684),
            (-6.000000, -3.500000, -0.094741),
            (-5.500000, -3.500000, -0.070116),
            (-5.000000, -3.500000, -0.041361),
            (-4.500000, -3.500000, -0.010291),
            (-4.000000, -3.500000, 0.021135),
            (-3.500000, -3.500000, 0.050940),
            (-3.000000, -3.500000, 0.077258),
            (-2.500000, -3.500000, 0.098456),
            (-2.000000, -3.500000, 0.113238),
            (-1.500000, -3.500000, 0.120730),
            (-1.000000, -3.500000, 0.120533),
            (-0.500000, -3.500000, 0.112750),
            (0.000000, -3.500000, 0.097975),
            (0.500000, -3.500000, 0.077257),
            (1.000000, -3.500000, 0.052023),
            (1.500000, -3.500000, 0.023994),
            (2.000000, -3.500000, -0.004940),
            (2.500000, -3.500000, -0.032835),
            (3.000000, -3.500000, -0.057823),
            (3.500000, -3.500000, -0.078236),
            (4.000000, -3.500000, -0.092711),
            (4.500000, -3.500000, -0.100283),
            (5.000000, -3.500000, -0.100440),
            (5.500000, -3.500000, -0.093163),
            (6.000000, -3.500000, -0.078922),
            (6.500000, -3.500000, -0.058646),
            (7.000000, -3.500000, -0.033660),
            (7.500000, -3.500000, -0.005598),
            (8.000000, -3.500000, 0.023702),
            (8.500000, -3.500000, 0.052324),
            (9.000000, -3.500000, 0.078391),
            (9.500000, -3.500000, 0.100194),
            (10.000000, -3.500000, 0.116302),
            (10.500000, -3.500000, 0.125649),
            (11.000000, -3.500000, 0.127614),
            (11.500000, -3.500000, 0.122047),
            (12.000000, -3.500000, 0.109290),
            (-12.000000, -3.000000, 0.061381),
            (-11.500000, -3.000000, 0.036282),
            (-11.000000, -3.000000, 0.008032),
            (-10.500000, -3.000000, -0.021483),
            (-10.000000, -3.000000, -0.050299),
            (-9.500000, -3.000000, -0.076493),
            (-9.000000, -3.000000, -0.098317),
            (-8.500000, -3.000000, -0.114304),
            (-8.000000, -3.000000, -0.123370),
            (-7.500000, -3.000000, -0.124881),
            (-7.000000, -3.000000, -0.118691),
            (-6.500000, -3.000000, -0.105159),
            (-6.000000, -3.000000, -0.085113),
            (-5.500000, -3.000000, -0.059807),
            (-5.000000, -3.000000, -0.030830),
            (-4.500000, -3.000000, -0.000008),
            (-4.000000, -3.000000, 0.030720),
            (-3.500000, -3.000000, 0.059424),
            (-3.000000, -3.000000, 0.084313),
            (-2.500000, -3.000000, 0.103846),
            (-2.000000, -3.000000, 0.116833),
            (-1.500000, -3.000000, 0.122515),
            (-1.000000, -3.000000, 0.120607),
            (-0.500000, -3.000000, 0.111317),
            (0.000000, -3.000000, 0.095331),
            (0.500000, -3.000000, 0.073769),
            (1.000000, -3.000000, 0.048103),
            (1.500000, -3.000000, 0.020070),
            (2.000000, -3.000000, -0.008449),
            (2.500000, -3.000000, -0.035553),
            (3.000000, -3.000000, -0.059439),
            (3.500000, -3.000000, -0.078527),
            (4.000000, -3.000000, -0.091555),
            (4.500000, -3.000000, -0.097669),
            (5.000000, -3.000000, -0.096471),
            (5.500000, -3.000000, -0.088046),
            (6.000000, -3.000000, -0.072958),
            (6.500000, -3.000000, -0.052208),
            (7.000000, -3.000000, -0.027169),
            (7.500000, -3.000000, 0.000503),
            (8.000000, -3.000000, 0.028979),
            (8.500000, -3.000000, 0.056379),
            (9.000000, -3.000000, 0.080891),
            (9.500000, -3.000000, 0.100890),
            (10.000000, -3.000000, 0.115047),
            (10.500000, -3.000000, 0.122412),
            (11.000000, -3.000000, 0.122475),
            (11.500000, -3.000000, 0.115201),
            (12.000000, -3.000000, 0.101027),
            (-12.000000, -2.500000, 0.056799),
            (-11.500000, -2.500000, 0.031580),
            (-11.000000, -2.500000, 0.003645),
            (-10.500000, -2.500000, -0.025131),
            (-10.000000, -2.500000, -0.052814),
            (-9.500000, -2.500000, -0.077547),
            (-9.000000, -2.500000, -0.097663),
            (-8.500000, -2.500000, -0.111800),
            (-8.000000, -2.500000, -0.118984),
            (-7.500000, -2.500000, -0.118697),
            (-7.000000, -2.500000, -0.110905),
            (-6.500000, -2.500000, -0.096063),
            (-6.000000, -2.500000, -0.075084),
            (-5.500000, -2.500000, -0.049278),
            (-5.000000, -2.500000, -0.020267),
            (-4.500000, -2.500000, 0.010124),
            (-4.000000, -2.500000, 0.039982),
            (-3.500000, -2.500000, 0.067433),
            (-3.000000, -2.500000, 0.090762),
            (-2.500000, -2.500000, 0.108528),
            (-2.000000, -2.500000, 0.119650),
            (-1.500000, -2.500000, 0.123483),
            (-1.000000, -2.500000, 0.119855),
            (-0.500000, -2.500000, 0.109078),
            (0.000000, -2.500000, 0.091923),
            (0.500000, -2.500000, 0.069574),
            (1.000000, -2.500000, 0.043544),
            (1.500000, -2.500000, 0.015578),
            (2.000000, -2.500000, -0.012464),
            (2.500000, -2.500000, -0.038724),
            (3.000000, -2.500000, -0.061474),
            (3.500000, -2.500000, -0.079223),
            (4.000000, -2.500000, -0.090816),
            (4.500000, -2.500000, -0.095508),
            (5.000000, -2.500000, -0.093013),
            (5.500000, -2.500000, -0.083520),
            (6.000000, -2.500000, -0.067679),
            (6.500000, -2.500000, -0.046558),
            (7.000000, -2.500000, -0.021572),
            (7.500000, -2.500000, 0.005610),
            (8.000000, -2.500000, 0.033176),
            (8.500000, -2.500000, 0.059288),
            (9.000000, -2.500000, 0.082204),
            (9.500000, -2.500000, 0.100389),
            (10.000000, -2.500000, 0.112620),
            (10.500000, -2.500000, 0.118060),
            (11.000000, -2.500000, 0.116313),
            (11.500000, -2.500000, 0.107451),
            (12.000000, -2.500000, 0.092007),
            (-12.000000, -2.000000, 0.052834),
            (-11.500000, -2.000000, 0.027569),
            (-11.000000, -2.000000, 0.000016),
            (-10.500000, -2.000000, -0.027961),
            (-10.000000, -2.000000, -0.054474),
            (-9.500000, -2.000000, -0.077730),
            (-9.000000, -2.000000, -0.096153),
            (-8.500000, -2.000000, -0.108484),
            (-8.000000, -2.000000, -0.113863),
            (-7.500000, -2.000000, -0.111885),
            (-7.000000, -2.000000, -0.102625),
            (-6.500000, -2.000000, -0.086633),
            (-6.000000, -2.000000, -0.064896),
            (-5.500000, -2.000000, -0.038775),
            (-5.000000, -2.000000, -0.009915),
            (-4.500000, -2.000000, 0.019865),
            (-4.000000, -2.000000, 0.048686),
            (-3.500000, -2.000000, 0.074738),
            (-3.000000, -2.000000, 0.096390),
            (-2.500000, -2.000000, 0.112300),
            (-2.000000, -2.000000, 0.121502),
            (-1.500000, -2.000000, 0.123464),
            (-1.000000, -2.000000, 0.118125),
            (-0.500000, -2.000000, 0.105895),
            (0.000000, -2.000000, 0.087629),
            (0.500000, -2.000000, 0.064566),
            (1.000000, -2.000000, 0.038252),
            (1.500000, -2.000000, 0.010433),
            (2.000000, -2.000000, -0.017055),
            (2.500000, -2.000000, -0.042411),
            (3.000000, -2.000000, -0.063980),
            (3.500000, -2.000000, -0.080369),
            (4.000000, -2.000000, -0.090528),
            (4.500000, -2.000000, -0.093826),
            (5.000000, -2.000000, -0.090085),
            (5.500000, -2.000000, -0.079591),
            (6.000000, -2.000000, -0.063079),
            (6.500000, -2.000000, -0.041676),
            (7.000000, -2.000000, -0.016833),
            (7.500000, -2.000000, 0.009777),
            (8.000000, -2.000000, 0.036364),
            (8.500000, -2.000000, 0.061142),
            (9.000000, -2.000000, 0.082441),
            (9.500000, -2.000000, 0.098824),
            (10.000000, -2.000000, 0.109172),
            (10.500000, -2.000000, 0.112763),
            (11.000000, -2.000000, 0.109314),
            (11.500000, -2.000000, 0.099002),
            (12.000000, -2.000000, 0.082448),
            (-12.000000, -1.500000, 0.049372),
            (-11.500000, -1.500000, 0.024121),
            (-11.000000, -1.500000, -0.002993),
            (-10.500000, -1.500000, -0.030128),
            (-10.000000, -1.500000, -0.055444),
            (-9.500000, -1.500000, -0.077222),
            (-9.000000, -1.500000, -0.093978),
            (-8.500000, -1.500000, -0.104561),
            (-8.000000, -1.500000, -0.108224),
            (-7.500000, -1.500000, -0.104673),
            (-7.000000, -1.500000, -0.094089),
            (-6.500000, -1.500000, -0.077110),
            (-6.000000, -1.500000, -0.054793),
            (-5.500000, -1.500000, -0.028542),
            (-5.000000, -1.500000, -0.000015),
            (-4.500000, -1.500000, 0.028981),
            (-4.000000, -1.500000, 0.056612),
            (-3.500000, -1.500000, 0.081133),
            (-3.000000, -1.500000, 0.101005),
            (-2.500000, -1.500000, 0.114990),
            (-2.000000, -1.500000, 0.122234),
            (-1.500000, -1.500000, 0.122321),
            (-1.000000, -1.500000, 0.115298),
            (-0.500000, -1.500000, 0.101670),
            (0.000000, -1.500000, 0.082366),
            (0.500000, -1.500000, 0.058679),
            (1.000000, -1.500000, 0.032176),
            (1.500000, -1.500000, 0.004600),
            (2.000000, -1.500000, -0.022248),
            (2.500000, -1.500000, -0.046626),
            (3.000000, -1.500000, -0.066962),
            (3.500000, -1.500000, -0.081960),
            (4.000000, -1.500000, -0.090680),
            (4.500000, -1.500000, -0.092601),
            (5.000000, -1.500000, -0.087652),
            (5.500000, -1.500000, -0.076216),
            (6.000000, -1.500000, -0.059104),
            (6.500000, -1.500000, -0.037496),
            (7.000000, -1.500000, -0.012870),
            (7.500000, -1.500000, 0.013101),
            (8.000000, -1.500000, 0.038659),
            (8.500000, -1.500000, 0.062072),
            (9.000000, -1.500000, 0.081754),
            (9.500000, -1.500000, 0.096362),
            (10.000000, -1.500000, 0.104889),
            (10.500000, -1.500000, 0.106724),
            (11.000000, -1.500000, 0.101697),
            (11.500000, -1.500000, 0.090082),
            (12.000000, -1.500000, 0.072586),
            (-12.000000, -1.000000, 0.046263),
            (-11.500000, -1.000000, 0.021080),
            (-11.000000, -1.000000, -0.005548),
            (-10.500000, -1.000000, -0.031807),
            (-10.000000, -1.000000, -0.055912),
            (-9.500000, -1.000000, -0.076221),
            (-9.000000, -1.000000, -0.091349),
            (-8.500000, -1.000000, -0.100251),
            (-8.000000, -1.000000, -0.102293),
            (-7.500000, -1.000000, -0.097293),
            (-7.000000, -1.000000, -0.085532),
            (-6.500000, -1.000000, -0.067731),
            (-6.000000, -1.000000, -0.045009),
            (-5.500000, -1.000000, -0.018805),
            (-5.000000, -1.000000, 0.009215),
            (-4.500000, -1.000000, 0.037267),
            (-4.000000, -1.000000, 0.063566),
            (-3.500000, -1.000000, 0.086442),
            (-3.000000, -1.000000, 0.104450),
            (-2.500000, -1.000000, 0.116459),
            (-2.000000, -1.000000, 0.121731),
            (-1.500000, -1.000000, 0.119961),
            (-1.000000, -1.000000, 0.111302),
            (-0.500000, -1.000000, 0.096349),
            (0.000000, -1.000000, 0.076102),
            (0.500000, -1.000000, 0.051896),
            (1.000000, -1.000000, 0.025316),
            (1.500000, -1.000000, -0.001909),
            (2.000000, -1.000000, -0.028018),
            (2.500000, -1.000000, -0.051335),
            (3.000000, -1.000000, -0.070374),
            (3.500000, -1.000000, -0.083942),
            (4.000000, -1.000000, -0.091208),
            (4.500000, -1.000000, -0.091762),
            (5.000000, -1.000000, -0.085637),
            (5.500000, -1.000000, -0.073308),
            (6.000000, -1.000000, -0.055654),
            (6.500000, -1.000000, -0.033907),
            (7.000000, -1.000000, -0.009561),
            (7.500000, -1.000000, 0.015718),
            (8.000000, -1.000000, 0.040210),
            (8.500000, -1.000000, 0.062245),
            (9.000000, -1.000000, 0.080322),
            (9.500000, -1.000000, 0.093200),
            (10.000000, -1.000000, 0.099980),
            (10.500000, -1.000000, 0.100165),
            (11.000000, -1.000000, 0.093692),
            (11.500000, -1.000000, 0.080931),
            (12.000000, -1.000000, 0.062666),
            (-12.000000, -0.500000, 0.043335),
            (-11.500000, -0.500000, 0.018268),
            (-11.000000, -0.500000, -0.007834),
            (-10.500000, -0.500000, -0.033190),
            (-10.000000, -0.500000, -0.056075),
            (-9.500000, -0.500000, -0.074933),
            (-9.000000, -0.500000, -0.088476),
            (-8.500000, -0.500000, -0.095769),
            (-8.000000, -0.500000, -0.096291),
            (-7.500000, -0.500000, -0.089967),
            (-7.000000, -0.500000, -0.077174),
            (-6.500000, -0.500000, -0.058712),
            (-6.000000, -0.500000, -0.035754),
            (-5.500000, -0.500000, -0.009766),
            (-5.000000, -0.500000, 0.017586),
            (-4.500000, -0.500000, 0.044548),
            (-4.000000, -0.500000, 0.069393),
            (-3.500000, -0.500000, 0.090531),
            (-3.000000, -0.500000, 0.106612),
            (-2.500000, -0.500000, 0.116619),
            (-2.000000, -0.500000, 0.119925),
            (-1.500000, -0.500000, 0.116339),
            (-1.000000, -0.500000, 0.106114),
            (-0.500000, -0.500000, 0.089932),
            (0.000000, -0.500000, 0.068854),
            (0.500000, -0.500000, 0.044252),
            (1.000000, -0.500000, 0.017721),
            (1.500000, -0.500000, -0.009031),
            (2.000000, -0.500000, -0.034290),
            (2.500000, -0.500000, -0.056453),
            (3.000000, -0.500000, -0.074125),
            (3.500000, -0.500000, -0.086216),
            (4.000000, -0.500000, -0.092007),
            (4.500000, -0.500000, -0.091197),
            (5.000000, -0.500000, -0.083921),
            (5.500000, -0.500000, -0.070738),
            (6.000000, -0.500000, -0.052596),
            (6.500000, -0.500000, -0.030764),
            (7.000000, -0.500000, -0.006751),
            (7.500000, -0.500000, 0.017795),
            (8.000000, -0.500000, 0.041195),
            (8.500000, -0.500000, 0.061851),
            (9.000000, -0.500000, 0.078348),
            (9.500000, -0.500000, 0.089549),
            (10.000000, -0.500000, 0.094667),
            (10.500000, -0.500000, 0.093316),
            (11.000000, -0.500000, 0.085535),
            (11.500000, -0.500000, 0.071788),
            (12.000000, -0.500000, 0.052927),
            (-12.000000, 0.000000, 0.040406),
            (-11.500000, 0.000000, 0.015499),
            (-11.000000, 0.000000, -0.010037),
            (-10.500000, 0.000000, -0.034466),
            (-10.000000, 0.000000, -0.056128),
            (-9.500000, 0.000000, -0.073554),
            (-9.000000, 0.000000, -0.085558),
            (-8.500000, 0.000000, -0.091317),
            (-8.000000, 0.000000, -0.090419),
            (-7.500000, 0.000000, -0.082895),
            (-7.000000, 0.000000, -0.069212),
            (-6.500000, 0.000000, -0.050243),
            (-6.000000, 0.000000, -0.027207),
            (-5.500000, 0.000000, -0.001591),
            (-5.000000, 0.000000, 0.024948),
            (-4.500000, 0.000000, 0.050695),
            (-4.000000, 0.000000, 0.073984),
            (-3.500000, 0.000000, 0.093310),
            (-3.000000, 0.000000, 0.107428),
            (-2.500000, 0.000000, 0.115428),
            (-2.000000, 0.000000, 0.116800),
            (-1.500000, 0.000000, 0.111462),
            (-1.000000, 0.000000, 0.099765),
            (-0.500000, 0.000000, 0.082468),
            (0.000000, 0.000000, 0.060690),
            (0.500000, 0.000000, 0.035833),
            (1.000000, 0.000000, 0.009492),
            (1.500000, 0.000000, -0.016653),
            (2.000000, 0.000000, -0.040944),
            (2.500000, 0.000000, -0.061851),
            (3.000000, 0.000000, -0.078079),
            (3.500000, 0.000000, -0.088642),
            (4.000000, 0.000000, -0.092932),
            (4.500000, 0.000000, -0.090757),
            (5.000000, 0.000000, -0.082350),
            (5.500000, 0.000000, -0.068351),
            (6.000000, 0.000000, -0.049766),
            (6.500000, 0.000000, -0.027899),
            (7.000000, 0.000000, -0.004264),
            (7.500000, 0.000000, 0.019514),
            (8.000000, 0.000000, 0.041807),
            (8.500000, 0.000000, 0.061090),
            (9.000000, 0.000000, 0.076040),
            (9.500000, 0.000000, 0.085626),
            (10.000000, 0.000000, 0.089172),
            (10.500000, 0.000000, 0.086401),
            (11.000000, 0.000000, 0.077454),
            (11.500000, 0.000000, 0.062878),
            (12.000000, 0.000000, 0.043590),
            (-12.000000, 0.500000, 0.037293),
            (-11.500000, 0.500000, 0.012593),
            (-11.000000, 0.500000, -0.012341),
            (-10.500000, 0.500000, -0.035818),
            (-10.000000, 0.500000, -0.056252),
            (-9.500000, 0.500000, -0.072266),
            (-9.000000, 0.500000, -0.082778),
            (-8.500000, 0.500000, -0.087073),
            (-8.000000, 0.500000, -0.084852),
            (-7.500000, 0.500000, -0.076245),
            (-7.000000, 0.500000, -0.061806),
            (-6.500000, 0.500000, -0.042473),
            (-6.000000, 0.500000, -0.019504),
            (-5.500000, 0.500000, 0.005599),
            (-5.000000, 0.500000, 0.031200),
            (-4.500000, 0.500000, 0.055624),
            (-4.000000, 0.500000, 0.077277),
            (-3.500000, 0.500000, 0.094745),
            (-3.000000, 0.500000, 0.106884),
            (-2.500000, 0.500000, 0.112900),
            (-2.000000, 0.500000, 0.112394),
            (-1.500000, 0.500000, 0.105391),
            (-1.000000, 0.500000, 0.092334),
            (-0.500000, 0.500000, 0.074058),
            (0.000000, 0.500000, 0.051729),
            (0.500000, 0.500000, 0.026772),
            (1.000000, 0.500000, 0.000772),
            (1.500000, 0.500000, -0.024623),
            (2.000000, 0.500000, -0.047817),
            (2.500000, 0.500000, -0.067365),
            (3.000000, 0.500000, -0.082067),
            (3.500000, 0.500000, -0.091048),
            (4.000000, 0.500000, -0.093811),
            (4.500000, 0.500000, -0.090269),
            (5.000000, 0.500000, -0.080749),
            (5.500000, 0.500000, -0.065967),
            (6.000000, 0.500000, -0.046984),
            (6.500000, 0.500000, -0.025129),
            (7.000000, 0.500000, -0.001913),
            (7.500000, 0.500000, 0.021067),
            (8.000000, 0.500000, 0.042241),
            (8.500000, 0.500000, 0.060162),
            (9.000000, 0.500000, 0.073603),
            (9.500000, 0.500000, 0.081639),
            (10.000000, 0.500000, 0.083705),
            (10.500000, 0.500000, 0.079631),
            (11.000000, 0.500000, 0.069655),
            (11.500000, 0.500000, 0.054404),
            (12.000000, 0.500000, 0.034851),
            (-12.000000, 1.000000, 0.033823),
            (-11.500000, 1.000000, 0.009382),
            (-11.000000, 1.000000, -0.014905),
            (-10.500000, 1.000000, -0.037404),
            (-10.000000, 1.000000, -0.056603),
            (-9.500000, 1.000000, -0.071221),
            (-9.000000, 1.000000, -0.080281),
            (-8.500000, 1.000000, -0.083180),
            (-8.000000, 1.000000, -0.079726),
            (-7.500000, 1.000000, -0.070146),
            (-7.000000, 1.000000, -0.055074),
            (-6.500000, 1.000000, -0.035507),
            (-6.000000, 1.000000, -0.012736),
            (-5.500000, 1.000000, 0.011734),
            (-5.000000, 1.000000, 0.036288),
            (-4.500000, 1.000000, 0.059306),
            (-4.000000, 1.000000, 0.079267),
            (-3.500000, 1.000000, 0.094851),
            (-3.000000, 1.000000, 0.105023),
            (-2.500000, 1.000000, 0.109099),
            (-2.000000, 1.000000, 0.106794),
            (-1.500000, 1.000000, 0.098236),
            (-1.000000, 1.000000, 0.083954),
            (-0.500000, 1.000000, 0.064851),
            (0.000000, 1.000000, 0.042134),
            (0.500000, 1.000000, 0.017242),
            (1.000000, 1.000000, -0.008254),
            (1.500000, 1.000000, -0.032751),
            (2.000000, 1.000000, -0.054718),
            (2.500000, 1.000000, -0.072798),
            (3.000000, 1.000000, -0.085894),
            (3.500000, 1.000000, -0.093240),
            (4.000000, 1.000000, -0.094451),
            (4.500000, 1.000000, -0.089542),
            (5.000000, 1.000000, -0.078930),
            (5.500000, 1.000000, -0.063403),
            (6.000000, 1.000000, -0.044066),
            (6.500000, 1.000000, -0.022269),
            (7.000000, 1.000000, 0.000486),
            (7.500000, 1.000000, 0.022641),
            (8.000000, 1.000000, 0.042684),
            (8.500000, 1.000000, 0.059255),
            (9.000000, 1.000000, 0.071224),
            (9.500000, 1.000000, 0.077775),
            (10.000000, 1.000000, 0.078451),
            (10.500000, 1.000000, 0.073188),
            (11.000000, 1.000000, 0.062315),
            (11.500000, 1.000000, 0.046533),
            (12.000000, 1.000000, 0.026865),
            (-12.000000, 1.500000, 0.029851),
            (-11.500000, 1.500000, 0.005728),
            (-11.000000, 1.500000, -0.017865),
            (-10.500000, 1.500000, -0.039350),
            (-10.000000, 1.500000, -0.057302),
            (-9.500000, 1.500000, -0.070534),
            (-9.000000, 1.500000, -0.078178),
            (-8.500000, 1.500000, -0.079740),
            (-8.000000, 1.500000, -0.075134),
            (-7.500000, 1.500000, -0.064679),
            (-7.000000, 1.500000, -0.049085),
            (-6.500000, 1.500000, -0.029400),
            (-6.000000, 1.500000, -0.006941),
            (-5.500000, 1.500000, 0.016792),
            (-5.000000, 1.500000, 0.040214),
            (-4.500000, 1.500000, 0.061764),
            (-4.000000, 1.500000, 0.080000),
            (-3.500000, 1.500000, 0.093700),
            (-3.000000, 1.500000, 0.101937),
            (-2.500000, 1.500000, 0.104143),
            (-2.000000, 1.500000, 0.100139),
            (-1.500000, 1.500000, 0.090153),
            (-1.000000, 1.500000, 0.074797),
            (-0.500000, 1.500000, 0.055033),
            (0.000000, 1.500000, 0.032103),
            (0.500000, 1.500000, 0.007451),
            (1.000000, 1.500000, -0.017375),
            (1.500000, 1.500000, -0.040821),
            (2.000000, 1.500000, -0.061430),
            (2.500000, 1.500000, -0.077937),
            (3.000000, 1.500000, -0.089350),
            (3.500000, 1.500000, -0.095015),
            (4.000000, 1.500000, -0.094653),
            (4.500000, 1.500000, -0.088383),
            (5.000000, 1.500000, -0.076706),
            (5.500000, 1.500000, -0.060474),
            (6.000000, 1.500000, -0.040834),
            (6.500000, 1.500000, -0.019145),
            (7.000000, 1.500000, 0.003105),
            (7.500000, 1.500000, 0.024402),
            (8.000000, 1.500000, 0.043303),
            (8.500000, 1.500000, 0.058533),
            (9.000000, 1.500000, 0.069066),
            (9.500000, 1.500000, 0.074192),
            (10.000000, 1.500000, 0.073564),
            (10.500000, 1.500000, 0.067218),
            (11.000000, 1.500000, 0.055571),
            (11.500000, 1.500000, 0.039391),
            (12.000000, 1.500000, 0.019744),
            (-12.000000, 2.000000, 0.025262),
            (-11.500000, 2.000000, 0.001525),
            (-11.000000, 2.000000, -0.021314),
            (-10.500000, 2.000000, -0.041745),
            (-10.000000, 2.000000, -0.058427),
            (-9.500000, 2.000000, -0.070275),
            (-9.000000, 2.000000, -0.076530),
            (-8.500000, 2.000000, -0.076807),
            (-8.000000, 2.000000, -0.071120),
            (-7.500000, 2.000000, -0.059878),
            (-7.000000, 2.000000, -0.043859),
            (-6.500000, 2.000000, -0.024156),
            (-6.000000, 2.000000, -0.002105),
            (-5.500000, 2.000000, 0.020806),
            (-5.000000, 2.000000, 0.043030),
            (-4.500000, 2.000000, 0.063070),
            (-4.000000, 2.000000, 0.079569),
            (-3.500000, 2.000000, 0.091407),
            (-3.000000, 2.000000, 0.097766),
            (-2.500000, 2.000000, 0.098188),
            (-2.000000, 2.000000, 0.092605),
            (-1.500000, 2.000000, 0.081335),
            (-1.000000, 2.000000, 0.065071),
            (-0.500000, 2.000000, 0.044823),
            (0.000000, 2.000000, 0.021863),
            (0.500000, 2.000000, -0.002371),
            (1.000000, 2.000000, -0.026359),
            (1.500000, 2.000000, -0.048603),
            (2.000000, 2.000000, -0.067727),
            (2.500000, 2.000000, -0.082562),
            (3.000000, 2.000000, -0.092224),
            (3.500000, 2.000000, -0.096167),
            (4.000000, 2.000000, -0.094223),
            (4.500000, 2.000000, -0.086607),
            (5.000000, 2.000000, -0.073901),
            (5.500000, 2.000000, -0.057015),
            (6.000000, 2.000000, -0.037128),
            (6.500000, 2.000000, -0.015605),
            (7.000000, 2.000000, 0.006090),
            (7.500000, 2.000000, 0.026492),
            (8.000000, 2.000000, 0.044233),
            (8.500000, 2.000000, 0.058128),
            (9.000000, 2.000000, 0.067253),
            (9.500000, 2.000000, 0.071009),
            (10.000000, 2.000000, 0.069155),
            (10.500000, 2.000000, 0.061824),
            (11.000000, 2.000000, 0.049514),
            (11.500000, 2.000000, 0.033056),
            (12.000000, 2.000000, 0.013551),
            (-12.000000, 2.500000, 0.019983),
            (-11.500000, 2.500000, -0.003286),
            (-11.000000, 2.500000, -0.025303),
            (-10.500000, 2.500000, -0.044628),
            (-10.000000, 2.500000, -0.060011),
            (-9.500000, 2.500000, -0.070470),
            (-9.000000, 2.500000, -0.075354),
            (-8.500000, 2.500000, -0.074386),
            (-8.000000, 2.500000, -0.067678),
            (-7.500000, 2.500000, -0.055725),
            (-7.000000, 2.500000, -0.039365),
            (-6.500000, 2.500000, -0.019731),
            (-6.000000, 2.500000, 0.001833),
            (-5.500000, 2.500000, 0.023855),
            (-5.000000, 2.500000, 0.044834),
            (-4.500000, 2.500000, 0.063343),
            (-4.000000, 2.500000, 0.078114),
            (-3.500000, 2.500000, 0.088130),
            (-3.000000, 2.500000, 0.092685),
            (-2.500000, 2.500000, 0.091430),
            (-2.000000, 2.500000, 0.084401),
            (-1.500000, 2.500000, 0.072006),
            (-1.000000, 2.500000, 0.055006),
            (-0.500000, 2.500000, 0.034460),
            (0.000000, 2.500000, 0.011654),
            (0.500000, 2.500000, -0.011982),
            (1.000000, 2.500000, -0.034966),
            (1.500000, 2.500000, -0.055865),
            (2.000000, 2.500000, -0.073385),
            (2.500000, 2.500000, -0.086459),
            (3.000000, 2.500000, -0.094311),
            (3.500000, 2.500000, -0.096507),
            (4.000000, 2.500000, -0.092985),
            (4.500000, 2.500000, -0.084051),
            (5.000000, 2.500000, -0.070363),
            (5.500000, 2.500000, -0.052885),
            (6.000000, 2.500000, -0.032820),
            (6.500000, 2.500000, -0.011529),
            (7.000000, 2.500000, 0.009552),
            (7.500000, 2.500000, 0.029016),
            (8.000000, 2.500000, 0.045571),
            (8.500000, 2.500000, 0.058128),
            (9.000000, 2.500000, 0.065868),
            (9.500000, 2.500000, 0.068300),
            (10.000000, 2.500000, 0.065288),
            (10.500000, 2.500000, 0.057058),
            (11.000000, 2.500000, 0.044186),
            (11.500000, 2.500000, 0.027554),
            (12.000000, 2.500000, 0.008295),
            (-12.000000, 3.000000, 0.013990),
            (-11.500000, 3.000000, -0.008719),
            (-11.000000, 3.000000, -0.029834),
            (-10.500000, 3.000000, -0.047992),
            (-10.000000, 3.000000, -0.062036),
            (-9.500000, 3.000000, -0.071090),
            (-9.000000, 3.000000, -0.074613),
            (-8.500000, 3.000000, -0.072432),
            (-8.000000, 3.000000, -0.064755),
            (-7.500000, 3.000000, -0.052154),
            (-7.000000, 3.000000, -0.035526),
            (-6.500000, 3.000000, -0.016032),
            (-6.000000, 3.000000, 0.004979),
            (-5.500000, 3.000000, 0.026061),
            (-5.000000, 3.000000, 0.045766),
            (-4.500000, 3.000000, 0.062740),
            (-4.000000, 3.000000, 0.075809),
            (-3.500000, 3.000000, 0.084061),
            (-3.000000, 3.000000, 0.086900),
            (-2.500000, 3.000000, 0.084088),
            (-2.000000, 3.000000, 0.075757),
            (-1.500000, 3.000000, 0.062403),
            (-1.000000, 3.000000, 0.044848),
            (-0.500000, 3.000000, 0.024189),
            (0.000000, 3.000000, 0.001722),
            (0.500000, 3.000000, -0.021141),
            (1.000000, 3.000000, -0.042963),
            (1.500000, 3.000000, -0.062382),
            (2.000000, 3.000000, -0.078193),
            (2.500000, 3.000000, -0.089432),
            (3.000000, 3.000000, -0.095432),
            (3.500000, 3.000000, -0.095871),
            (4.000000, 3.000000, -0.090788),
            (4.500000, 3.000000, -0.080580),
            (5.000000, 3.000000, -0.065975),
            (5.500000, 3.000000, -0.047980),
            (6.000000, 3.000000, -0.027816),
            (6.500000, 3.000000, -0.006837),
            (7.000000, 3.000000, 0.013562),
            (7.500000, 3.000000, 0.032033),
            (8.000000, 3.000000, 0.047369),
            (8.500000, 3.000000, 0.058577),
            (9.000000, 3.000000, 0.064946),
            (9.500000, 3.000000, 0.066091),
            (10.000000, 3.000000, 0.061979),
            (10.500000, 3.000000, 0.052926),
            (11.000000, 3.000000, 0.039577),
            (11.500000, 3.000000, 0.022864),
            (12.000000, 3.000000, 0.003939),
            (-12.000000, 3.500000, 0.007307),
            (-11.500000, 3.500000, -0.014737),
            (-11.000000, 3.500000, -0.034859),
            (-10.500000, 3.500000, -0.051778),
            (-10.000000, 3.500000, -0.064437),
            (-9.500000, 3.500000, -0.072064),
            (-9.000000, 3.500000, -0.074227),
            (-8.500000, 3.500000, -0.070856),
            (-8.000000, 3.500000, -0.062252),
            (-7.500000, 3.500000, -0.049059),
            (-7.000000, 3.500000, -0.032223),
            (-6.500000, 3.500000, -0.012930),
            (-6.000000, 3.500000, 0.007476),
            (-5.500000, 3.500000, 0.027582),
            (-5.000000, 3.500000, 0.045997),
            (-4.500000, 3.500000, 0.061445),
            (-4.000000, 3.500000, 0.072852),
            (-3.500000, 3.500000, 0.079409),
            (-3.000000, 3.500000, 0.080634),
            (-2.500000, 3.500000, 0.076393),
            (-2.000000, 3.500000, 0.066914),
            (-1.500000, 3.500000, 0.052770),
            (-1.000000, 3.500000, 0.034841),
            (-0.500000, 3.500000, 0.014252),
            (0.000000, 3.500000, -0.007697),
            (0.500000, 3.500000, -0.029620),
            (1.000000, 3.500000, -0.050135),
            (1.500000, 3.500000, -0.067954),
            (2.000000, 3.500000, -0.081965),
            (2.500000, 3.500000, -0.091311),
            (3.000000, 3.500000, -0.095436),
            (3.500000, 3.500000, -0.094126),
            (4.000000, 3.500000, -0.087521),
            (4.500000, 3.500000, -0.076102),
            (5.000000, 3.500000, -0.060659),
            (5.500000, 3.500000, -0.042238),
            (6.000000, 3.500000, -0.022071),
            (6.500000, 3.500000, -0.001494),
            (7.000000, 3.500000, 0.018141),
            (7.500000, 3.500000, 0.035556),
            (8.000000, 3.500000, 0.049629),
            (8.500000, 3.500000, 0.059469),
            (9.000000, 3.500000, 0.064471),
            (9.500000, 3.500000, 0.064358),
            (10.000000, 3.500000, 0.059194),
            (10.500000, 3.500000, 0.049381),
            (11.000000, 3.500000, 0.035630),
            (11.500000, 3.500000, 0.018912),
            (12.000000, 3.500000, 0.000394),
            (-12.000000, 4.000000, 0.000009),
            (-11.500000, 4.000000, -0.021253),
            (-11.000000, 4.000000, -0.040282),
            (-10.500000, 4.000000, -0.055885),
            (-10.000000, 4.000000, -0.067103),
            (-9.500000, 4.000000, -0.073274),
            (-9.000000, 4.000000, -0.074072),
            (-8.500000, 4.000000, -0.069530),
            (-8.000000, 4.000000, -0.060034),
            (-7.500000, 4.000000, -0.046296),
            (-7.000000, 4.000000, -0.029306),
            (-6.500000, 4.000000, -0.010265),
            (-6.000000, 4.000000, 0.009495),
            (-5.500000, 4.000000, 0.028597),
            (-5.000000, 4.000000, 0.045716),
            (-4.500000, 4.000000, 0.059661),
            (-4.000000, 4.000000, 0.069454),
            (-3.500000, 4.000000, 0.074398),
            (-3.000000, 4.000000, 0.074116),
            (-2.500000, 4.000000, 0.068579),
            (-2.000000, 4.000000, 0.058106),
            (-1.500000, 4.000000, 0.043343),
            (-1.000000, 4.000000, 0.025217),
            (-0.500000, 4.000000, 0.004876),
            (0.000000, 4.000000, -0.016386),
            (0.500000, 4.000000, -0.037217),
            (1.000000, 4.000000, -0.056294),
            (1.500000, 4.000000, -0.072410),
            (2.000000, 4.000000, -0.084552),
            (2.500000, 4.000000, -0.091968),
            (3.000000, 4.000000, -0.094215),
            (3.500000, 4.000000, -0.091187),
            (4.000000, 4.000000, -0.083118),
            (4.500000, 4.000000, -0.070569),
            (5.000000, 4.000000, -0.054386),
            (5.500000, 4.000000, -0.035647),
            (6.000000, 4.000000, -0.015587),
            (6.500000, 4.000000, 0.004483),
            (7.000000, 4.000000, 0.023263),
            (7.500000, 4.000000, 0.039548),
            (8.000000, 4.000000, 0.052306),
            (8.500000, 4.000000, 0.060749),
            (9.000000, 4.000000, 0.064381),
            (9.500000, 4.000000, 0.063029),
            (10.000000, 4.000000, 0.056853),
            (10.500000, 4.000000, 0.046336),
            (11.000000, 4.000000, 0.032245),
            (11.500000, 4.000000, 0.015588),
            (12.000000, 4.000000, -0.002465),
            (-12.000000, 4.500000, -0.007782),
            (-11.500000, 4.500000, -0.028137),
            (-11.000000, 4.500000, -0.045965),
            (-10.500000, 4.500000, -0.060166),
            (-10.000000, 4.500000, -0.069885),
            (-9.500000, 4.500000, -0.074567),
            (-9.000000, 4.500000, -0.073994),
            (-8.500000, 4.500000, -0.068295),
            (-8.000000, 4.500000, -0.057938),
            (-7.500000, 4.500000, -0.043698),
            (-7.000000, 4.500000, -0.026601),
            (-6.500000, 4.500000, -0.007857),
            (-6.000000, 4.500000, 0.011219),
            (-5.500000, 4.500000, 0.029299),
            (-5.000000, 4.500000, 0.045125),
            (-4.500000, 4.500000, 0.057593),
            (-4.000000, 4.500000, 0.065830),
            (-3.500000, 4.500000, 0.069244),
            (-3.000000, 4.500000, 0.067566),
            (-2.500000, 4.500000, 0.060869),
            (-2.000000, 4.500000, 0.049556),
            (-1.500000, 4.500000, 0.034338),
            (-1.000000, 4.500000, 0.016185),
            (-0.500000, 4.500000, -0.003741),
            (0.000000, 4.500000, -0.024162),
            (0.500000, 4.500000, -0.043764),
            (1.000000, 4.500000, -0.061291),
            (1.500000, 4.500000, -0.075622),
            (2.000000, 4.500000, -0.085845),
            (2.500000, 4.500000, -0.091318),
            (3.000000, 4.500000, -0.091709),
            (3.500000, 4.500000, -0.087014),
            (4.000000, 4.500000, -0.077562),
            (4.500000, 4.500000, -0.063985),
            (5.000000, 4.500000, -0.047180),
            (5.500000, 4.500000, -0.028247),
            (6.000000, 4.500000, -0.008417),
            (6.500000, 4.500000, 0.011030),
            (7.000000, 4.500000, 0.028852),
            (7.500000, 4.500000, 0.043923),
            (8.000000, 4.500000, 0.055306),
            (8.500000, 4.500000, 0.062318),
            (9.000000, 4.500000, 0.064570),
            (9.500000, 4.500000, 0.061991),
            (10.000000, 4.500000, 0.054836),
            (10.500000, 4.500000, 0.043660),
            (11.000000, 4.500000, 0.029284),
            (11.500000, 4.500000, 0.012742),
            (12.000000, 4.500000, -0.004795),
            (-12.000000, 5.000000, -0.015904),
            (-11.500000, 5.000000, -0.035217),
            (-11.000000, 5.000000, -0.051733),
            (-10.500000, 5.000000, -0.064445),
            (-10.000000, 5.000000, -0.072604),
            (-9.500000, 5.000000, -0.075764),
            (-9.000000, 5.000000, -0.073810),
            (-8.500000, 5.000000, -0.066969),
            (-8.000000, 5.000000, -0.055783),
            (-7.500000, 5.000000, -0.041084),
            (-7.000000, 5.000000, -0.023926),
            (-6.500000, 5.000000, -0.005522),
            (-6.000000, 5.000000, 0.012840),
            (-5.500000, 5.000000, 0.029882),
            (-5.000000, 5.000000, 0.044420),
            (-4.500000, 5.000000, 0.055444),
            (-4.000000, 5.000000, 0.062182),
            (-3.500000, 5.000000, 0.064151),
            (-3.000000, 5.000000, 0.061189),
            (-2.500000, 5.000000, 0.053463),
            (-2.000000, 5.000000, 0.041457),
            (-1.500000, 5.000000, 0.025942),
            (-1.000000, 5.000000, 0.007920),
            (-0.500000, 5.000000, -0.011440),
            (0.000000, 5.000000, -0.030879),
            (0.500000, 5.000000, -0.049135),
            (1.000000, 5.000000, -0.065021),
            (1.500000, 5.000000, -0.077509),
            (2.000000, 5.000000, -0.085789),
            (2.500000, 5.000000, -0.089330),
            (3.000000, 5.000000, -0.087908),
            (3.500000, 5.000000, -0.081623),
            (4.000000, 5.000000, -0.070889),
            (4.500000, 5.000000, -0.056405),
            (5.000000, 5.000000, -0.039112),
            (5.500000, 5.000000, -0.020125),
            (6.000000, 5.000000, -0.000664),
            (6.500000, 5.000000, 0.018034),
            (7.000000, 5.000000, 0.034786),
            (7.500000, 5.000000, 0.048553),
            (8.000000, 5.000000, 0.058495),
            (8.500000, 5.000000, 0.064035),
            (9.000000, 5.000000, 0.064892),
            (9.500000, 5.000000, 0.061096),
            (10.000000, 5.000000, 0.052989),
            (10.500000, 5.000000, 0.041195),
            (11.000000, 5.000000, 0.026583),
            (11.500000, 5.000000, 0.010205),
            (12.000000, 5.000000, -0.006776),
            (-12.000000, 5.500000, -0.024158),
            (-11.500000, 5.500000, -0.042294),
            (-11.000000, 5.500000, -0.057384),
            (-10.500000, 5.500000, -0.068520),
            (-10.000000, 5.500000, -0.075061),
            (-9.500000, 5.500000, -0.076667),
            (-9.000000, 5.500000, -0.073330),
            (-8.500000, 5.500000, -0.065362),
            (-8.000000, 5.500000, -0.053382),
            (-7.500000, 5.500000, -0.038267),
            (-7.000000, 5.500000, -0.021096),
            (-6.500000, 5.500000, -0.003075),
            (-6.000000, 5.500000, 0.014539),
            (-5.500000, 5.500000, 0.030527),
            (-5.000000, 5.500000, 0.043784),
            (-4.500000, 5.500000, 0.053394),
            (-4.000000, 5.500000, 0.058691),
            (-3.500000, 5.500000, 0.059298),
            (-3.000000, 5.500000, 0.055158),
            (-2.500000, 5.500000, 0.046528),
            (-2.000000, 5.500000, 0.033968),
            (-1.500000, 5.500000, 0.018301),
            (-1.000000, 5.500000, 0.000555),
            (-0.500000, 5.500000, -0.018102),
            (0.000000, 5.500000, -0.036441),
            (0.500000, 5.500000, -0.053255),
            (1.000000, 5.500000, -0.067433),
            (1.500000, 5.500000, -0.078042),
            (2.000000, 5.500000, -0.084380),
            (2.500000, 5.500000, -0.086023),
            (3.000000, 5.500000, -0.082858),
            (3.500000, 5.500000, -0.075080),
            (4.000000, 5.500000, -0.063186),
            (4.500000, 5.500000, -0.047936),
            (5.000000, 5.500000, -0.030306),
            (5.500000, 5.500000, -0.011419),
            (6.000000, 5.500000, 0.007527),
            (6.500000, 5.500000, 0.025338),
            (7.000000, 5.500000, 0.040904),
            (7.500000, 5.500000, 0.053271),
            (8.000000, 5.500000, 0.061704),
            (8.500000, 5.500000, 0.065730),
            (9.000000, 5.500000, 0.065176),
            (9.500000, 5.500000, 0.060170),
            (10.000000, 5.500000, 0.051136),
            (10.500000, 5.500000, 0.038765),
            (11.000000, 5.500000, 0.023962),
            (11.500000, 5.500000, 0.007792),
            (12.000000, 5.500000, -0.008596),
            (-12.000000, 6.000000, -0.032323),
            (-11.500000, 6.000000, -0.049146),
            (-11.000000, 6.000000, -0.062700),
            (-10.500000, 6.000000, -0.072179),
            (-10.000000, 6.000000, -0.077048),
            (-9.500000, 6.000000, -0.077078),
            (-9.000000, 6.000000, -0.072358),
            (-8.500000, 6.000000, -0.063289),
            (-8.000000, 6.000000, -0.050555),
            (-7.500000, 6.000000, -0.035074),
            (-7.000000, 6.000000, -0.017942),
            (-6.500000, 6.000000, -0.000352),
            (-6.000000, 6.000000, 0.016479),
            (-5.500000, 6.000000, 0.031393),
            (-5.000000, 6.000000, 0.043372),
            (-4.500000, 6.000000, 0.051596),
            (-4.000000, 6.000000, 0.055504),
            (-3.500000, 6.000000, 0.054828),
            (-3.000000, 6.000000, 0.049608),
            (-2.500000, 6.000000, 0.040191),
            (-2.000000, 6.000000, 0.027205),
            (-1.500000, 6.000000, 0.011517),
            (-1.000000, 6.000000, -0.005825),
            (-0.500000, 6.000000, -0.023662),
            (0.000000, 6.000000, -0.040803),
            (0.500000, 6.000000, -0.056100),
            (1.000000, 6.000000, -0.068527),
            (1.500000, 6.000000, -0.077247),
            (2.000000, 6.000000, -0.081666),
            (2.500000, 6.000000, -0.081471),
            (3.000000, 6.000000, -0.076653),
            (3.500000, 6.000000, -0.067501),
            (4.000000, 6.000000, -0.054588),
            (4.500000, 6.000000, -0.038729),
            (5.000000, 6.000000, -0.020926),
            (5.500000, 6.000000, -0.002303),
            (6.000000, 6.000000, 0.015970),
            (6.500000, 6.000000, 0.032754),
            (7.000000, 6.000000, 0.047012),
            (7.500000, 6.000000, 0.057884),
            (8.000000, 6.000000, 0.064738),
            (8.500000, 6.000000, 0.067211),
            (9.000000, 6.000000, 0.065231),
            (9.500000, 6.000000, 0.059024),
            (10.000000, 6.000000, 0.049092),
            (10.500000, 6.000000, 0.036183),
            (11.000000, 6.000000, 0.021235),
            (11.500000, 6.000000, 0.005318),
            (12.000000, 6.000000, -0.010441),
            (-12.000000, 6.500000, -0.040168),
            (-11.500000, 6.500000, -0.055546),
            (-11.000000, 6.500000, -0.067460),
            (-10.500000, 6.500000, -0.075207),
            (-10.000000, 6.500000, -0.078362),
            (-9.500000, 6.500000, -0.076802),
            (-9.000000, 6.500000, -0.070713),
            (-8.500000, 6.500000, -0.060578),
            (-8.000000, 6.500000, -0.047139),
            (-7.500000, 6.500000, -0.031352),
            (-7.000000, 6.500000, -0.014318),
            (-6.500000, 6.500000, 0.002786),
            (-6.000000, 6.500000, 0.018790),
            (-5.500000, 6.500000, 0.032608),
            (-5.000000, 6.500000, 0.043305),
            (-4.500000, 6.500000, 0.050164),
            (-4.000000, 6.500000, 0.052730),
            (-3.500000, 6.500000, 0.050840),
            (-3.000000, 6.500000, 0.044631),
            (-2.500000, 6.500000, 0.034532),
            (-2.000000, 6.500000, 0.021234),
            (-1.500000, 6.500000, 0.005641),
            (-1.000000, 6.500000, -0.011186),
            (-0.500000, 6.500000, -0.028107),
            (0.000000, 6.500000, -0.043971),
            (0.500000, 6.500000, -0.057701),
            (1.000000, 6.500000, -0.068355),
            (1.500000, 6.500000, -0.075199),
            (2.000000, 6.500000, -0.077747),
            (2.500000, 6.500000, -0.075795),
            (3.000000, 6.500000, -0.069436),
            (3.500000, 6.500000, -0.059048),
            (4.000000, 6.500000, -0.045275),
            (4.500000, 6.500000, -0.028976),
            (5.000000, 6.500000, -0.011175),
            (5.500000, 6.500000, 0.007013),
            (6.000000, 6.500000, 0.024454),
            (6.500000, 6.500000, 0.040066),
            (7.000000, 6.500000, 0.052896),
            (7.500000, 6.500000, 0.062181),
            (8.000000, 6.500000, 0.067392),
            (8.500000, 6.500000, 0.068274),
            (9.000000, 6.500000, 0.064861),
            (9.500000, 6.500000, 0.057468),
            (10.000000, 6.500000, 0.046671),
            (10.500000, 6.500000, 0.033269),
            (11.000000, 6.500000, 0.018226),
            (11.500000, 6.500000, 0.002610),
            (12.000000, 6.500000, -0.012481),
            (-12.000000, 7.000000, -0.047457),
            (-11.500000, 7.000000, -0.061269),
            (-11.000000, 7.000000, -0.071450),
            (-10.500000, 7.000000, -0.077405),
            (-10.000000, 7.000000, -0.078816),
            (-9.500000, 7.000000, -0.075666),
            (-9.000000, 7.000000, -0.068235),
            (-8.500000, 7.000000, -0.057081),
            (-8.000000, 7.000000, -0.043000),
            (-7.500000, 7.000000, -0.026977),
            (-7.000000, 7.000000, -0.010114),
            (-6.500000, 7.000000, 0.006441),
            (-6.000000, 7.000000, 0.021568),
            (-5.500000, 7.000000, 0.034256),
            (-5.000000, 7.000000, 0.043661),
            (-4.500000, 7.000000, 0.049169),
            (-4.000000, 7.000000, 0.050431),
            (-3.500000, 7.000000, 0.047387),
            (-3.000000, 7.000000, 0.040268),
            (-2.500000, 7.000000, 0.029580),
            (-2.000000, 7.000000, 0.016070),
            (-1.500000, 7.000000, 0.000674),
            (-1.000000, 7.000000, -0.015546),
            (-0.500000, 7.000000, -0.031472),
            (0.000000, 7.000000, -0.046004),
            (0.500000, 7.000000, -0.058136),
            (1.000000, 7.000000, -0.067021),
            (1.500000, 7.000000, -0.072024),
            (2.000000, 7.000000, -0.072769),
            (2.500000, 7.000000, -0.069161),
            (3.000000, 7.000000, -0.061390),
            (3.500000, 7.000000, -0.049920),
            (4.000000, 7.000000, -0.035455),
            (4.500000, 7.000000, -0.018897),
            (5.000000, 7.000000, -0.001279),
            (5.500000, 7.000000, 0.016300),
            (6.000000, 7.000000, 0.032746),
            (6.500000, 7.000000, 0.047046),
            (7.000000, 7.000000, 0.058334),
            (7.500000, 7.000000, 0.065943),
            (8.000000, 7.000000, 0.069455),
            (8.500000, 7.000000, 0.068721),
            (9.000000, 7.000000, 0.063875),
            (9.500000, 7.000000, 0.055319),
            (10.000000, 7.000000, 0.043699),
            (10.500000, 7.000000, 0.029857),
            (11.000000, 7.000000, 0.014777),
            (11.500000, 7.000000, -0.000483),
            (12.000000, 7.000000, -0.014862),
            (-12.000000, 7.500000, -0.053970),
            (-11.500000, 7.500000, -0.066107),
            (-11.000000, 7.500000, -0.074478),
            (-10.500000, 7.500000, -0.078595),
            (-10.000000, 7.500000, -0.078250),
            (-9.500000, 7.500000, -0.073528),
            (-9.000000, 7.500000, -0.064798),
            (-8.500000, 7.500000, -0.052688),
            (-8.000000, 7.500000, -0.038043),
            (-7.500000, 7.500000, -0.021868),
            (-7.000000, 7.500000, -0.005258),
            (-6.500000, 7.500000, 0.010672),
            (-6.000000, 7.500000, 0.024861),
            (-5.500000, 7.500000, 0.036377),
            (-5.000000, 7.500000, 0.044472),
            (-4.500000, 7.500000, 0.048634),
            (-4.000000, 7.500000, 0.048621),
            (-3.500000, 7.500000, 0.044473),
            (-3.000000, 7.500000, 0.036512),
            (-2.500000, 7.500000, 0.025316),
            (-2.000000, 7.500000, 0.011680),
            (-1.500000, 7.500000, -0.003436),
            (-1.000000, 7.500000, -0.018973),
            (-0.500000, 7.500000, -0.033844),
            (0.000000, 7.500000, -0.047007),
            (0.500000, 7.500000, -0.057532),
            (1.000000, 7.500000, -0.064667),
            (1.500000, 7.500000, -0.067884),
            (2.000000, 7.500000, -0.066914),
            (2.500000, 7.500000, -0.061767),
            (3.000000, 7.500000, -0.052728),
            (3.500000, 7.500000, -0.040340),
            (4.000000, 7.500000, -0.025364),
            (4.500000, 7.500000, -0.008731),
            (5.000000, 7.500000, 0.008521),
            (5.500000, 7.500000, 0.025316),
            (6.000000, 7.500000, 0.040611),
            (6.500000, 7.500000, 0.053466),
            (7.000000, 7.500000, 0.063103),
            (7.500000, 7.500000, 0.068962),
            (8.000000, 7.500000, 0.070729),
            (8.500000, 7.500000, 0.068365),
            (9.000000, 7.500000, 0.062100),
            (9.500000, 7.500000, 0.052419),
            (10.000000, 7.500000, 0.040029),
            (10.500000, 7.500000, 0.025812),
            (11.000000, 7.500000, 0.010761),
            (11.500000, 7.500000, -0.004080),
            (12.000000, 7.500000, -0.017694),
            (-12.000000, 8.000000, -0.059510),
            (-11.500000, 8.000000, -0.069880),
            (-11.000000, 8.000000, -0.076381),
            (-10.500000, 8.000000, -0.078634),
            (-10.000000, 8.000000, -0.076540),
            (-9.500000, 8.000000, -0.070283),
            (-9.000000, 8.000000, -0.060315),
            (-8.500000, 8.000000, -0.047332),
            (-8.000000, 8.000000, -0.032217),
            (-7.500000, 8.000000, -0.015989),
            (-7.000000, 8.000000, 0.000271),
            (-6.500000, 8.000000, 0.015489),
            (-6.000000, 8.000000, 0.028670),
            (-5.500000, 8.000000, 0.038962),
            (-5.000000, 8.000000, 0.045718),
            (-4.500000, 8.000000, 0.048531),
            (-4.000000, 8.000000, 0.047262),
            (-3.500000, 8.000000, 0.042052),
            (-3.000000, 8.000000, 0.033307),
            (-2.500000, 8.000000, 0.021671),
            (-2.000000, 8.000000, 0.007983),
            (-1.500000, 8.000000, -0.006782),
            (-1.000000, 8.000000, -0.021576),
            (-0.500000, 8.000000, -0.035350),
            (0.000000, 8.000000, -0.047123),
            (0.500000, 8.000000, -0.056050),
            (1.000000, 8.000000, -0.061474),
            (1.500000, 8.000000, -0.062975),
            (2.000000, 8.000000, -0.060392),
            (2.500000, 8.000000, -0.053837),
            (3.000000, 8.000000, -0.043685),
            (3.500000, 8.000000, -0.030551),
            (4.000000, 8.000000, -0.015246),
            (4.500000, 8.000000, 0.001275),
            (5.000000, 8.000000, 0.017980),
            (5.500000, 8.000000, 0.033822),
            (6.000000, 8.000000, 0.047818),
            (6.500000, 8.000000, 0.059104),
            (7.000000, 8.000000, 0.066999),
            (7.500000, 8.000000, 0.071045),
            (8.000000, 8.000000, 0.071040),
            (8.500000, 8.000000, 0.067047),
            (9.000000, 8.000000, 0.059391),
            (9.500000, 8.000000, 0.048636),
            (10.000000, 8.000000, 0.035546),
            (10.500000, 8.000000, 0.021031),
            (11.000000, 8.000000, 0.006090),
            (11.500000, 8.000000, -0.008260),
            (12.000000, 8.000000, -0.021047),
            (-12.000000, 8.500000, -0.063914),
            (-11.500000, 8.500000, -0.072443),
            (-11.000000, 8.500000, -0.077036),
            (-10.500000, 8.500000, -0.077422),
            (-10.000000, 8.500000, -0.073608),
            (-9.500000, 8.500000, -0.065873),
            (-9.000000, 8.500000, -0.054752),
            (-8.500000, 8.500000, -0.040995),
            (-8.000000, 8.500000, -0.025521),
            (-7.500000, 8.500000, -0.009354),
            (-7.000000, 8.500000, 0.006447),
            (-6.500000, 8.500000, 0.020854),
            (-6.000000, 8.500000, 0.032944),
            (-5.500000, 8.500000, 0.041953),
            (-5.000000, 8.500000, 0.047334),
            (-4.500000, 8.500000, 0.048785),
            (-4.000000, 8.500000, 0.046273),
            (-3.500000, 8.500000, 0.040034),
            (-3.000000, 8.500000, 0.030553),
            (-2.500000, 8.500000, 0.018536),
            (-2.000000, 8.500000, 0.004857),
            (-1.500000, 8.500000, -0.009499),
            (-1.000000, 8.500000, -0.023503),
            (-0.500000, 8.500000, -0.036150),
            (0.000000, 8.500000, -0.046529),
            (0.500000, 8.500000, -0.053879),
            (1.000000, 8.500000, -0.057645),
            (1.500000, 8.500000, -0.057514),
            (2.000000, 8.500000, -0.053430),
            (2.500000, 8.500000, -0.045605),
            (3.000000, 8.500000, -0.034501),
            (3.500000, 8.500000, -0.020797),
            (4.000000, 8.500000, -0.005346),
            (4.500000, 8.500000, 0.010881),
            (5.000000, 8.500000, 0.026864),
            (5.500000, 8.500000, 0.041596),
            (6.000000, 8.500000, 0.054156),
            (6.500000, 8.500000, 0.063765),
            (7.000000, 8.500000, 0.069840),
            (7.500000, 8.500000, 0.072030),
            (8.000000, 8.500000, 0.070242),
            (8.500000, 8.500000, 0.064641),
            (9.000000, 8.500000, 0.055643),
            (9.500000, 8.500000, 0.043884),
            (10.000000, 8.500000, 0.030177),
            (10.500000, 8.500000, 0.015457),
            (11.000000, 8.500000, 0.000718),
            (11.500000, 8.500000, -0.013053),
            (12.000000, 8.500000, -0.024940),
            (-12.000000, 9.000000, -0.067060),
            (-11.500000, 9.000000, -0.073700),
            (-11.000000, 9.000000, -0.076369),
            (-10.500000, 9.000000, -0.074908),
            (-10.000000, 9.000000, -0.069425),
            (-9.500000, 9.000000, -0.060294),
            (-9.000000, 9.000000, -0.048121),
            (-8.500000, 9.000000, -0.033710),
            (-8.000000, 9.000000, -0.018005),
            (-7.500000, 9.000000, -0.002027),
            (-7.000000, 9.000000, 0.013192),
            (-6.500000, 9.000000, 0.026680),
            (-6.000000, 9.000000, 0.037588),
            (-5.500000, 9.000000, 0.045246),
            (-5.000000, 9.000000, 0.049208),
            (-4.500000, 9.000000, 0.049281),
            (-4.000000, 9.000000, 0.045532),
            (-3.500000, 9.000000, 0.038289),
            (-3.000000, 9.000000, 0.028114),
            (-2.500000, 9.000000, 0.015767),
            (-2.000000, 9.000000, 0.002150),
            (-1.500000, 9.000000, -0.011749),
            (-1.000000, 9.000000, -0.024927),
            (-0.500000, 9.000000, -0.036430),
            (0.000000, 9.000000, -0.045419),
            (0.500000, 9.000000, -0.051225),
            (1.000000, 9.000000, -0.053396),
            (1.500000, 9.000000, -0.051724),
            (2.000000, 9.000000, -0.046259),
            (2.500000, 9.000000, -0.037308),
            (3.000000, 9.000000, -0.025413),
            (3.500000, 9.000000, -0.011312),
            (4.000000, 9.000000, 0.004106),
            (4.500000, 9.000000, 0.019864),
            (5.000000, 9.000000, 0.034961),
            (5.500000, 9.000000, 0.048438),
            (6.000000, 9.000000, 0.059443),
            (6.500000, 9.000000, 0.067285),
            (7.000000, 9.000000, 0.071483),
            (7.500000, 9.000000, 0.071795),
            (8.000000, 9.000000, 0.068234),
            (8.500000, 9.000000, 0.061067),
            (9.000000, 9.000000, 0.050795),
            (9.500000, 9.000000, 0.038120),
            (10.000000, 9.000000, 0.023899),
            (10.500000, 9.000000, 0.009081),
            (11.000000, 9.000000, -0.005348),
            (11.500000, 9.000000, -0.018441),
            (12.000000, 9.000000, -0.029345),
            (-12.000000, 9.500000, -0.068878),
            (-11.500000, 9.500000, -0.073602),
            (-11.000000, 9.500000, -0.074358),
            (-10.500000, 9.500000, -0.071092),
            (-10.000000, 9.500000, -0.064016),
            (-9.500000, 9.500000, -0.053590),
            (-9.000000, 9.500000, -0.040489),
            (-8.500000, 9.500000, -0.025561),
            (-8.000000, 9.500000, -0.009768),
            (-7.500000, 9.500000, 0.005878),
            (-7.000000, 9.500000, 0.020382),
            (-6.500000, 9.500000, 0.032832),
            (-6.000000, 9.500000, 0.042461),
            (-5.500000, 9.500000, 0.048695),
            (-5.000000, 9.500000, 0.051192),
            (-4.500000, 9.500000, 0.049864),
            (-4.000000, 9.500000, 0.044880),
            (-3.500000, 9.500000, 0.036657),
            (-3.000000, 9.500000, 0.025826),
            (-2.500000, 9.500000, 0.013194),
            (-2.000000, 9.500000, -0.000312),
            (-1.500000, 9.500000, -0.013713),
            (-1.000000, 9.500000, -0.026035),
            (-0.500000, 9.500000, -0.036383),
            (0.000000, 9.500000, -0.043996),
            (0.500000, 9.500000, -0.048299),
            (1.000000, 9.500000, -0.048942),
            (1.500000, 9.500000, -0.045826),
            (2.000000, 9.500000, -0.039102),
            (2.500000, 9.500000, -0.029169),
            (3.000000, 9.500000, -0.016642),
            (3.500000, 9.500000, -0.002314),
            (4.000000, 9.500000, 0.012902),
            (4.500000, 9.500000, 0.028029),
            (5.000000, 9.500000, 0.042092),
            (5.500000, 9.500000, 0.054186),
            (6.000000, 9.500000, 0.063535),
            (6.500000, 9.500000, 0.069542),
            (7.000000, 9.500000, 0.071829),
            (7.500000, 9.500000, 0.070263),
            (8.000000, 9.500000, 0.064963),
            (8.500000, 9.500000, 0.056293),
            (9.000000, 9.500000, 0.044836),
            (9.500000, 9.500000, 0.031353),
            (10.000000, 9.500000, 0.016737),
            (10.500000, 9.500000, 0.001947),
            (11.000000, 9.500000, -0.012053),
            (11.500000, 9.500000, -0.024358),
            (12.000000, 9.500000, -0.034185),
            (-12.000000, 10.000000, -0.069348),
            (-11.500000, 10.000000, -0.072156),
            (-11.000000, 10.000000, -0.071031),
            (-10.500000, 10.000000, -0.066028),
            (-10.000000, 10.000000, -0.057457),
            (-9.500000, 10.000000, -0.045858),
            (-9.000000, 10.000000, -0.031971),
            (-8.500000, 10.000000, -0.016679),
            (-8.000000, 10.000000, -0.000955),
            (-7.500000, 10.000000, 0.014206),
            (-7.000000, 10.000000, 0.027853),
            (-6.500000, 10.000000, 0.039142),
            (-6.000000, 10.000000, 0.047390),
            (-5.500000, 10.000000, 0.052124),
            (-5.000000, 10.000000, 0.053108),
            (-4.500000, 10.000000, 0.050357),
            (-4.000000, 10.000000, 0.044140),
            (-3.500000, 10.000000, 0.034958),
            (-3.000000, 10.000000, 0.023507),
            (-2.500000, 10.000000, 0.010636),
            (-2.000000, 10.000000, -0.002716),
            (-1.500000, 10.000000, -0.015579),
            (-1.000000, 10.000000, -0.027020),
            (-0.500000, 10.000000, -0.036207),
            (0.000000, 10.000000, -0.042460),
            (0.500000, 10.000000, -0.045302),
            (1.000000, 10.000000, -0.044489),
            (1.500000, 10.000000, -0.040024),
            (2.000000, 10.000000, -0.032162),
            (2.500000, 10.000000, -0.021387),
            (3.000000, 10.000000, -0.008381),
            (3.500000, 10.000000, 0.006016),
            (4.000000, 10.000000, 0.020872),
            (4.500000, 10.000000, 0.035219),
            (5.000000, 10.000000, 0.048117),
            (5.500000, 10.000000, 0.058722),
            (6.000000, 10.000000, 0.066337),
            (6.500000, 10.000000, 0.070463),
            (7.000000, 10.000000, 0.070828),
            (7.500000, 10.000000, 0.067409),
            (8.000000, 10.000000, 0.060427),
            (8.500000, 10.000000, 0.050341),
            (9.000000, 10.000000, 0.037808),
            (9.500000, 10.000000, 0.023645),
            (10.000000, 10.000000, 0.008770),
            (10.500000, 10.000000, -0.005854),
            (11.000000, 10.000000, -0.019292),
            (11.500000, 10.000000, -0.030689),
            (12.000000, 10.000000, -0.039336),
            (-12.000000, 10.500000, -0.068505),
            (-11.500000, 10.500000, -0.069419),
            (-11.000000, 10.500000, -0.066471),
            (-10.500000, 10.500000, -0.059822),
            (-10.000000, 10.500000, -0.049874),
            (-9.500000, 10.500000, -0.037245),
            (-9.000000, 10.500000, -0.022729),
            (-8.500000, 10.500000, -0.007240),
            (-8.000000, 10.500000, 0.008247),
            (-7.500000, 10.500000, 0.022763),
            (-7.000000, 10.500000, 0.035407),
            (-6.500000, 10.500000, 0.045408),
            (-6.000000, 10.500000, 0.052174),
            (-5.500000, 10.500000, 0.055334),
            (-5.000000, 10.500000, 0.054757),
            (-4.500000, 10.500000, 0.050565),
            (-4.000000, 10.500000, 0.043121),
            (-3.500000, 10.500000, 0.033004),
            (-3.000000, 10.500000, 0.020973),
            (-2.500000, 10.500000, 0.007908),
            (-2.000000, 10.500000, -0.005243),
            (-1.500000, 10.500000, -0.017529),
            (-1.000000, 10.500000, -0.028064),
            (-0.500000, 10.500000, -0.036083),
            (0.000000, 10.500000, -0.040993),
            (0.500000, 10.500000, -0.042418),
            (1.000000, 10.500000, -0.040216),
            (1.500000, 10.500000, -0.034498),
            (2.000000, 10.500000, -0.025613),
            (2.500000, 10.500000, -0.014128),
            (3.000000, 10.500000, -0.000787),
            (3.500000, 10.500000, 0.013533),
            (4.000000, 10.500000, 0.027887),
            (4.500000, 10.500000, 0.041323),
            (5.000000, 10.500000, 0.052946),
            (5.500000, 10.500000, 0.061975),
            (6.000000, 10.500000, 0.067802),
            (6.500000, 10.500000, 0.070026),
            (7.000000, 10.500000, 0.068484),
            (7.500000, 10.500000, 0.063259),
            (8.000000, 10.500000, 0.054677),
            (8.500000, 10.500000, 0.043282),
            (9.000000, 10.500000, 0.029804),
            (9.500000, 10.500000, 0.015104),
            (10.000000, 10.500000, 0.000124),
            (10.500000, 10.500000, -0.014184),
            (11.000000, 10.500000, -0.026916),
            (11.500000, 10.500000, -0.037277),
            (12.000000, 10.500000, -0.044637),
            (-12.000000, 11.000000, -0.066434),
            (-11.500000, 11.000000, -0.065500),
            (-11.000000, 11.000000, -0.060809),
            (-10.500000, 11.000000, -0.052624),
            (-10.000000, 11.000000, -0.041435),
            (-9.500000, 11.000000, -0.027934),
            (-9.000000, 11.000000, -0.012960),
            (-8.500000, 11.000000, 0.002549),
            (-8.000000, 11.000000, 0.017626),
            (-7.500000, 11.000000, 0.031332),
            (-7.000000, 11.000000, 0.042825),
            (-6.500000, 11.000000, 0.051413),
            (-6.000000, 11.000000, 0.056598),
            (-5.500000, 11.000000, 0.058113),
            (-5.000000, 11.000000, 0.055936),
            (-4.500000, 11.000000, 0.050290),
            (-4.000000, 11.000000, 0.041630),
            (-3.500000, 11.000000, 0.030612),
            (-3.000000, 11.000000, 0.018044),
            (-2.500000, 11.000000, 0.004836),
            (-2.000000, 11.000000, -0.008063),
            (-1.500000, 11.000000, -0.019730),
            (-1.000000, 11.000000, -0.029329),
            (-0.500000, 11.000000, -0.036171),
            (0.000000, 11.000000, -0.039752),
            (0.500000, 11.000000, -0.039798),
            (1.000000, 11.000000, -0.036273),
            (1.500000, 11.000000, -0.029390),
            (2.000000, 11.000000, -0.019590),
            (2.500000, 11.000000, -0.007516),
            (3.000000, 11.000000, 0.006029),
            (3.500000, 11.000000, 0.020140),
            (4.000000, 11.000000, 0.033867),
            (4.500000, 11.000000, 0.046282),
            (5.000000, 11.000000, 0.056539),
            (5.500000, 11.000000, 0.063931),
            (6.000000, 11.000000, 0.067939),
            (6.500000, 11.000000, 0.068265),
            (7.000000, 11.000000, 0.064853),
            (7.500000, 11.000000, 0.057895),
            (8.000000, 11.000000, 0.047814),
            (8.500000, 11.000000, 0.035240),
            (9.000000, 11.000000, 0.020963),
            (9.500000, 11.000000, 0.005888),
            (10.000000, 11.000000, -0.009034),
            (10.500000, 11.000000, -0.022865),
            (11.000000, 11.000000, -0.034741),
            (11.500000, 11.000000, -0.043933),
            (12.000000, 11.000000, -0.049896),
            (-12.000000, 11.500000, -0.063266),
            (-11.500000, 11.500000, -0.060551),
            (-11.000000, 11.500000, -0.054216),
            (-10.500000, 11.500000, -0.044622),
            (-10.000000, 11.500000, -0.032345),
            (-9.500000, 11.500000, -0.018141),
            (-9.000000, 11.500000, -0.002890),
            (-8.500000, 11.500000, 0.012457),
            (-8.000000, 11.500000, 0.026945),
            (-7.500000, 11.500000, 0.039677),
            (-7.000000, 11.500000, 0.049875),
            (-6.500000, 11.500000, 0.056929),
            (-6.000000, 11.500000, 0.060443),
            (-5.500000, 11.500000, 0.060253),
            (-5.000000, 11.500000, 0.056445),
            (-4.500000, 11.500000, 0.049343),
            (-4.000000, 11.500000, 0.039490),
            (-3.500000, 11.500000, 0.027610),
            (-3.000000, 11.500000, 0.014560),
            (-2.500000, 11.500000, 0.001270),
            (-2.000000, 11.500000, -0.011319),
            (-1.500000, 11.500000, -0.022317),
            (-1.000000, 11.500000, -0.030948),
            (-0.500000, 11.500000, -0.036597),
            (0.000000, 11.500000, -0.038858),
            (0.500000, 11.500000, -0.037558),
            (1.000000, 11.500000, -0.032767),
            (1.500000, 11.500000, -0.024797),
            (2.000000, 11.500000, -0.014180),
            (2.500000, 11.500000, -0.001630),
            (3.000000, 11.500000, 0.012003),
            (3.500000, 11.500000, 0.025789),
            (4.000000, 11.500000, 0.038783),
            (4.500000, 11.500000, 0.050087),
            (5.000000, 11.500000, 0.058911),
            (5.500000, 11.500000, 0.064626),
            (6.000000, 11.500000, 0.066807),
            (6.500000, 11.500000, 0.065262),
            (7.000000, 11.500000, 0.060042),
            (7.500000, 11.500000, 0.051445),
            (8.000000, 11.500000, 0.039988),
            (8.500000, 11.500000, 0.026380),
            (9.000000, 11.500000, 0.011469),
            (9.500000, 11.500000, -0.003810),
            (10.000000, 11.500000, -0.018501),
            (10.500000, 11.500000, -0.031686),
            (11.000000, 11.500000, -0.042553),
            (11.500000, 11.500000, -0.050444),
            (12.000000, 11.500000, -0.054901),
            (-12.000000, 12.000000, -0.059172),
            (-11.500000, 12.000000, -0.054760),
            (-11.000000, 12.000000, -0.046895),
            (-10.500000, 12.000000, -0.036034),
            (-10.000000, 12.000000, -0.022833),
            (-9.500000, 12.000000, -0.008103),
            (-9.000000, 12.000000, 0.007239),
            (-8.500000, 12.000000, 0.022240),
            (-8.000000, 12.000000, 0.035963),
            (-7.500000, 12.000000, 0.047561),
            (-7.000000, 12.000000, 0.056326),
            (-6.500000, 12.000000, 0.061738),
            (-6.000000, 12.000000, 0.063500),
            (-5.500000, 12.000000, 0.061557),
            (-5.000000, 12.000000, 0.056101),
            (-4.500000, 12.000000, 0.047555),
            (-4.000000, 12.000000, 0.036544),
            (-3.500000, 12.000000, 0.023858),
            (-3.000000, 12.000000, 0.010392),
            (-2.500000, 12.000000, -0.002911),
            (-2.000000, 12.000000, -0.015122),
            (-1.500000, 12.000000, -0.025394),
            (-1.000000, 12.000000, -0.033011),
            (-0.500000, 12.000000, -0.037446),
            (0.000000, 12.000000, -0.038387),
            (0.500000, 12.000000, -0.035766),
            (1.000000, 12.000000, -0.029758),
            (1.500000, 12.000000, -0.020773),
            (2.000000, 12.000000, -0.009425),
            (2.500000, 12.000000, 0.003505),
            (3.000000, 12.000000, 0.017124),
            (3.500000, 12.000000, 0.030486),
            (4.000000, 12.000000, 0.042658),
            (4.500000, 12.000000, 0.052781),
            (5.000000, 12.000000, 0.060125),
            (5.500000, 12.000000, 0.064146),
            (6.000000, 12.000000, 0.064516),
            (6.500000, 12.000000, 0.061148),
            (7.000000, 12.000000, 0.054203),
            (7.500000, 12.000000, 0.044080),
            (8.000000, 12.000000, 0.031387),
            (8.500000, 12.000000, 0.016906),
            (9.000000, 12.000000, 0.001534),
            (9.500000, 12.000000, -0.013768),
            (10.000000, 12.000000, -0.028048),
            (10.500000, 12.000000, -0.040419),
            (11.000000, 12.000000, -0.050124),
            (11.500000, 12.000000, -0.056582),
            (12.000000, 12.000000, -0.059430)]
    }
    def Xform "Forest" {
        def Xform "tree_000" {
            def Cylinder "Trunk" (prepend apiSchemas = ["PhysicsCollisionAPI", "SemanticsAPI:Semantics"]) {
                uniform token axis = "Z"
                double radius = 0.246703
                double height = 4.874782
                color3f[] primvars:displayColor = [(0.30, 0.12, 0.04)]
                uniform token semantics:Semantics:semanticType = "class"
                uniform string semantics:Semantics:semanticData = "tree_trunk"
                double3 xformOp:translate = (8.504282, -1.965445, 2.498823)
                uniform token[] xformOpOrder = ["xformOp:translate"]
            }
            def Sphere "Foliage" (prepend apiSchemas = ["SemanticsAPI:Semantics"]) {
                double radius = 1.657426
                color3f[] primvars:displayColor = [(0.08, 0.31, 0.05)]
                uniform token semantics:Semantics:semanticType = "class"
                uniform string semantics:Semantics:semanticData = "foliage"
                double3 xformOp:translate = (8.504282, -1.965445, 4.686214)
                uniform token[] xformOpOrder = ["xformOp:translate"]
            }
        }
        def Xform "tree_001" {
            def Cylinder "Trunk" (prepend apiSchemas = ["PhysicsCollisionAPI", "SemanticsAPI:Semantics"]) {
                uniform token axis = "Z"
                double radius = 0.184105
                double height = 3.637874
                color3f[] primvars:displayColor = [(0.30, 0.12, 0.04)]
                uniform token semantics:Semantics:semanticType = "class"
                uniform string semantics:Semantics:semanticData = "tree_trunk"
                double3 xformOp:translate = (8.016168, -6.682286, 1.787817)
                uniform token[] xformOpOrder = ["xformOp:translate"]
            }
            def Sphere "Foliage" (prepend apiSchemas = ["SemanticsAPI:Semantics"]) {
                double radius = 1.236877
                color3f[] primvars:displayColor = [(0.08, 0.31, 0.05)]
                uniform token semantics:Semantics:semanticType = "class"
                uniform string semantics:Semantics:semanticData = "foliage"
                double3 xformOp:translate = (8.016168, -6.682286, 3.356754)
                uniform token[] xformOpOrder = ["xformOp:translate"]
            }
        }
        def Xform "tree_002" {
            def Cylinder "Trunk" (prepend apiSchemas = ["PhysicsCollisionAPI", "SemanticsAPI:Semantics"]) {
                uniform token axis = "Z"
                double radius = 0.311705
                double height = 5.689556
                color3f[] primvars:displayColor = [(0.30, 0.12, 0.04)]
                uniform token semantics:Semantics:semanticType = "class"
                uniform string semantics:Semantics:semanticData = "tree_trunk"
                double3 xformOp:translate = (4.865864, -2.958742, 2.7475419999999997)
                uniform token[] xformOpOrder = ["xformOp:translate"]
            }
            def Sphere "Foliage" (prepend apiSchemas = ["SemanticsAPI:Semantics"]) {
                double radius = 1.593076
                color3f[] primvars:displayColor = [(0.12, 0.38, 0.07)]
                uniform token semantics:Semantics:semanticType = "class"
                uniform string semantics:Semantics:semanticData = "foliage"
                double3 xformOp:translate = (4.865864, -2.958742, 5.34232)
                uniform token[] xformOpOrder = ["xformOp:translate"]
            }
        }
        def Xform "tree_003" {
            def Cylinder "Trunk" (prepend apiSchemas = ["PhysicsCollisionAPI", "SemanticsAPI:Semantics"]) {
                uniform token axis = "Z"
                double radius = 0.275862
                double height = 4.413777
                color3f[] primvars:displayColor = [(0.30, 0.12, 0.04)]
                uniform token semantics:Semantics:semanticType = "class"
                uniform string semantics:Semantics:semanticData = "tree_trunk"
                double3 xformOp:translate = (0.708324, -1.042036, 2.2485104999999996)
                uniform token[] xformOpOrder = ["xformOp:translate"]
            }
            def Sphere "Foliage" (prepend apiSchemas = ["SemanticsAPI:Semantics"]) {
                double radius = 1.235858
                color3f[] primvars:displayColor = [(0.12, 0.38, 0.07)]
                uniform token semantics:Semantics:semanticType = "class"
                uniform string semantics:Semantics:semanticData = "foliage"
                double3 xformOp:translate = (0.708324, -1.042036, 4.205399)
                uniform token[] xformOpOrder = ["xformOp:translate"]
            }
        }
        def Xform "tree_004" {
            def Cylinder "Trunk" (prepend apiSchemas = ["PhysicsCollisionAPI", "SemanticsAPI:Semantics"]) {
                uniform token axis = "Z"
                double radius = 0.25413
                double height = 4.427586
                color3f[] primvars:displayColor = [(0.30, 0.12, 0.04)]
                uniform token semantics:Semantics:semanticType = "class"
                uniform string semantics:Semantics:semanticData = "tree_trunk"
                double3 xformOp:translate = (3.257988, 6.026021, 2.14174)
                uniform token[] xformOpOrder = ["xformOp:translate"]
            }
            def Sphere "Foliage" (prepend apiSchemas = ["SemanticsAPI:Semantics"]) {
                double radius = 1.505379
                color3f[] primvars:displayColor = [(0.08, 0.31, 0.05)]
                uniform token semantics:Semantics:semanticType = "class"
                uniform string semantics:Semantics:semanticData = "foliage"
                double3 xformOp:translate = (3.257988, 6.026021, 4.105532999999999)
                uniform token[] xformOpOrder = ["xformOp:translate"]
            }
        }
        def Xform "tree_005" {
            def Cylinder "Trunk" (prepend apiSchemas = ["PhysicsCollisionAPI", "SemanticsAPI:Semantics"]) {
                uniform token axis = "Z"
                double radius = 0.211668
                double height = 4.174777
                color3f[] primvars:displayColor = [(0.30, 0.12, 0.04)]
                uniform token semantics:Semantics:semanticType = "class"
                uniform string semantics:Semantics:semanticData = "tree_trunk"
                double3 xformOp:translate = (9.137308, 3.542485, 2.1522894999999997)
                uniform token[] xformOpOrder = ["xformOp:translate"]
            }
            def Sphere "Foliage" (prepend apiSchemas = ["SemanticsAPI:Semantics"]) {
                double radius = 1.419424
                color3f[] primvars:displayColor = [(0.08, 0.31, 0.05)]
                uniform token semantics:Semantics:semanticType = "class"
                uniform string semantics:Semantics:semanticData = "foliage"
                double3 xformOp:translate = (9.137308, 3.542485, 3.9896779999999996)
                uniform token[] xformOpOrder = ["xformOp:translate"]
            }
        }
        def Xform "tree_006" {
            def Cylinder "Trunk" (prepend apiSchemas = ["PhysicsCollisionAPI", "SemanticsAPI:Semantics"]) {
                uniform token axis = "Z"
                double radius = 0.245331
                double height = 3.823518
                color3f[] primvars:displayColor = [(0.30, 0.12, 0.04)]
                uniform token semantics:Semantics:semanticType = "class"
                uniform string semantics:Semantics:semanticData = "tree_trunk"
                double3 xformOp:translate = (-0.621481, 0.476007, 1.991094)
                uniform token[] xformOpOrder = ["xformOp:translate"]
            }
            def Sphere "Foliage" (prepend apiSchemas = ["SemanticsAPI:Semantics"]) {
                double radius = 1.070585
                color3f[] primvars:displayColor = [(0.12, 0.38, 0.07)]
                uniform token semantics:Semantics:semanticType = "class"
                uniform string semantics:Semantics:semanticData = "foliage"
                double3 xformOp:translate = (-0.621481, 0.476007, 3.652853)
                uniform token[] xformOpOrder = ["xformOp:translate"]
            }
        }
        def Xform "tree_007" {
            def Cylinder "Trunk" (prepend apiSchemas = ["PhysicsCollisionAPI", "SemanticsAPI:Semantics"]) {
                uniform token axis = "Z"
                double radius = 0.244431
                double height = 3.613836
                color3f[] primvars:displayColor = [(0.30, 0.12, 0.04)]
                uniform token semantics:Semantics:semanticType = "class"
                uniform string semantics:Semantics:semanticData = "tree_trunk"
                double3 xformOp:translate = (1.4492, -9.722023, 1.89379)
                uniform token[] xformOpOrder = ["xformOp:translate"]
            }
            def Sphere "Foliage" (prepend apiSchemas = ["SemanticsAPI:Semantics"]) {
                double radius = 1.011874
                color3f[] primvars:displayColor = [(0.12, 0.38, 0.07)]
                uniform token semantics:Semantics:semanticType = "class"
                uniform string semantics:Semantics:semanticData = "foliage"
                double3 xformOp:translate = (1.4492, -9.722023, 3.450708)
                uniform token[] xformOpOrder = ["xformOp:translate"]
            }
        }
        def Xform "tree_008" {
            def Cylinder "Trunk" (prepend apiSchemas = ["PhysicsCollisionAPI", "SemanticsAPI:Semantics"]) {
                uniform token axis = "Z"
                double radius = 0.202183
                double height = 5.018632
                color3f[] primvars:displayColor = [(0.30, 0.12, 0.04)]
                uniform token semantics:Semantics:semanticType = "class"
                uniform string semantics:Semantics:semanticData = "tree_trunk"
                double3 xformOp:translate = (-6.439447, -1.954909, 2.4259020000000002)
                uniform token[] xformOpOrder = ["xformOp:translate"]
            }
            def Sphere "Foliage" (prepend apiSchemas = ["SemanticsAPI:Semantics"]) {
                double radius = 1.706335
                color3f[] primvars:displayColor = [(0.08, 0.31, 0.05)]
                uniform token semantics:Semantics:semanticType = "class"
                uniform string semantics:Semantics:semanticData = "foliage"
                double3 xformOp:translate = (-6.439447, -1.954909, 4.685218)
                uniform token[] xformOpOrder = ["xformOp:translate"]
            }
        }
        def Xform "tree_009" {
            def Cylinder "Trunk" (prepend apiSchemas = ["PhysicsCollisionAPI", "SemanticsAPI:Semantics"]) {
                uniform token axis = "Z"
                double radius = 0.240028
                double height = 5.332851
                color3f[] primvars:displayColor = [(0.30, 0.12, 0.04)]
                uniform token semantics:Semantics:semanticType = "class"
                uniform string semantics:Semantics:semanticData = "tree_trunk"
                double3 xformOp:translate = (-3.834448, -6.524624, 2.6462065)
                uniform token[] xformOpOrder = ["xformOp:translate"]
            }
            def Sphere "Foliage" (prepend apiSchemas = ["SemanticsAPI:Semantics"]) {
                double radius = 1.81317
                color3f[] primvars:displayColor = [(0.08, 0.31, 0.05)]
                uniform token semantics:Semantics:semanticType = "class"
                uniform string semantics:Semantics:semanticData = "foliage"
                double3 xformOp:translate = (-3.834448, -6.524624, 5.062632)
                uniform token[] xformOpOrder = ["xformOp:translate"]
            }
        }
        def Xform "tree_010" {
            def Cylinder "Trunk" (prepend apiSchemas = ["PhysicsCollisionAPI", "SemanticsAPI:Semantics"]) {
                uniform token axis = "Z"
                double radius = 0.252713
                double height = 4.192442
                color3f[] primvars:displayColor = [(0.30, 0.12, 0.04)]
                uniform token semantics:Semantics:semanticType = "class"
                uniform string semantics:Semantics:semanticData = "tree_trunk"
                double3 xformOp:translate = (-4.562255, 5.299984, 2.149369)
                uniform token[] xformOpOrder = ["xformOp:translate"]
            }
            def Sphere "Foliage" (prepend apiSchemas = ["SemanticsAPI:Semantics"]) {
                double radius = 1.42543
                color3f[] primvars:displayColor = [(0.08, 0.31, 0.05)]
                uniform token semantics:Semantics:semanticType = "class"
                uniform string semantics:Semantics:semanticData = "foliage"
                double3 xformOp:translate = (-4.562255, 5.299984, 3.99559)
                uniform token[] xformOpOrder = ["xformOp:translate"]
            }
        }
        def Xform "tree_011" {
            def Cylinder "Trunk" (prepend apiSchemas = ["PhysicsCollisionAPI", "SemanticsAPI:Semantics"]) {
                uniform token axis = "Z"
                double radius = 0.186994
                double height = 4.398883
                color3f[] primvars:displayColor = [(0.30, 0.12, 0.04)]
                uniform token semantics:Semantics:semanticType = "class"
                uniform string semantics:Semantics:semanticData = "tree_trunk"
                double3 xformOp:translate = (-3.572517, -8.625319, 2.1752314999999998)
                uniform token[] xformOpOrder = ["xformOp:translate"]
            }
            def Sphere "Foliage" (prepend apiSchemas = ["SemanticsAPI:Semantics"]) {
                double radius = 1.49562
                color3f[] primvars:displayColor = [(0.08, 0.31, 0.05)]
                uniform token semantics:Semantics:semanticType = "class"
                uniform string semantics:Semantics:semanticData = "foliage"
                double3 xformOp:translate = (-3.572517, -8.625319, 4.124673)
                uniform token[] xformOpOrder = ["xformOp:translate"]
            }
        }
        def Xform "tree_012" {
            def Cylinder "Trunk" (prepend apiSchemas = ["PhysicsCollisionAPI", "SemanticsAPI:Semantics"]) {
                uniform token axis = "Z"
                double radius = 0.284007
                double height = 3.695417
                color3f[] primvars:displayColor = [(0.30, 0.12, 0.04)]
                uniform token semantics:Semantics:semanticType = "class"
                uniform string semantics:Semantics:semanticData = "tree_trunk"
                double3 xformOp:translate = (4.915037, -4.533704, 1.7377715)
                uniform token[] xformOpOrder = ["xformOp:translate"]
            }
            def Sphere "Foliage" (prepend apiSchemas = ["SemanticsAPI:Semantics"]) {
                double radius = 1.256442
                color3f[] primvars:displayColor = [(0.08, 0.31, 0.05)]
                uniform token semantics:Semantics:semanticType = "class"
                uniform string semantics:Semantics:semanticData = "foliage"
                double3 xformOp:translate = (4.915037, -4.533704, 3.33548)
                uniform token[] xformOpOrder = ["xformOp:translate"]
            }
        }
        def Xform "tree_013" {
            def Cylinder "Trunk" (prepend apiSchemas = ["PhysicsCollisionAPI", "SemanticsAPI:Semantics"]) {
                uniform token axis = "Z"
                double radius = 0.257686
                double height = 5.593762
                color3f[] primvars:displayColor = [(0.30, 0.12, 0.04)]
                uniform token semantics:Semantics:semanticType = "class"
                uniform string semantics:Semantics:semanticData = "tree_trunk"
                double3 xformOp:translate = (3.497857, 7.865628, 2.763631)
                uniform token[] xformOpOrder = ["xformOp:translate"]
            }
            def Sphere "Foliage" (prepend apiSchemas = ["SemanticsAPI:Semantics"]) {
                double radius = 1.901879
                color3f[] primvars:displayColor = [(0.08, 0.31, 0.05)]
                uniform token semantics:Semantics:semanticType = "class"
                uniform string semantics:Semantics:semanticData = "foliage"
                double3 xformOp:translate = (3.497857, 7.865628, 5.310512)
                uniform token[] xformOpOrder = ["xformOp:translate"]
            }
        }
        def Xform "tree_014" {
            def Cylinder "Trunk" (prepend apiSchemas = ["PhysicsCollisionAPI", "SemanticsAPI:Semantics"]) {
                uniform token axis = "Z"
                double radius = 0.209123
                double height = 4.742347
                color3f[] primvars:displayColor = [(0.30, 0.12, 0.04)]
                uniform token semantics:Semantics:semanticType = "class"
                uniform string semantics:Semantics:semanticData = "tree_trunk"
                double3 xformOp:translate = (-2.339161, -3.107457, 2.4789754999999998)
                uniform token[] xformOpOrder = ["xformOp:translate"]
            }
            def Sphere "Foliage" (prepend apiSchemas = ["SemanticsAPI:Semantics"]) {
                double radius = 1.327857
                color3f[] primvars:displayColor = [(0.12, 0.38, 0.07)]
                uniform token semantics:Semantics:semanticType = "class"
                uniform string semantics:Semantics:semanticData = "foliage"
                double3 xformOp:translate = (-2.339161, -3.107457, 4.600149)
                uniform token[] xformOpOrder = ["xformOp:translate"]
            }
        }
        def Xform "tree_015" {
            def Cylinder "Trunk" (prepend apiSchemas = ["PhysicsCollisionAPI", "SemanticsAPI:Semantics"]) {
                uniform token axis = "Z"
                double radius = 0.267393
                double height = 4.14015
                color3f[] primvars:displayColor = [(0.30, 0.12, 0.04)]
                uniform token semantics:Semantics:semanticType = "class"
                uniform string semantics:Semantics:semanticData = "tree_trunk"
                double3 xformOp:translate = (-8.616604, 4.982294, 2.001055)
                uniform token[] xformOpOrder = ["xformOp:translate"]
            }
            def Sphere "Foliage" (prepend apiSchemas = ["SemanticsAPI:Semantics"]) {
                double radius = 1.407651
                color3f[] primvars:displayColor = [(0.08, 0.31, 0.05)]
                uniform token semantics:Semantics:semanticType = "class"
                uniform string semantics:Semantics:semanticData = "foliage"
                double3 xformOp:translate = (-8.616604, 4.982294, 3.82113)
                uniform token[] xformOpOrder = ["xformOp:translate"]
            }
        }
        def Xform "tree_016" {
            def Cylinder "Trunk" (prepend apiSchemas = ["PhysicsCollisionAPI", "SemanticsAPI:Semantics"]) {
                uniform token axis = "Z"
                double radius = 0.248479
                double height = 4.097043
                color3f[] primvars:displayColor = [(0.30, 0.12, 0.04)]
                uniform token semantics:Semantics:semanticType = "class"
                uniform string semantics:Semantics:semanticData = "tree_trunk"
                double3 xformOp:translate = (-6.202756, 4.754976, 2.0530465)
                uniform token[] xformOpOrder = ["xformOp:translate"]
            }
            def Sphere "Foliage" (prepend apiSchemas = ["SemanticsAPI:Semantics"]) {
                double radius = 1.392995
                color3f[] primvars:displayColor = [(0.08, 0.31, 0.05)]
                uniform token semantics:Semantics:semanticType = "class"
                uniform string semantics:Semantics:semanticData = "foliage"
                double3 xformOp:translate = (-6.202756, 4.754976, 3.8515680000000003)
                uniform token[] xformOpOrder = ["xformOp:translate"]
            }
        }
        def Xform "tree_017" {
            def Cylinder "Trunk" (prepend apiSchemas = ["PhysicsCollisionAPI", "SemanticsAPI:Semantics"]) {
                uniform token axis = "Z"
                double radius = 0.216072
                double height = 3.433492
                color3f[] primvars:displayColor = [(0.30, 0.12, 0.04)]
                uniform token semantics:Semantics:semanticType = "class"
                uniform string semantics:Semantics:semanticData = "tree_trunk"
                double3 xformOp:translate = (10.200177, -4.89217, 1.8364690000000001)
                uniform token[] xformOpOrder = ["xformOp:translate"]
            }
            def Sphere "Foliage" (prepend apiSchemas = ["SemanticsAPI:Semantics"]) {
                double radius = 1.167387
                color3f[] primvars:displayColor = [(0.08, 0.31, 0.05)]
                uniform token semantics:Semantics:semanticType = "class"
                uniform string semantics:Semantics:semanticData = "foliage"
                double3 xformOp:translate = (10.200177, -4.89217, 3.3032150000000002)
                uniform token[] xformOpOrder = ["xformOp:translate"]
            }
        }
        def Xform "tree_018" {
            def Cylinder "Trunk" (prepend apiSchemas = ["PhysicsCollisionAPI", "SemanticsAPI:Semantics"]) {
                uniform token axis = "Z"
                double radius = 0.258625
                double height = 4.860759
                color3f[] primvars:displayColor = [(0.30, 0.12, 0.04)]
                uniform token semantics:Semantics:semanticType = "class"
                uniform string semantics:Semantics:semanticData = "tree_trunk"
                double3 xformOp:translate = (-1.634343, -5.062662, 2.5397765)
                uniform token[] xformOpOrder = ["xformOp:translate"]
            }
            def Sphere "Foliage" (prepend apiSchemas = ["SemanticsAPI:Semantics"]) {
                double radius = 1.361012
                color3f[] primvars:displayColor = [(0.12, 0.38, 0.07)]
                uniform token semantics:Semantics:semanticType = "class"
                uniform string semantics:Semantics:semanticData = "foliage"
                double3 xformOp:translate = (-1.634343, -5.062662, 4.720156)
                uniform token[] xformOpOrder = ["xformOp:translate"]
            }
        }
        def Xform "tree_019" {
            def Cylinder "Trunk" (prepend apiSchemas = ["PhysicsCollisionAPI", "SemanticsAPI:Semantics"]) {
                uniform token axis = "Z"
                double radius = 0.336225
                double height = 5.029803
                color3f[] primvars:displayColor = [(0.30, 0.12, 0.04)]
                uniform token semantics:Semantics:semanticType = "class"
                uniform string semantics:Semantics:semanticData = "tree_trunk"
                double3 xformOp:translate = (4.156867, -5.732472, 2.4096445)
                uniform token[] xformOpOrder = ["xformOp:translate"]
            }
            def Sphere "Foliage" (prepend apiSchemas = ["SemanticsAPI:Semantics"]) {
                double radius = 1.710133
                color3f[] primvars:displayColor = [(0.08, 0.31, 0.05)]
                uniform token semantics:Semantics:semanticType = "class"
                uniform string semantics:Semantics:semanticData = "foliage"
                double3 xformOp:translate = (4.156867, -5.732472, 4.674546)
                uniform token[] xformOpOrder = ["xformOp:translate"]
            }
        }
        def Xform "tree_020" {
            def Cylinder "Trunk" (prepend apiSchemas = ["PhysicsCollisionAPI", "SemanticsAPI:Semantics"]) {
                uniform token axis = "Z"
                double radius = 0.192676
                double height = 3.71217
                color3f[] primvars:displayColor = [(0.30, 0.12, 0.04)]
                uniform token semantics:Semantics:semanticType = "class"
                uniform string semantics:Semantics:semanticData = "tree_trunk"
                double3 xformOp:translate = (6.690224, 10.948802, 1.9238)
                uniform token[] xformOpOrder = ["xformOp:translate"]
            }
            def Sphere "Foliage" (prepend apiSchemas = ["SemanticsAPI:Semantics"]) {
                double radius = 1.262138
                color3f[] primvars:displayColor = [(0.08, 0.31, 0.05)]
                uniform token semantics:Semantics:semanticType = "class"
                uniform string semantics:Semantics:semanticData = "foliage"
                double3 xformOp:translate = (6.690224, 10.948802, 3.529885)
                uniform token[] xformOpOrder = ["xformOp:translate"]
            }
        }
        def Xform "tree_021" {
            def Cylinder "Trunk" (prepend apiSchemas = ["PhysicsCollisionAPI", "SemanticsAPI:Semantics"]) {
                uniform token axis = "Z"
                double radius = 0.261827
                double height = 3.846827
                color3f[] primvars:displayColor = [(0.30, 0.12, 0.04)]
                uniform token semantics:Semantics:semanticType = "class"
                uniform string semantics:Semantics:semanticData = "tree_trunk"
                double3 xformOp:translate = (-8.160671, -5.525004, 1.8004335)
                uniform token[] xformOpOrder = ["xformOp:translate"]
            }
            def Sphere "Foliage" (prepend apiSchemas = ["SemanticsAPI:Semantics"]) {
                double radius = 1.077112
                color3f[] primvars:displayColor = [(0.12, 0.38, 0.07)]
                uniform token semantics:Semantics:semanticType = "class"
                uniform string semantics:Semantics:semanticData = "foliage"
                double3 xformOp:translate = (-8.160671, -5.525004, 3.473847)
                uniform token[] xformOpOrder = ["xformOp:translate"]
            }
        }
        def Xform "tree_022" {
            def Cylinder "Trunk" (prepend apiSchemas = ["PhysicsCollisionAPI", "SemanticsAPI:Semantics"]) {
                uniform token axis = "Z"
                double radius = 0.211006
                double height = 3.995158
                color3f[] primvars:displayColor = [(0.30, 0.12, 0.04)]
                uniform token semantics:Semantics:semanticType = "class"
                uniform string semantics:Semantics:semanticData = "tree_trunk"
                double3 xformOp:translate = (3.88465, 4.314522, 1.915353)
                uniform token[] xformOpOrder = ["xformOp:translate"]
            }
            def Sphere "Foliage" (prepend apiSchemas = ["SemanticsAPI:Semantics"]) {
                double radius = 1.118644
                color3f[] primvars:displayColor = [(0.12, 0.38, 0.07)]
                uniform token semantics:Semantics:semanticType = "class"
                uniform string semantics:Semantics:semanticData = "foliage"
                double3 xformOp:translate = (3.88465, 4.314522, 3.662932)
                uniform token[] xformOpOrder = ["xformOp:translate"]
            }
        }
        def Xform "tree_023" {
            def Cylinder "Trunk" (prepend apiSchemas = ["PhysicsCollisionAPI", "SemanticsAPI:Semantics"]) {
                uniform token axis = "Z"
                double radius = 0.254079
                double height = 4.265127
                color3f[] primvars:displayColor = [(0.30, 0.12, 0.04)]
                uniform token semantics:Semantics:semanticType = "class"
                uniform string semantics:Semantics:semanticData = "tree_trunk"
                double3 xformOp:translate = (-0.821686, 8.839287, 2.1035885)
                uniform token[] xformOpOrder = ["xformOp:translate"]
            }
            def Sphere "Foliage" (prepend apiSchemas = ["SemanticsAPI:Semantics"]) {
                double radius = 1.450143
                color3f[] primvars:displayColor = [(0.08, 0.31, 0.05)]
                uniform token semantics:Semantics:semanticType = "class"
                uniform string semantics:Semantics:semanticData = "foliage"
                double3 xformOp:translate = (-0.821686, 8.839287, 3.9861519999999997)
                uniform token[] xformOpOrder = ["xformOp:translate"]
            }
        }
        def Xform "tree_024" {
            def Cylinder "Trunk" (prepend apiSchemas = ["PhysicsCollisionAPI", "SemanticsAPI:Semantics"]) {
                uniform token axis = "Z"
                double radius = 0.255298
                double height = 4.863139
                color3f[] primvars:displayColor = [(0.30, 0.12, 0.04)]
                uniform token semantics:Semantics:semanticType = "class"
                uniform string semantics:Semantics:semanticData = "tree_trunk"
                double3 xformOp:translate = (0.940915, 3.043725, 2.3904075000000002)
                uniform token[] xformOpOrder = ["xformOp:translate"]
            }
            def Sphere "Foliage" (prepend apiSchemas = ["SemanticsAPI:Semantics"]) {
                double radius = 1.653467
                color3f[] primvars:displayColor = [(0.08, 0.31, 0.05)]
                uniform token semantics:Semantics:semanticType = "class"
                uniform string semantics:Semantics:semanticData = "foliage"
                double3 xformOp:translate = (0.940915, 3.043725, 4.571977)
                uniform token[] xformOpOrder = ["xformOp:translate"]
            }
        }
        def Xform "tree_025" {
            def Cylinder "Trunk" (prepend apiSchemas = ["PhysicsCollisionAPI", "SemanticsAPI:Semantics"]) {
                uniform token axis = "Z"
                double radius = 0.363261
                double height = 3.817447
                color3f[] primvars:displayColor = [(0.30, 0.12, 0.04)]
                uniform token semantics:Semantics:semanticType = "class"
                uniform string semantics:Semantics:semanticData = "tree_trunk"
                double3 xformOp:translate = (-2.712209, 4.507416, 1.9729235)
                uniform token[] xformOpOrder = ["xformOp:translate"]
            }
            def Sphere "Foliage" (prepend apiSchemas = ["SemanticsAPI:Semantics"]) {
                double radius = 1.068885
                color3f[] primvars:displayColor = [(0.12, 0.38, 0.07)]
                uniform token semantics:Semantics:semanticType = "class"
                uniform string semantics:Semantics:semanticData = "foliage"
                double3 xformOp:translate = (-2.712209, 4.507416, 3.631647)
                uniform token[] xformOpOrder = ["xformOp:translate"]
            }
        }
        def Xform "tree_026" {
            def Cylinder "Trunk" (prepend apiSchemas = ["PhysicsCollisionAPI", "SemanticsAPI:Semantics"]) {
                uniform token axis = "Z"
                double radius = 0.254116
                double height = 4.235407
                color3f[] primvars:displayColor = [(0.30, 0.12, 0.04)]
                uniform token semantics:Semantics:semanticType = "class"
                uniform string semantics:Semantics:semanticData = "tree_trunk"
                double3 xformOp:translate = (3.438035, 0.644912, 2.0267135)
                uniform token[] xformOpOrder = ["xformOp:translate"]
            }
            def Sphere "Foliage" (prepend apiSchemas = ["SemanticsAPI:Semantics"]) {
                double radius = 1.440038
                color3f[] primvars:displayColor = [(0.08, 0.31, 0.05)]
                uniform token semantics:Semantics:semanticType = "class"
                uniform string semantics:Semantics:semanticData = "foliage"
                double3 xformOp:translate = (3.438035, 0.644912, 3.8944170000000007)
                uniform token[] xformOpOrder = ["xformOp:translate"]
            }
        }
        def Xform "tree_027" {
            def Cylinder "Trunk" (prepend apiSchemas = ["PhysicsCollisionAPI", "SemanticsAPI:Semantics"]) {
                uniform token axis = "Z"
                double radius = 0.298794
                double height = 4.879717
                color3f[] primvars:displayColor = [(0.30, 0.12, 0.04)]
                uniform token semantics:Semantics:semanticType = "class"
                uniform string semantics:Semantics:semanticData = "tree_trunk"
                double3 xformOp:translate = (-5.859365, -7.035197, 2.3074525)
                uniform token[] xformOpOrder = ["xformOp:translate"]
            }
            def Sphere "Foliage" (prepend apiSchemas = ["SemanticsAPI:Semantics"]) {
                double radius = 1.366321
                color3f[] primvars:displayColor = [(0.12, 0.38, 0.07)]
                uniform token semantics:Semantics:semanticType = "class"
                uniform string semantics:Semantics:semanticData = "foliage"
                double3 xformOp:translate = (-5.859365, -7.035197, 4.497311000000001)
                uniform token[] xformOpOrder = ["xformOp:translate"]
            }
        }
        def Xform "tree_028" {
            def Cylinder "Trunk" (prepend apiSchemas = ["PhysicsCollisionAPI", "SemanticsAPI:Semantics"]) {
                uniform token axis = "Z"
                double radius = 0.208744
                double height = 3.647193
                color3f[] primvars:displayColor = [(0.30, 0.12, 0.04)]
                uniform token semantics:Semantics:semanticType = "class"
                uniform string semantics:Semantics:semanticData = "tree_trunk"
                double3 xformOp:translate = (3.04695, 10.600555, 1.8255635000000001)
                uniform token[] xformOpOrder = ["xformOp:translate"]
            }
            def Sphere "Foliage" (prepend apiSchemas = ["SemanticsAPI:Semantics"]) {
                double radius = 1.021214
                color3f[] primvars:displayColor = [(0.12, 0.38, 0.07)]
                uniform token semantics:Semantics:semanticType = "class"
                uniform string semantics:Semantics:semanticData = "foliage"
                double3 xformOp:translate = (3.04695, 10.600555, 3.39916)
                uniform token[] xformOpOrder = ["xformOp:translate"]
            }
        }
        def Xform "tree_029" {
            def Cylinder "Trunk" (prepend apiSchemas = ["PhysicsCollisionAPI", "SemanticsAPI:Semantics"]) {
                uniform token axis = "Z"
                double radius = 0.184867
                double height = 4.191773
                color3f[] primvars:displayColor = [(0.30, 0.12, 0.04)]
                uniform token semantics:Semantics:semanticType = "class"
                uniform string semantics:Semantics:semanticData = "tree_trunk"
                double3 xformOp:translate = (-10.072536, -1.515162, 2.0439615)
                uniform token[] xformOpOrder = ["xformOp:translate"]
            }
            def Sphere "Foliage" (prepend apiSchemas = ["SemanticsAPI:Semantics"]) {
                double radius = 1.425203
                color3f[] primvars:displayColor = [(0.08, 0.31, 0.05)]
                uniform token semantics:Semantics:semanticType = "class"
                uniform string semantics:Semantics:semanticData = "foliage"
                double3 xformOp:translate = (-10.072536, -1.515162, 3.8898480000000006)
                uniform token[] xformOpOrder = ["xformOp:translate"]
            }
        }
        def Xform "tree_030" {
            def Cylinder "Trunk" (prepend apiSchemas = ["PhysicsCollisionAPI", "SemanticsAPI:Semantics"]) {
                uniform token axis = "Z"
                double radius = 0.220277
                double height = 5.085232
                color3f[] primvars:displayColor = [(0.30, 0.12, 0.04)]
                uniform token semantics:Semantics:semanticType = "class"
                uniform string semantics:Semantics:semanticData = "tree_trunk"
                double3 xformOp:translate = (-10.19153, 6.016765, 2.46679)
                uniform token[] xformOpOrder = ["xformOp:translate"]
            }
            def Sphere "Foliage" (prepend apiSchemas = ["SemanticsAPI:Semantics"]) {
                double radius = 1.423865
                color3f[] primvars:displayColor = [(0.12, 0.38, 0.07)]
                uniform token semantics:Semantics:semanticType = "class"
                uniform string semantics:Semantics:semanticData = "foliage"
                double3 xformOp:translate = (-10.19153, 6.016765, 4.759406)
                uniform token[] xformOpOrder = ["xformOp:translate"]
            }
        }
        def Xform "tree_031" {
            def Cylinder "Trunk" (prepend apiSchemas = ["PhysicsCollisionAPI", "SemanticsAPI:Semantics"]) {
                uniform token axis = "Z"
                double radius = 0.28953
                double height = 3.362815
                color3f[] primvars:displayColor = [(0.30, 0.12, 0.04)]
                uniform token semantics:Semantics:semanticType = "class"
                uniform string semantics:Semantics:semanticData = "tree_trunk"
                double3 xformOp:translate = (6.241381, 0.562224, 1.6450624999999999)
                uniform token[] xformOpOrder = ["xformOp:translate"]
            }
            def Sphere "Foliage" (prepend apiSchemas = ["SemanticsAPI:Semantics"]) {
                double radius = 0.941588
                color3f[] primvars:displayColor = [(0.12, 0.38, 0.07)]
                uniform token semantics:Semantics:semanticType = "class"
                uniform string semantics:Semantics:semanticData = "foliage"
                double3 xformOp:translate = (6.241381, 0.562224, 3.07647)
                uniform token[] xformOpOrder = ["xformOp:translate"]
            }
        }
        def Xform "tree_032" {
            def Cylinder "Trunk" (prepend apiSchemas = ["PhysicsCollisionAPI", "SemanticsAPI:Semantics"]) {
                uniform token axis = "Z"
                double radius = 0.235836
                double height = 5.031819
                color3f[] primvars:displayColor = [(0.30, 0.12, 0.04)]
                uniform token semantics:Semantics:semanticType = "class"
                uniform string semantics:Semantics:semanticData = "tree_trunk"
                double3 xformOp:translate = (-7.760643, -8.564399, 2.4101654999999997)
                uniform token[] xformOpOrder = ["xformOp:translate"]
            }
            def Sphere "Foliage" (prepend apiSchemas = ["SemanticsAPI:Semantics"]) {
                double radius = 1.710819
                color3f[] primvars:displayColor = [(0.08, 0.31, 0.05)]
                uniform token semantics:Semantics:semanticType = "class"
                uniform string semantics:Semantics:semanticData = "foliage"
                double3 xformOp:translate = (-7.760643, -8.564399, 4.676075)
                uniform token[] xformOpOrder = ["xformOp:translate"]
            }
        }
        def Xform "tree_033" {
            def Cylinder "Trunk" (prepend apiSchemas = ["PhysicsCollisionAPI", "SemanticsAPI:Semantics"]) {
                uniform token axis = "Z"
                double radius = 0.16469
                double height = 3.258097
                color3f[] primvars:displayColor = [(0.30, 0.12, 0.04)]
                uniform token semantics:Semantics:semanticType = "class"
                uniform string semantics:Semantics:semanticData = "tree_trunk"
                double3 xformOp:translate = (-6.168479, 6.920079, 1.6452134999999999)
                uniform token[] xformOpOrder = ["xformOp:translate"]
            }
            def Sphere "Foliage" (prepend apiSchemas = ["SemanticsAPI:Semantics"]) {
                double radius = 1.107753
                color3f[] primvars:displayColor = [(0.08, 0.31, 0.05)]
                uniform token semantics:Semantics:semanticType = "class"
                uniform string semantics:Semantics:semanticData = "foliage"
                double3 xformOp:translate = (-6.168479, 6.920079, 3.024262)
                uniform token[] xformOpOrder = ["xformOp:translate"]
            }
        }
        def Xform "tree_034" {
            def Cylinder "Trunk" (prepend apiSchemas = ["PhysicsCollisionAPI", "SemanticsAPI:Semantics"]) {
                uniform token axis = "Z"
                double radius = 0.333068
                double height = 5.044371
                color3f[] primvars:displayColor = [(0.30, 0.12, 0.04)]
                uniform token semantics:Semantics:semanticType = "class"
                uniform string semantics:Semantics:semanticData = "tree_trunk"
                double3 xformOp:translate = (-3.173191, 3.237834, 2.6060665)
                uniform token[] xformOpOrder = ["xformOp:translate"]
            }
            def Sphere "Foliage" (prepend apiSchemas = ["SemanticsAPI:Semantics"]) {
                double radius = 1.715086
                color3f[] primvars:displayColor = [(0.08, 0.31, 0.05)]
                uniform token semantics:Semantics:semanticType = "class"
                uniform string semantics:Semantics:semanticData = "foliage"
                double3 xformOp:translate = (-3.173191, 3.237834, 4.878252)
                uniform token[] xformOpOrder = ["xformOp:translate"]
            }
        }
        def Xform "tree_035" {
            def Cylinder "Trunk" (prepend apiSchemas = ["PhysicsCollisionAPI", "SemanticsAPI:Semantics"]) {
                uniform token axis = "Z"
                double radius = 0.167705
                double height = 3.610068
                color3f[] primvars:displayColor = [(0.30, 0.12, 0.04)]
                uniform token semantics:Semantics:semanticType = "class"
                uniform string semantics:Semantics:semanticData = "tree_trunk"
                double3 xformOp:translate = (-0.525582, -2.746116, 1.916005)
                uniform token[] xformOpOrder = ["xformOp:translate"]
            }
            def Sphere "Foliage" (prepend apiSchemas = ["SemanticsAPI:Semantics"]) {
                double radius = 1.010819
                color3f[] primvars:displayColor = [(0.12, 0.38, 0.07)]
                uniform token semantics:Semantics:semanticType = "class"
                uniform string semantics:Semantics:semanticData = "foliage"
                double3 xformOp:translate = (-0.525582, -2.746116, 3.471039)
                uniform token[] xformOpOrder = ["xformOp:translate"]
            }
        }
        def Xform "tree_036" {
            def Cylinder "Trunk" (prepend apiSchemas = ["PhysicsCollisionAPI", "SemanticsAPI:Semantics"]) {
                uniform token axis = "Z"
                double radius = 0.334991
                double height = 4.298705
                color3f[] primvars:displayColor = [(0.30, 0.12, 0.04)]
                uniform token semantics:Semantics:semanticType = "class"
                uniform string semantics:Semantics:semanticData = "tree_trunk"
                double3 xformOp:translate = (-1.264672, 7.301887, 2.1400085)
                uniform token[] xformOpOrder = ["xformOp:translate"]
            }
            def Sphere "Foliage" (prepend apiSchemas = ["SemanticsAPI:Semantics"]) {
                double radius = 1.46156
                color3f[] primvars:displayColor = [(0.08, 0.31, 0.05)]
                uniform token semantics:Semantics:semanticType = "class"
                uniform string semantics:Semantics:semanticData = "foliage"
                double3 xformOp:translate = (-1.264672, 7.301887, 4.039361)
                uniform token[] xformOpOrder = ["xformOp:translate"]
            }
        }
        def Xform "tree_037" {
            def Cylinder "Trunk" (prepend apiSchemas = ["PhysicsCollisionAPI", "SemanticsAPI:Semantics"]) {
                uniform token axis = "Z"
                double radius = 0.177093
                double height = 4.160797
                color3f[] primvars:displayColor = [(0.30, 0.12, 0.04)]
                uniform token semantics:Semantics:semanticType = "class"
                uniform string semantics:Semantics:semanticData = "tree_trunk"
                double3 xformOp:translate = (7.840148, 4.49275, 2.1324615)
                uniform token[] xformOpOrder = ["xformOp:translate"]
            }
            def Sphere "Foliage" (prepend apiSchemas = ["SemanticsAPI:Semantics"]) {
                double radius = 1.414671
                color3f[] primvars:displayColor = [(0.08, 0.31, 0.05)]
                uniform token semantics:Semantics:semanticType = "class"
                uniform string semantics:Semantics:semanticData = "foliage"
                double3 xformOp:translate = (7.840148, 4.49275, 3.96286)
                uniform token[] xformOpOrder = ["xformOp:translate"]
            }
        }
        def Xform "tree_038" {
            def Cylinder "Trunk" (prepend apiSchemas = ["PhysicsCollisionAPI", "SemanticsAPI:Semantics"]) {
                uniform token axis = "Z"
                double radius = 0.215355
                double height = 4.107006
                color3f[] primvars:displayColor = [(0.30, 0.12, 0.04)]
                uniform token semantics:Semantics:semanticType = "class"
                uniform string semantics:Semantics:semanticData = "tree_trunk"
                double3 xformOp:translate = (-5.118352, 1.098775, 2.0849830000000003)
                uniform token[] xformOpOrder = ["xformOp:translate"]
            }
            def Sphere "Foliage" (prepend apiSchemas = ["SemanticsAPI:Semantics"]) {
                double radius = 1.396382
                color3f[] primvars:displayColor = [(0.08, 0.31, 0.05)]
                uniform token semantics:Semantics:semanticType = "class"
                uniform string semantics:Semantics:semanticData = "foliage"
                double3 xformOp:translate = (-5.118352, 1.098775, 3.8884860000000003)
                uniform token[] xformOpOrder = ["xformOp:translate"]
            }
        }
        def Xform "tree_039" {
            def Cylinder "Trunk" (prepend apiSchemas = ["PhysicsCollisionAPI", "SemanticsAPI:Semantics"]) {
                uniform token axis = "Z"
                double radius = 0.26404
                double height = 5.030616
                color3f[] primvars:displayColor = [(0.30, 0.12, 0.04)]
                uniform token semantics:Semantics:semanticType = "class"
                uniform string semantics:Semantics:semanticData = "tree_trunk"
                double3 xformOp:translate = (6.271697, -7.139125, 2.388718)
                uniform token[] xformOpOrder = ["xformOp:translate"]
            }
            def Sphere "Foliage" (prepend apiSchemas = ["SemanticsAPI:Semantics"]) {
                double radius = 1.710409
                color3f[] primvars:displayColor = [(0.08, 0.31, 0.05)]
                uniform token semantics:Semantics:semanticType = "class"
                uniform string semantics:Semantics:semanticData = "foliage"
                double3 xformOp:translate = (6.271697, -7.139125, 4.654026)
                uniform token[] xformOpOrder = ["xformOp:translate"]
            }
        }
        def Xform "tree_040" {
            def Cylinder "Trunk" (prepend apiSchemas = ["PhysicsCollisionAPI", "SemanticsAPI:Semantics"]) {
                uniform token axis = "Z"
                double radius = 0.283935
                double height = 3.863215
                color3f[] primvars:displayColor = [(0.30, 0.12, 0.04)]
                uniform token semantics:Semantics:semanticType = "class"
                uniform string semantics:Semantics:semanticData = "tree_trunk"
                double3 xformOp:translate = (-3.531789, -1.599176, 2.0100965)
                uniform token[] xformOpOrder = ["xformOp:translate"]
            }
            def Sphere "Foliage" (prepend apiSchemas = ["SemanticsAPI:Semantics"]) {
                double radius = 1.313493
                color3f[] primvars:displayColor = [(0.08, 0.31, 0.05)]
                uniform token semantics:Semantics:semanticType = "class"
                uniform string semantics:Semantics:semanticData = "foliage"
                double3 xformOp:translate = (-3.531789, -1.599176, 3.6917039999999997)
                uniform token[] xformOpOrder = ["xformOp:translate"]
            }
        }
        def Xform "tree_041" {
            def Cylinder "Trunk" (prepend apiSchemas = ["PhysicsCollisionAPI", "SemanticsAPI:Semantics"]) {
                uniform token axis = "Z"
                double radius = 0.270757
                double height = 4.33733
                color3f[] primvars:displayColor = [(0.30, 0.12, 0.04)]
                uniform token semantics:Semantics:semanticType = "class"
                uniform string semantics:Semantics:semanticData = "tree_trunk"
                double3 xformOp:translate = (3.154122, -9.165409, 2.135078)
                uniform token[] xformOpOrder = ["xformOp:translate"]
            }
            def Sphere "Foliage" (prepend apiSchemas = ["SemanticsAPI:Semantics"]) {
                double radius = 1.214452
                color3f[] primvars:displayColor = [(0.12, 0.38, 0.07)]
                uniform token semantics:Semantics:semanticType = "class"
                uniform string semantics:Semantics:semanticData = "foliage"
                double3 xformOp:translate = (3.154122, -9.165409, 4.053743)
                uniform token[] xformOpOrder = ["xformOp:translate"]
            }
        }
    }
}
